{
  "лозову|харківська": [
    48.8892,
    36.3132
  ],
  "чернігів": [
    51.4982,
    31.2893
  ],
  "близнюки": [
    48.8531,
    36.5519
  ],
  "орілька": [
    48.9756,
    36.016
  ],
  "скороходового|полтавська": [
    50.861,
    33.1272
  ],
  "кринички": [
    48.1647,
    38.0465
  ],
  "шахтарське": [
    47.8598,
    37.01
  ],
  "машівка": [
    49.4445,
    34.8788
  ],
  "харківщину": [
    50.8047,
    34.7057
  ],
  "кам": [
    49.6612079,
    26.9564936
  ],
  "запоріжжя": [
    47.8388,
    35.1396
  ],
  "барвінкове": [
    48.9064,
    37.0128
  ],
  "андріївка": [
    48.1146,
    38.7172
  ],
  "пролісне": [
    49.7155,
    36.9323
  ],
  "старого|харківська": [
    50.1484,
    31.0801
  ],
  "бірки": [
    51.8096,
    25.1945
  ],
  "балаклія": [
    49.4571,
    36.8536
  ],
  "харків|харківська": [
    49.9923181,
    36.2310146
  ],
  "богодухів|харківська": [
    50.1601711,
    35.5220539
  ],
  "запоріжжя|запорізька": [
    47.8507859,
    35.1182867
  ],
  "кропивницький|кіровоградська": [
    48.5105805,
    32.2656283
  ],
  "шостка|сумська": [
    51.864355,
    33.4728542
  ],
  "сінне|харківська": [
    50.212318,
    35.638962
  ],
  "нескучне|харківська": [
    50.206829,
    36.571079
  ],
  "мена|чернігівська": [
    51.52279,
    32.21638
  ],
  "сновськ|чернігівська": [
    51.8187527,
    31.9448953
  ],
  "тернова|харківська": [
    50.184914,
    36.675739
  ],
  "білий колодязь|харківська": [
    50.204914,
    37.1144832
  ],
  "золочів|харківська": [
    50.2790531,
    35.9824347
  ],
  "херсон|херсонська": [
    46.6401295,
    32.6143922
  ],
  "суми|сумська": [
    50.9119775,
    34.8027723
  ],
  "чернігів|чернігівська": [
    51.494099,
    31.294332
  ],
  "дніпро|дніпропетровська": [
    48.4680221,
    35.0417711
  ],
  "київ": [
    50.4500336,
    30.5241361
  ],
  "львів|львівська": [
    49.841952,
    24.0315921
  ],
  "одеса|одеська": [
    46.4843023,
    30.7322878
  ],
  "миколаїв|миколаївська": [
    46.9758615,
    31.9939666
  ],
  "полтава|полтавська": [
    49.5897423,
    34.5507948
  ]
}