{
  "київ|": {
    "coords": [
      50.4500336,
      30.5241361
    ],
    "ts": 1769295827.536161
  },
  "харків|харківська область": {
    "coords": [
      49.9923181,
      36.2310146
    ],
    "ts": 1769295828.5286112
  },
  "борова|харківська область": {
    "coords": [
      49.3838133,
      37.6330137
    ],
    "ts": 1769295829.51023
  },
  "миколаївка|донецька область": {
    "coords": [
      48.8610868,
      37.7619191
    ],
    "ts": 1769295830.519148
  },
  "запоріжжя|": {
    "coords": [
      47.8507859,
      35.1182867
    ],
    "ts": 1769295831.56253
  },
  "запорожье|": {
    "coords": [
      47.8507859,
      35.1182867
    ],
    "ts": 1769295901.296663
  },
  "zaporizhzhia|": {
    "coords": [
      47.8507859,
      35.1182867
    ],
    "ts": 1769295902.317622
  },
  "херсон|": {
    "coords": [
      46.6401295,
      32.6143922
    ],
    "ts": 1769296180.43259
  },
  "богодухів|харківська": {
    "coords": [
      50.1601711,
      35.5220539
    ],
    "ts": 1769297338.8244019
  },
  "полтава|полтавська": {
    "coords": [
      49.5897423,
      34.5507948
    ],
    "ts": 1769297339.8422332
  },
  "золочів|харківська": {
    "coords": [
      50.2790531,
      35.9824347
    ],
    "ts": 1769297340.814015
  },
  "корюківка|чернігівська": {
    "coords": [
      51.7744549,
      32.2512927
    ],
    "ts": 1769297341.809528
  },
  "березна|чернігівська": {
    "coords": [
      51.5778917,
      31.7902811
    ],
    "ts": 1769297343.005306
  },
  "мена|чернігівська": {
    "coords": [
      51.52279,
      32.21638
    ],
    "ts": 1769297344.143404
  },
  "нікополь|дніпропетровська": {
    "coords": [
      47.5692061,
      34.3917272
    ],
    "ts": 1769297344.9811368
  },
  "холми|чернігівська": {
    "coords": [
      51.872562,
      32.595619
    ],
    "ts": 1769297589.800243
  },
  "одноробівка|харківська": {
    "coords": [
      50.36396,
      35.906422
    ],
    "ts": 1769297590.853041
  },
  "лютівка|харківська": {
    "coords": [
      50.313259,
      35.81234
    ],
    "ts": 1769297591.801891
  },
  "слобожанське|харківська": {
    "coords": [
      49.5989864,
      36.5242153
    ],
    "ts": 1769297592.8505511
  },
  "чкаловське|харківська": {
    "coords": [
      49.7155296,
      36.9322501
    ],
    "ts": 1769297596.040703
  },
  "великий бурлук|харківська": {
    "coords": [
      50.0597043,
      37.3855052
    ],
    "ts": 1769297597.0415292
  },
  "васильківка|дніпропетровська": {
    "coords": [
      48.2060218,
      36.0412144
    ],
    "ts": 1769297598.015323
  },
  "гнилиця перша|харківська": {
    "coords": [
      50.033798,
      37.207951
    ],
    "ts": 1769297599.074409
  },
  "червона хвиля|харківська": {
    "coords": [
      49.973156,
      37.3273546
    ],
    "ts": 1769297600.03632
  },
  "златопіль|харківська": {
    "coords": [
      49.3754529,
      36.2143454
    ],
    "ts": 1769297601.049275
  }
}