{
  "київ|": {
    "coords": [
      50.4500336,
      30.5241361
    ],
    "ts": 1769295827.536161
  },
  "харків|харківська область": {
    "coords": [
      49.9923181,
      36.2310146
    ],
    "ts": 1769295828.5286112
  },
  "борова|харківська область": {
    "coords": [
      49.3838133,
      37.6330137
    ],
    "ts": 1769295829.51023
  },
  "миколаївка|донецька область": {
    "coords": [
      48.8610868,
      37.7619191
    ],
    "ts": 1769295830.519148
  },
  "запоріжжя|": {
    "coords": [
      47.8507859,
      35.1182867
    ],
    "ts": 1769295831.56253
  },
  "запорожье|": {
    "coords": [
      47.8507859,
      35.1182867
    ],
    "ts": 1769295901.296663
  },
  "zaporizhzhia|": {
    "coords": [
      47.8507859,
      35.1182867
    ],
    "ts": 1769295902.317622
  },
  "херсон|": {
    "coords": [
      46.6401295,
      32.6143922
    ],
    "ts": 1769296180.43259
  }
}