{
  "Радушне_Дніпропетровська": [
    47.8226364,
    33.5014543
  ],
  "Нововоронцовка_Херсонська": [
    47.4814977,
    33.8469859
  ],
  "радушне_Дніпропетровська": [
    47.8226364,
    33.5014543
  ],
  "нововоронцовка_Херсонська": [
    47.4814977,
    33.8469859
  ],
  "вільшани_Харківська": [
    50.0513573,
    35.8839188
  ]
}