{
  "Радушне_Дніпропетровська": [
    47.8226364,
    33.5014543
  ],
  "Нововоронцовка_Херсонська": [
    47.4814977,
    33.8469859
  ],
  "радушне_Дніпропетровська": [
    47.8226364,
    33.5014543
  ],
  "нововоронцовка_Херсонська": [
    47.4814977,
    33.8469859
  ],
  "вільшани_Харківська": [
    50.0513573,
    35.8839188
  ],
  "соснівка_Дніпропетровська область": [
    47.93232,
    36.499668
  ],
  "бровари_Київська область": [
    50.5111168,
    30.7900482
  ],
  "захід_": [
    48.6324216,
    24.5672843
  ]
}