{
  "normal_user": 1758750302.6717591,
  "test_user_real": 1758750597.769077,
  "52306c8d-5636-488a-b887-121a5cc8d50e": 1759170103.481643
}