{
  "85cc08c7-22c3-4eaa-9629-286c55de624e": 1756843568.8720746,
  "6a9725e3-c619-491c-a2fb-0423727eabcc": 1756843714.7592745
}