{
  "f96ab906-84b4-4487-88e9-6de8a2b38cb4": 1760719546.199745,
  "2007b8aa-0c3c-4c3f-8170-de04eb2c6bf2": 1760719547.800545,
  "web_5seob42rgov": 1768876981.817436
}