{
  "normal_user": 1758750302.6717591,
  "test_user_real": 1758750597.769077
}