{
  "normal_user": 1758750302.6717591,
  "test_user_real": 1758750597.769077,
  "52306c8d-5636-488a-b887-121a5cc8d50e": 1759170103.481643,
  "3b327207-b5d9-4eef-ac03-4721ace0a9e1": 1759616461.72715,
  "f3db83ba-fca5-469b-922f-8cf6f4e8b63c": 1759955660.0411708
}