{"type": "FeatureCollection", "features": [{"type": "Feature", "properties": {"regionId": "107"}, "geometry": {"type": "Polygon", "coordinates": [[[32.9378, 49.1026], [22.0413, 52.3624], [22.1532, 52.4245], [22.1245, 52.3708], [22.0051, 52.3814], [22.0417, 52.3905], [22.0505, 52.3699], [22.0715, 52.412], [22.0988, 52.3793], [22.126, 52.3421], [21.9897, 52.3928], [22.0005, 52.3787], [22.0, 52.369], [22.0136, 52.3956], [22.0314, 52.4049], [22.0399, 52.3917], [21.9787, 52.3866], [22.0286, 52.3786], [22.027, 52.3954], [22.0072, 52.4042], [22.0175, 52.3911], [22.0221, 52.3968], [22.0147, 52.4308], [21.9731, 52.5302], [22.0263, 52.4542], [22.0736, 52.3641], [21.9806, 52.3643], [21.9979, 52.3565], [22.0136, 52.3897], [22.0474, 52.3752], [22.0505, 52.3593], [22.0026, 52.3874], [22.0187, 52.3675], [21.9772, 52.3602], [22.0108, 52.3786], [22.025, 52.3544], [22.0228, 52.3375], [22.03, 52.4126], [22.0487, 52.3909], [22.0818, 52.3787], [21.988, 52.4389], [22.009, 52.4143], [22.0285, 52.4208], [22.0545, 52.4354], [22.0373, 52.3651], [22.0569, 52.3676], [22.0194, 52.4275], [22.0541, 52.4106], [22.069, 52.3977], [22.012, 52.3974], [22.0606, 52.409], [22.0463, 52.4292], [22.0552, 52.4452], [22.0426, 52.4429], [22.1053, 52.4023], [22.0371, 52.3936], [22.0717, 52.4014], [22.1117, 52.3935], [22.0407, 52.3823], [22.0803, 52.3628], [22.116, 52.3426], [22.0166, 52.4213], [22.1029, 52.4452], [22.0669, 52.4657], [21.9573, 52.414], [21.9342, 52.447], [21.884, 52.4421], [21.9804, 52.4501], [22.1646, 52.4096], [22.0918, 52.4625], [21.9925, 52.4534], [22.0649, 52.4102], [22.0783, 52.4329], [21.9952, 52.4196], [22.0052, 52.4324], [22.037, 52.4287], [22.0083, 52.4403], [22.0264, 52.47], [21.9552, 52.4717], [21.9976, 52.4214], [21.9936, 52.4314], [21.9865, 52.4542], [21.9535, 52.413], [21.9906, 52.4261], [21.9986, 52.444], [21.9843, 52.4061], [21.9837, 52.4338], [21.9616, 52.4301], [21.9939, 52.4106], [21.9982, 52.4683], [21.9765, 52.4537], [21.9732, 52.4029], [21.8838, 52.4077], [21.9217, 52.4268], [21.9927, 52.408], [21.973, 52.4046], [21.9794, 52.4213], [21.9772, 52.4022], [21.9437, 52.3837], [21.9324, 52.4005], [22.0029, 52.4096], [21.9961, 52.4063], [21.9886, 52.4143], [22.0035, 52.4074], [22.008, 52.4088], [22.0007, 52.4171], [22.0106, 52.4089], [22.0303, 52.4086], [22.0157, 52.4282], [21.9934, 52.4044], [21.9799, 52.3979], [21.9751, 52.4009], [21.9907, 52.3902], [21.9834, 52.4242], [21.9651, 52.4171], [21.9861, 52.4143], [21.9551, 52.4053], [21.9431, 52.425], [21.9746, 52.4053], [21.9484, 52.4022], [21.9445, 52.4204], [21.9976, 52.4488], [21.9267, 52.4518], [21.8783, 52.4639], [21.9736, 52.4141], [21.9543, 52.4138], [21.9246, 52.4259], [22.0196, 52.4196], [21.9648, 52.4128], [21.9523, 52.4259], [21.9801, 52.4076], [21.936, 52.3988], [21.9182, 52.3894], [21.9831, 52.4147], [21.9841, 52.3939], [21.9708, 52.4018], [21.981, 52.3945], [21.9804, 52.4173], [21.973, 52.4208], [21.9843, 52.3931], [21.931, 52.4113], [21.9317, 52.3931], [21.9847, 52.3738], [21.9337, 52.4212], [21.9644, 52.437], [21.9553, 52.4091], [21.8958, 52.4141], [21.8869, 52.4491], [21.9778, 52.4222], [21.9528, 52.4058], [21.9267, 52.4111], [22.0175, 52.4168], [21.9671, 52.4149], [21.9523, 52.4227], [21.996, 52.4152], [21.956, 52.4308], [21.9594, 52.4111], [21.9853, 52.4171], [21.9997, 52.4311], [21.9715, 52.4176], [22.0147, 52.3963], [21.9946, 52.3982], [22.0, 52.388], [21.9937, 52.3963], [21.9798, 52.3947], [21.9658, 52.3949], [21.9993, 52.3615], [22.0251, 52.3785], [21.9552, 52.3602], [21.986, 52.3844], [21.9441, 52.4084], [21.9509, 52.3782], [22.0202, 52.3983], [21.9695, 52.357], [21.9836, 52.3588], [21.989, 52.3912], [21.9875, 52.3822], [21.9836, 52.3736], [22.027, 52.3993], [22.007, 52.393], [22.0142, 52.381], [21.9968, 52.3429], [22.0462, 52.3642], [22.0427, 52.3297], [22.0051, 52.4015], [22.0089, 52.3703], [22.0021, 52.3801], [21.9943, 52.3966], [22.0063, 52.3829], [21.9964, 52.3736], [21.9726, 52.3726], [21.9131, 52.3847], [21.9196, 52.3454], [22.0151, 52.3644], [21.9836, 52.3813], [21.9865, 52.3644], [22.0061, 52.3897], [22.0267, 52.3964], [22.0271, 52.3852], [21.9969, 52.3878], [21.9983, 52.356], [22.0285, 52.3657], [22.0893, 52.3583], [21.9406, 52.3596], [21.899, 52.388], [21.9685, 52.415], [21.9225, 52.3969], [21.9153, 52.4268], [21.9745, 52.4251], [21.9517, 52.3527], [21.9359, 52.3412], [22.0055, 52.3969], [22.0257, 52.4027], [22.0135, 52.3954], [21.9788, 52.3753], [22.07, 52.367], [22.0882, 52.3486], [22.0445, 52.3968], [22.0368, 52.3574], [22.0598, 52.3731], [22.018, 52.4071], [22.0219, 52.388], [22.0377, 52.3884], [22.0304, 52.4138], [22.0879, 52.4119], [22.0996, 52.388], [32.8681, 49.0876], [32.9035, 49.1183], [32.9378, 49.1026]]]}}, {"type": "Feature", "properties": {"regionId": "74"}, "geometry": {"type": "Polygon", "coordinates": [[[30.8394, 51.4317], [21.9968, 52.4], [21.9985, 52.3961], [22.0021, 52.3972], [30.8411, 51.4295], [30.8416, 51.4324], [30.8394, 51.4317], [30.8181, 51.4336], [22.006, 52.4011], [21.9919, 52.4037], [21.9943, 52.4009], [30.8124, 51.4345], [30.8181, 51.4336], [30.8181, 51.4336], [30.8394, 51.4317]]]}}, {"type": "Feature", "properties": {"regionId": "94"}, "geometry": {"type": "Polygon", "coordinates": [[[24.8696, 49.4618], [22.0158, 52.3968], [22.0218, 52.399], [22.0256, 52.4083], [22.0139, 52.3994], [22.0229, 52.385], [22.0377, 52.3898], [21.9814, 52.4113], [22.002, 52.4205], [22.0142, 52.4116], [22.0355, 52.3932], [22.0037, 52.4069], [22.0178, 52.4051], [22.0406, 52.394], [21.9948, 52.4397], [22.0427, 52.4208], [22.0179, 52.4275], [22.0053, 52.4736], [22.0448, 52.5004], [22.0175, 52.3987], [22.0312, 52.3718], [22.0463, 52.3782], [22.002, 52.4159], [22.0627, 52.4216], [22.0306, 52.4431], [21.9731, 52.4067], [21.9597, 52.4181], [21.9858, 52.4259], [22.001, 52.4103], [21.9804, 52.4459], [22.0007, 52.4449], [22.012, 52.3913], [22.0397, 52.3872], [22.0541, 52.3907], [21.9969, 52.4078], [22.0092, 52.4206], [22.0228, 52.4153], [22.0184, 52.4172], [22.0761, 52.3714], [22.0797, 52.4023], [22.0209, 52.4066], [22.0194, 52.3901], [22.0434, 52.394], [22.0054, 52.4107], [22.0077, 52.4151], [22.01, 52.425], [22.0103, 52.3963], [22.039, 52.4032], [22.0334, 52.4088], [22.0234, 52.4017], [22.0422, 52.4001], [22.0455, 52.4148], [22.0233, 52.4144], [21.9857, 52.4473], [22.0171, 52.4583], [22.0217, 52.4025], [22.0532, 52.4059], [22.0107, 52.4134], [21.9924, 52.4122], [22.0185, 52.4299], [21.9936, 52.4403], [21.9001, 52.4208], [21.8572, 52.4951], [21.7972, 52.5472], [22.0235, 52.4636], [22.0177, 52.4393], [21.9694, 52.4819], [22.0069, 52.4268], [22.0803, 52.459], [22.0086, 52.4801], [21.9588, 52.3963], [21.9267, 52.392], [21.8897, 52.4088], [21.9928, 52.4083], [21.969, 52.3812], [21.968, 52.3773], [22.0241, 52.3871], [22.0026, 52.365], [21.9879, 52.3454], [21.9804, 52.3823], [21.9684, 52.3695], [21.9345, 52.369], [21.9707, 52.397], [21.9508, 52.3814], [21.9217, 52.3926], [21.968, 52.3707], [21.963, 52.42], [21.9516, 52.3764], [22.0339, 52.3949], [22.0617, 52.4001], [22.0434, 52.3718], [21.9919, 52.394], [22.0077, 52.368], [21.9851, 52.3778], [22.001, 52.3947], [22.0191, 52.3905], [21.9979, 52.3857], [21.982, 52.4156], [21.9323, 52.405], [21.9367, 52.4273], [21.9874, 52.3845], [21.929, 52.4015], [21.9587, 52.4079], [22.0029, 52.4171], [21.948, 52.3969], [21.9281, 52.4107], [21.9859, 52.4072], [21.9856, 52.3941], [21.9843, 52.3875], [21.9791, 52.4033], [21.9628, 52.406], [21.9623, 52.388], [21.9685, 52.4], [21.9423, 52.3913], [21.9011, 52.3982], [22.0276, 52.363], [21.9527, 52.3885], [21.9246, 52.387], [21.9644, 52.4074], [21.9804, 52.3802], [22.0071, 52.3829], [21.9869, 52.3921], [22.0071, 52.3505], [22.0192, 52.3694], [22.0329, 52.4086], [21.9992, 52.38], [22.0228, 52.3773], [22.02, 52.3921], [22.0384, 52.4025], [22.0462, 52.3833], [21.9782, 52.3898], [21.9204, 52.4044], [21.9331, 52.3898], [21.999, 52.3771], [21.9425, 52.3752], [21.9723, 52.3533], [21.9775, 52.3808], [21.9869, 52.3551], [21.9794, 52.3296], [21.9827, 52.4021], [21.9491, 52.4124], [21.9516, 52.3931], [21.9832, 52.4026], [21.963, 52.4015], [21.9623, 52.3884], [22.0064, 52.3876], [22.0446, 52.3817], [22.0626, 52.3866], [22.0065, 52.3849], [22.0362, 52.3929], [22.0377, 52.3838], [22.0512, 52.4056], [22.0493, 52.4278], [22.0975, 52.4004], [22.0242, 52.3899], [22.1006, 52.3809], [22.0434, 52.3565], [22.0361, 52.3923], [22.0066, 52.372], [22.0263, 52.3616], [22.0172, 52.4006], [22.0156, 52.3854], [22.0306, 52.3815], [22.0096, 52.4112], [22.0226, 52.3864], [22.0249, 52.3931], [22.0454, 52.4117], [22.0218, 52.3491], [22.0356, 52.3671], [22.1057, 52.4436], [22.0479, 52.3631], [22.116, 52.363], [22.0089, 52.4124], [22.0014, 52.4186], [22.0278, 52.412], [22.0035, 52.3877], [22.0133, 52.3697], [21.9893, 52.3815], [21.9671, 52.4014], [22.0148, 52.3888], [21.9822, 52.3949], [21.993, 52.389], [22.0149, 52.3922], [22.0235, 52.3824], [21.9874, 52.3966], [21.9883, 52.3913], [21.9922, 52.3838], [24.8405, 49.4704], [24.8853, 49.4961], [24.8696, 49.4618]]]}}, {"type": "Feature", "properties": {"regionId": "77"}, "geometry": {"type": "Polygon", "coordinates": [[[29.7067, 49.7423], [22.058, 52.4532], [22.0688, 52.3843], [22.1366, 52.4222], [22.0321, 52.38], [22.0726, 52.3556], [22.0896, 52.3958], [22.0197, 52.3846], [22.0178, 52.4085], [22.0349, 52.4148], [22.0143, 52.4202], [22.0857, 52.4335], [22.0669, 52.4458], [21.9658, 52.4008], [21.982, 52.4496], [21.9473, 52.4468], [21.9973, 52.4148], [21.9917, 52.4443], [22.005, 52.4486], [22.029, 52.4115], [22.0423, 52.3892], [22.0712, 52.3829], [22.0317, 52.3962], [22.0608, 52.3908], [22.0875, 52.3806], [22.03, 52.4214], [21.9887, 52.5053], [22.0975, 52.4958], [22.0217, 52.4232], [22.0575, 52.4137], [22.0149, 52.4421], [22.0102, 52.4016], [22.0732, 52.3933], [22.0456, 52.4088], [21.9864, 52.4372], [21.9772, 52.4002], [21.9616, 52.4259], [22.0352, 52.4036], [22.0179, 52.4275], [22.0342, 52.438], [22.0125, 52.3874], [22.0186, 52.3788], [22.0505, 52.3699], [22.0082, 52.3962], [22.0007, 52.4039], [22.0078, 52.4079], [22.0183, 52.3962], [22.0077, 52.4105], [22.0178, 52.4107], [22.012, 52.4048], [22.0005, 52.4395], [22.0178, 52.425], [21.9741, 52.3949], [22.0173, 52.3696], [22.0128, 52.357], [21.9723, 52.3998], [22.0344, 52.3715], [22.0363, 52.3778], [21.9968, 52.4136], [22.0067, 52.409], [22.0078, 52.4259], [22.0242, 52.3989], [22.0297, 52.4096], [22.0313, 52.4213], [21.9753, 52.4146], [21.9516, 52.4178], [21.9815, 52.4347], [21.979, 52.4065], [21.9686, 52.4196], [21.9957, 52.4259], [21.9344, 52.4282], [22.0555, 52.4129], [22.0171, 52.4301], [21.9633, 52.4161], [22.0219, 52.4124], [22.0235, 52.4315], [22.024, 52.4029], [22.0455, 52.403], [22.0334, 52.4217], [21.9952, 52.4165], [21.9739, 52.3897], [21.9651, 52.4056], [22.0031, 52.4266], [21.95, 52.4028], [21.9395, 52.3968], [21.9822, 52.3892], [21.9791, 52.41], [21.9587, 52.4162], [21.9761, 52.3827], [21.9642, 52.3706], [21.9246, 52.3815], [22.0045, 52.3939], [21.9993, 52.3834], [21.9836, 52.3866], [21.9935, 52.3871], [21.9952, 52.3704], [21.9765, 52.3889], [21.988, 52.4096], [21.9562, 52.397], [21.9459, 52.4157], [21.9972, 52.407], [22.0039, 52.4085], [21.9858, 52.3991], [21.9942, 52.3928], [21.934, 52.4081], [21.9367, 52.3782], [21.9625, 52.4135], [21.9858, 52.437], [21.9673, 52.4532], [21.9856, 52.3982], [21.8745, 52.4659], [21.9246, 52.4116], [22.0304, 52.3939], [21.9992, 52.3871], [22.0, 52.3713], [22.0082, 52.3837], [21.97, 52.3827], [21.953, 52.382], [21.9513, 52.372], [22.0085, 52.3422], [21.9046, 52.3556], [21.9532, 52.3955], [21.9536, 52.4405], [21.9175, 52.4514], [22.0003, 52.3596], [21.9205, 52.3729], [21.916, 52.3472], [21.9992, 52.388], [22.03, 52.3735], [21.9979, 52.3796], [21.9879, 52.3881], [22.0074, 52.376], [22.0206, 52.3579], [22.0126, 52.396], [22.0075, 52.3902], [21.9957, 52.3917], [21.9901, 52.3923], [21.9925, 52.3789], [21.9794, 52.3713], [21.9747, 52.382], [21.9702, 52.3755], [22.0029, 52.3611], [22.0566, 52.3844], [21.9555, 52.3637], [21.995, 52.3482], [21.9475, 52.3938], [22.0539, 52.3615], [22.0292, 52.3361], [21.9808, 52.3849], [21.9725, 52.3638], [22.0022, 52.3537], [21.9735, 52.3913], [22.0333, 52.3787], [22.0135, 52.3681], [21.9988, 52.3902], [22.0317, 52.4002], [22.0142, 52.3889], [22.003, 52.3895], [22.0063, 52.3834], [22.0028, 52.3708], [29.7557, 49.7915], [29.6451, 49.7444], [29.7067, 49.7423]]]}}, {"type": "Feature", "properties": {"regionId": "145"}, "geometry": {"type": "Polygon", "coordinates": [[[36.0194, 46.9647], [21.9954, 52.4355], [21.9183, 52.3992], [21.9367, 52.4583], [22.0335, 52.4067], [21.9654, 52.4325], [21.9772, 52.4569], [22.0135, 52.4262], [22.1781, 52.3841], [22.1644, 52.4268], [22.0251, 52.4428], [21.9308, 52.4793], [22.0036, 52.5222], [22.0762, 52.3929], [22.2036, 52.4083], [22.1878, 52.3426], [22.1626, 52.4124], [22.1262, 52.3428], [22.1843, 52.4125], [22.0971, 52.3684], [22.0758, 52.3232], [22.0384, 52.2838], [22.0339, 52.3996], [22.0855, 52.4158], [22.0776, 52.3819], [21.9828, 52.328], [22.1206, 52.3891], [22.185, 52.3893], [21.9885, 52.425], [22.0013, 52.4432], [22.0086, 52.4509], [22.0951, 52.4069], [22.1567, 52.3909], [22.2419, 52.4083], [22.1068, 52.3517], [21.961, 52.537], [22.0292, 52.5009], [22.0637, 52.4117], [22.088, 52.3832], [22.1373, 52.4032], [21.9977, 52.4108], [22.0204, 52.419], [22.0391, 52.425], [21.9605, 52.4512], [22.04, 52.45], [22.0398, 52.4009], [22.0493, 52.4075], [22.0296, 52.4257], [22.0441, 52.4491], [22.0151, 52.4293], [22.0419, 52.4512], [22.0399, 52.475], [21.9849, 52.4012], [21.9289, 52.3917], [21.9509, 52.4093], [21.9677, 52.4177], [21.9764, 52.3596], [21.9431, 52.3847], [21.9473, 52.4083], [21.8881, 52.506], [21.8606, 52.4731], [21.9661, 52.4277], [21.9358, 52.4442], [21.8911, 52.406], [21.9427, 52.4678], [21.9613, 52.479], [21.8705, 52.4611], [21.9446, 52.3974], [22.0226, 52.4224], [21.995, 52.4255], [21.9229, 52.3893], [21.9738, 52.4427], [22.0135, 52.4305], [22.0149, 52.3996], [22.0022, 52.4148], [22.0199, 52.4153], [21.9931, 52.4128], [21.9174, 52.3842], [21.9182, 52.406], [21.9981, 52.4373], [21.9652, 52.4469], [21.9651, 52.4829], [21.9873, 52.4584], [21.8572, 52.3543], [21.931, 52.4667], [21.965, 52.4258], [21.8936, 52.3722], [21.8392, 52.3838], [21.9624, 52.3998], [21.8886, 52.4262], [21.8783, 52.4093], [22.0208, 52.3818], [21.9416, 52.3736], [21.941, 52.3954], [22.0071, 52.4078], [21.9105, 52.4051], [21.931, 52.4005], [22.0022, 52.3977], [22.0086, 52.3915], [21.9993, 52.3935], [22.0048, 52.3852], [22.0132, 52.3839], [21.99, 52.3838], [22.003, 52.3836], [21.9705, 52.3837], [21.9943, 52.3727], [21.7653, 52.4092], [21.8771, 52.3627], [21.7823, 52.344], [22.0272, 52.4344], [21.9194, 52.4498], [21.8726, 52.4472], [22.0274, 52.4434], [21.9873, 52.4902], [21.9473, 52.4477], [22.0081, 52.39], [21.9976, 52.385], [21.9822, 52.3843], [22.0151, 52.3909], [22.0104, 52.3719], [22.0078, 52.3546], [22.0194, 52.3506], [22.0204, 52.2858], [21.9729, 52.2463], [21.9475, 52.43], [21.9263, 52.4116], [21.862, 52.388], [21.8972, 52.4017], [21.9658, 52.3361], [21.9651, 52.2885], [21.9917, 52.3521], [22.0588, 52.3773], [22.1025, 52.3644], [21.9747, 52.367], [21.8669, 52.3197], [21.9167, 52.2861], [22.0003, 52.3887], [21.9748, 52.3693], [21.978, 52.3523], [21.9792, 52.4186], [21.9173, 52.3735], [21.9309, 52.369], [21.9671, 52.3784], [22.0234, 52.3151], [21.9474, 52.3384], [21.9811, 52.3709], [22.1015, 52.3894], [22.0434, 52.3468], [22.09, 52.3489], [22.163, 52.4456], [22.1907, 52.2773], [35.8971, 46.9189], [36.0501, 46.8585], [36.0194, 46.9647]]]}}, {"type": "Feature", "properties": {"regionId": "58"}, "geometry": {"type": "Polygon", "coordinates": [[[27.5173, 50.898], [21.9898, 52.401], [21.9838, 52.3977], [21.9772, 52.3949], [27.5006, 50.8844], [27.5546, 50.8855], [27.5173, 50.898]]]}}, {"type": "Feature", "properties": {"regionId": "151"}, "geometry": {"type": "Polygon", "coordinates": [[[30.6395, 48.5796], [21.9589, 52.4114], [21.9304, 52.4366], [21.8918, 52.4657], [22.026, 52.406], [22.0028, 52.4315], [22.0149, 52.4347], [22.015, 52.4132], [22.0772, 52.4306], [22.0335, 52.4403], [21.9541, 52.4233], [21.9399, 52.3965], [21.9324, 52.4393], [22.0099, 52.3993], [22.0074, 52.4091], [22.0107, 52.413], [22.0087, 52.4007], [22.0134, 52.3933], [22.0213, 52.4], [21.9802, 52.404], [22.0006, 52.4098], [22.0007, 52.4162], [21.9977, 52.4095], [21.9831, 52.3937], [21.9886, 52.4046], [22.0219, 52.3989], [22.0078, 52.4185], [22.0171, 52.4278], [22.0078, 52.4084], [22.0228, 52.4093], [22.0327, 52.4116], [21.9912, 52.4051], [21.9857, 52.415], [22.0036, 52.4107], [22.013, 52.4107], [22.0681, 52.4433], [22.0107, 52.4528], [22.0085, 52.4153], [22.0063, 52.4338], [22.0185, 52.444], [21.9741, 52.4033], [21.9887, 52.4173], [21.9922, 52.4296], [22.0904, 52.4877], [21.8918, 52.3841], [21.9303, 52.4699], [21.9553, 52.4004], [21.925, 52.4032], [21.9146, 52.4301], [22.0421, 52.4074], [22.1128, 52.363], [22.1145, 52.4167], [22.0172, 52.4246], [21.9974, 52.4305], [21.9644, 52.4412], [21.9626, 52.4686], [21.9121, 52.4234], [21.9054, 52.3667], [21.9959, 52.4278], [21.9015, 52.4331], [21.8591, 52.4333], [21.9356, 52.3987], [21.9609, 52.428], [21.9644, 52.4588], [21.8962, 52.4045], [21.9676, 52.402], [21.9118, 52.3805], [21.9931, 52.3888], [22.0252, 52.376], [21.9993, 52.3611], [21.9609, 52.4119], [21.9849, 52.4416], [21.9595, 52.4551], [21.9267, 52.4185], [21.9581, 52.3918], [21.9111, 52.3907], [21.9263, 52.3876], [21.9933, 52.3759], [21.9701, 52.3343], [21.9714, 52.3979], [21.9476, 52.3657], [21.9438, 52.3542], [21.9737, 52.381], [21.8682, 52.3545], [21.8285, 52.4037], [22.0204, 52.4014], [22.0103, 52.413], [22.027, 52.4176], [21.9909, 52.3968], [21.9782, 52.4061], [21.9722, 52.3958], [21.9462, 52.4084], [22.0125, 52.3783], [22.0, 52.3588], [21.9821, 52.4044], [21.9894, 52.3697], [21.985, 52.3616], [22.0012, 52.3892], [22.0395, 52.3851], [22.0114, 52.3787], [21.9309, 52.4002], [21.9732, 52.3748], [21.9531, 52.3718], [21.9499, 52.4214], [21.9714, 52.3528], [21.948, 52.3565], [21.9639, 52.4287], [22.0062, 52.3505], [22.0299, 52.3662], [22.0428, 52.4218], [22.0184, 52.3976], [22.0413, 52.3852], [21.928, 52.3521], [21.9664, 52.3165], [22.037, 52.3056], [21.9934, 52.3927], [21.9665, 52.3962], [21.9822, 52.3884], [22.0247, 52.3899], [22.0023, 52.3535], [22.047, 52.3533], [21.9977, 52.3584], [22.0025, 52.3416], [22.0392, 52.3273], [22.0532, 52.3955], [22.0621, 52.3862], [22.0846, 52.363], [21.9708, 52.3938], [21.9772, 52.3798], [21.9765, 52.363], [22.0213, 52.3991], [22.0837, 52.3667], [22.084, 52.3584], [22.0179, 52.4006], [22.0256, 52.3866], [22.0334, 52.3773], [22.0294, 52.4064], [22.0019, 52.3867], [22.0135, 52.381], [21.9268, 52.386], [21.9538, 52.3746], [22.0114, 52.3579], [21.9972, 52.3814], [22.0223, 52.3641], [22.0157, 52.3454], [21.9923, 52.4068], [21.954, 52.3988], [21.9801, 52.3958], [22.0399, 52.3832], [21.9372, 52.3769], [21.9694, 52.3588], [22.1129, 52.4243], [22.0699, 52.3953], [22.1537, 52.3819], [21.9978, 52.4133], [22.0178, 52.4126], [22.0263, 52.4227], [22.0071, 52.4338], [22.0262, 52.4241], [22.0669, 52.4065], [22.0373, 52.388], [22.037, 52.4216], [22.0569, 52.4236], [22.041, 52.4037], [22.0736, 52.4231], [22.1174, 52.4199], [21.9955, 52.4465], [22.0522, 52.4692], [22.1017, 52.4366], [22.0127, 52.4115], [22.1114, 52.3878], [22.074, 52.4296], [22.0298, 52.4229], [21.9534, 52.4214], [21.9765, 52.4426], [30.6363, 48.5311], [30.7183, 48.5285], [30.6395, 48.5796]]]}}, {"type": "Feature", "properties": {"regionId": "75"}, "geometry": {"type": "Polygon", "coordinates": [[[30.3962, 50.3727], [21.9598, 52.4179], [22.0017, 52.3685], [22.0114, 52.3972], [22.0113, 52.3965], [22.0006, 52.4077], [21.9993, 52.4], [30.3978, 50.3705], [30.4029, 50.3757], [30.3962, 50.3727]]]}}, {"type": "Feature", "properties": {"regionId": "60"}, "geometry": {"type": "Polygon", "coordinates": [[[27.7001, 50.063], [21.9885, 52.4517], [22.0297, 52.4081], [22.0221, 52.4268], [21.9694, 52.4115], [22.0079, 52.4218], [22.0199, 52.4148], [21.9889, 52.388], [21.9821, 52.3827], [22.0142, 52.3796], [22.0004, 52.4414], [22.0821, 52.3882], [22.0612, 52.4301], [21.9395, 52.3972], [22.0035, 52.4128], [22.0299, 52.412], [21.996, 52.3854], [22.0464, 52.39], [22.0583, 52.3861], [21.996, 52.396], [21.9923, 52.3787], [22.0043, 52.3894], [21.9874, 52.4402], [22.0262, 52.4373], [22.0406, 52.4606], [22.0161, 52.404], [22.0669, 52.3824], [22.0683, 52.4005], [21.9909, 52.4495], [22.0471, 52.4281], [22.0939, 52.4518], [21.9379, 52.416], [22.0078, 52.4442], [21.9545, 52.4505], [21.9819, 52.398], [21.8564, 52.4225], [21.926, 52.412], [22.0197, 52.41], [21.9865, 52.4228], [21.9815, 52.4291], [22.0267, 52.4058], [22.0045, 52.4351], [22.005, 52.4486], [21.9838, 52.401], [22.0177, 52.4399], [22.0171, 52.437], [22.0451, 52.4056], [22.0374, 52.4036], [22.0441, 52.4259], [22.0303, 52.3845], [22.0107, 52.4069], [22.0292, 52.4069], [22.0146, 52.4092], [22.0421, 52.4134], [22.0213, 52.4338], [21.9854, 52.44], [22.0539, 52.3873], [22.0726, 52.4185], [28.1863, 50.4909], [28.2236, 50.4848], [28.2402, 50.5023], [22.0212, 52.4122], [22.0546, 52.4096], [22.0569, 52.4292], [22.0343, 52.4249], [22.0395, 52.4325], [21.9986, 52.4565], [21.9816, 52.4111], [22.0445, 52.4131], [21.995, 52.4241], [21.998, 52.4269], [21.9672, 52.4452], [21.9224, 52.4597], [22.0229, 52.4186], [21.9808, 52.4129], [21.9836, 52.4268], [22.0015, 52.4193], [21.9855, 52.449], [21.9623, 52.4565], [22.0095, 52.4361], [22.0934, 52.4562], [22.0341, 52.493], [21.9965, 52.4199], [22.0038, 52.4187], [21.9594, 52.4347], [22.0062, 52.411], [22.0313, 52.424], [22.0178, 52.4329], [22.0046, 52.4145], [21.9331, 52.4003], [21.9089, 52.4185], [22.0041, 52.4186], [21.9533, 52.4291], [21.921, 52.4217], [21.9942, 52.4029], [22.0061, 52.4194], [21.9929, 52.4093], [21.966, 52.3602], [21.8731, 52.3953], [21.8186, 52.3819], [21.9734, 52.3986], [21.9972, 52.3932], [21.9943, 52.3838], [21.9753, 52.3984], [21.9995, 52.3851], [22.0107, 52.3792], [21.9945, 52.3848], [21.9268, 52.3683], [21.9303, 52.394], [21.9482, 52.4057], [21.9656, 52.4124], [21.9566, 52.4356], [21.995, 52.4126], [21.9603, 52.4495], [21.9445, 52.4356], [21.9424, 52.4214], [22.0068, 52.3697], [21.9644, 52.3815], [22.0293, 52.4327], [21.9117, 52.408], [21.9032, 52.3903], [22.0136, 52.3633], [21.9263, 52.3407], [21.9068, 52.3375], [21.9343, 52.4414], [22.0, 52.4018], [22.0427, 52.4319], [21.9944, 52.4235], [22.033, 52.4159], [22.0085, 52.4504], [21.9334, 52.3606], [21.9276, 52.4311], [21.889, 52.4088], [22.0159, 52.3514], [21.9489, 52.3613], [21.8975, 52.3491], [22.033, 52.3803], [21.9692, 52.3798], [21.9829, 52.362], [22.0166, 52.3853], [22.0196, 52.3645], [22.0292, 52.3537], [22.0158, 52.3761], [21.9441, 52.384], [22.0214, 52.3482], [21.999, 52.3834], [21.9883, 52.3565], [21.9822, 52.3371], [22.0095, 52.3896], [21.9998, 52.3771], [21.9993, 52.3657], [21.9926, 52.3916], [22.0184, 52.3846], [22.0035, 52.3727], [22.0042, 52.3866], [22.036, 52.3916], [22.0313, 52.3782], [21.9876, 52.3829], [22.0083, 52.3771], [22.0036, 52.3583], [21.9832, 52.386], [21.9798, 52.3755], [21.9708, 52.356], [21.9877, 52.4002], [21.9641, 52.4007], [21.9573, 52.3884], [22.0245, 52.3911], [22.0, 52.3715], [22.0, 52.3653], [21.9683, 52.3978], [22.0055, 52.3829], [22.0199, 52.3782], [22.0007, 52.3881], [21.9917, 52.3713], [22.0093, 52.3583], [21.9848, 52.3979], [21.959, 52.3998], [21.9651, 52.3852], [22.0112, 52.3677], [22.0677, 52.3699], [22.0719, 52.3375], [22.0806, 52.4143], [21.9756, 52.3237], [21.9808, 52.2982], [22.1269, 52.3693], [22.0426, 52.3603], [22.0768, 52.3389], [22.0327, 52.4024], [22.0946, 52.3842], [22.094, 52.3621], [21.9795, 52.3946], [21.9743, 52.3897], [22.0036, 52.3755], [22.0195, 52.4138], [22.0627, 52.3644], [22.1003, 52.3519], [22.0228, 52.4148], [22.041, 52.4341], [22.0768, 52.4342], [22.0148, 52.3828], [21.9769, 52.3568], [22.0099, 52.3546], [22.0035, 52.3924], [21.9982, 52.3733], [22.0157, 52.3847], [27.6636, 50.0167], [27.6713, 50.0498], [27.7001, 50.063], [27.5173, 50.898], [22.0436, 52.3855], [21.9686, 52.3874], [21.9815, 52.3958], [27.4999, 50.8987], [27.5111, 50.8976], [27.5173, 50.898], [27.7001, 50.063]]]}}, {"type": "Feature", "properties": {"regionId": "130"}, "geometry": {"type": "Polygon", "coordinates": [[[31.8769, 46.4023], [21.9984, 52.3424], [22.0294, 52.2661], [21.9466, 52.2371], [21.9217, 52.3057], [21.7548, 52.333], [21.783, 52.4449], [21.9835, 52.4401], [21.964, 52.3709], [21.9829, 52.3565], [22.114, 52.2728], [22.4092, 52.3055], [22.5948, 52.256], [22.3051, 52.3418], [22.6863, 52.2451], [22.9734, 52.2653], [21.948, 52.4107], [21.9609, 52.4115], [21.9089, 52.4139], [21.9627, 52.4036], [21.9667, 52.4202], [21.9324, 52.4055], [21.9641, 52.4014], [21.9542, 52.434], [21.9274, 52.4157], [21.9135, 52.353], [21.7941, 52.4153], [21.6898, 52.4157], [22.0062, 52.4223], [22.0673, 52.425], [22.0953, 52.4338], [22.0333, 52.3993], [22.057, 52.3972], [22.0911, 52.4037], [22.017, 52.3991], [22.024, 52.413], [22.0441, 52.4129], [22.0204, 52.3909], [22.0378, 52.3983], [22.0569, 52.3894], [22.0313, 52.4073], [22.0609, 52.4018], [22.0911, 52.3954], [22.0352, 52.4038], [22.0758, 52.4035], [22.1131, 52.4051], [22.0295, 52.4029], [21.9941, 52.4018], [21.9879, 52.4051], [21.9953, 52.4091], [22.0136, 52.411], [22.0135, 52.4208], [21.9931, 52.4081], [21.9863, 52.4173], [22.01, 52.4162], [22.0276, 52.4031], [22.0318, 52.3914], [22.0455, 52.3801], [22.0333, 52.3958], [22.0504, 52.3826], [22.0704, 52.4046], [22.0252, 52.4003], [22.0349, 52.4452], [22.0569, 52.4278], [22.0225, 52.3914], [22.0143, 52.3822], [21.9993, 52.375], [21.9955, 52.3897], [21.991, 52.3784], [21.99, 52.369], [22.023, 52.387], [21.9928, 52.4224], [22.0235, 52.4222], [22.0349, 52.4077], [22.0999, 52.401], [22.0875, 52.3671], [21.9845, 52.384], [21.9556, 52.4077], [21.9751, 52.3792], [22.0538, 52.3896], [21.9964, 52.4189], [22.0455, 52.4366], [22.0079, 52.3869], [22.0183, 52.375], [22.0413, 52.3759], [21.9885, 52.3872], [22.0014, 52.381], [22.0157, 52.3713], [22.0122, 52.3919], [22.04, 52.3636], [22.0455, 52.3732], [21.9692, 52.4079], [22.0188, 52.4106], [22.0306, 52.4162], [22.005, 52.4063], [22.017, 52.3841], [22.0292, 52.3833], [22.0612, 52.3843], [21.9494, 52.4459], [22.0285, 52.4486], [22.0129, 52.3971], [22.0588, 52.3846], [22.0341, 52.3991], [21.982, 52.4099], [21.9458, 52.4168], [21.9566, 52.4389], [22.0111, 52.3981], [22.0172, 52.3906], [22.0313, 52.3981], [22.0023, 52.4082], [22.0155, 52.4076], [21.9993, 52.4051], [21.995, 52.4152], [22.0208, 52.4072], [22.0285, 52.4139], [22.0125, 52.4092], [21.9876, 52.3908], [21.9964, 52.4051], [22.0266, 52.4378], [22.0413, 52.3775], [22.0711, 52.3949], [21.9641, 52.4781], [22.0307, 52.6318], [21.8598, 52.5463], [21.9252, 52.3863], [21.9988, 52.4899], [21.8876, 52.4532], [21.9443, 52.4728], [21.8006, 52.4156], [21.6627, 52.4102], [21.8836, 52.3832], [22.1101, 52.279], [21.805, 52.325], [21.9967, 52.4443], [21.9667, 52.5061], [21.9772, 52.5421], [21.9596, 52.4229], [21.9426, 52.4446], [21.9467, 52.4824], [21.9755, 52.4134], [21.9135, 52.3817], [21.916, 52.4157], [21.9616, 52.4027], [21.9504, 52.4153], [21.9324, 52.4361], [21.9916, 52.4233], [21.94, 52.4001], [21.9395, 52.3829], [21.9885, 52.4022], [21.9772, 52.4033], [21.9609, 52.3972], [21.9746, 52.3943], [21.9703, 52.4166], [21.9502, 52.4181], [21.9422, 52.3864], [21.8963, 52.3538], [21.8413, 52.3352], [21.9631, 52.3801], [21.9195, 52.4094], [21.8833, 52.4171], [21.9206, 52.4103], [21.8393, 52.427], [21.7638, 52.4472], [21.944, 52.4259], [21.9085, 52.3654], [21.8776, 52.3403], [31.9169, 46.4136], [31.882, 46.4249], [31.8769, 46.4023]]]}}, {"type": "Feature", "properties": {"regionId": "132"}, "geometry": {"type": "Polygon", "coordinates": [[[32.0042, 46.4995], [22.1206, 52.3678], [22.2493, 52.349], [22.3686, 52.3185], [22.0689, 52.412], [22.1189, 52.4574], [22.1864, 52.4717], [22.0525, 52.3662], [22.0443, 52.3935], [22.084, 52.3834], [22.0084, 52.4118], [22.0366, 52.433], [22.0569, 52.4282], [22.0211, 52.3768], [22.032, 52.3566], [22.0761, 52.3542], [21.9975, 52.3663], [22.0594, 52.3974], [22.084, 52.3843], [21.9959, 52.3623], [22.013, 52.3404], [22.0534, 52.3176], [21.9887, 52.3716], [22.0155, 52.3163], [22.0185, 52.2796], [21.9968, 52.3769], [22.0167, 52.3771], [22.0456, 52.3815], [21.9954, 52.3744], [22.0251, 52.3821], [22.0512, 52.3852], [22.098, 52.3977], [22.0757, 52.4331], [22.0647, 52.4824], [22.0606, 52.4168], [22.2421, 52.3995], [22.2049, 52.4481], [22.0373, 52.4281], [22.0644, 52.4075], [22.037, 52.475], [22.0599, 52.4071], [22.1292, 52.4133], [22.1836, 52.4236], [21.9879, 52.4711], [21.9956, 52.5135], [21.8619, 52.4833], [21.9791, 52.4049], [21.9952, 52.4591], [21.9701, 52.4597], [21.9577, 52.3864], [21.9318, 52.4225], [21.8961, 52.4005], [22.0199, 52.3591], [21.9452, 52.3731], [21.9459, 52.3963], [22.038, 52.4045], [22.0019, 52.4309], [22.0377, 52.4324], [22.0546, 52.3964], [22.0248, 52.4189], [21.9986, 52.4315], [21.9401, 52.4951], [21.8902, 52.3497], [21.8734, 52.5056], [21.9655, 52.3853], [21.9365, 52.4194], [21.9694, 52.425], [22.0386, 52.3988], [22.0142, 52.4227], [22.0135, 52.4389], [22.0625, 52.4], [22.0561, 52.4127], [22.0505, 52.4421], [21.9722, 52.4342], [21.8386, 52.4919], [21.8919, 52.3995], [22.0969, 52.3934], [21.9477, 52.3894], [21.9779, 52.3653], [21.9777, 52.3938], [21.9113, 52.3999], [21.9146, 52.3815], [21.9943, 52.3678], [22.0831, 52.4115], [22.0825, 52.3769], [22.1099, 52.3983], [21.7792, 52.3547], [21.7837, 52.3588], [21.9732, 52.3882], [21.9954, 52.4448], [21.9687, 52.4361], [21.9596, 52.3976], [21.8951, 52.3835], [21.8926, 52.4111], [21.9725, 52.3881], [21.9651, 52.4279], [21.9658, 52.3982], [21.9966, 52.3811], [22.0032, 52.3499], [21.9609, 52.3509], [21.7685, 52.4679], [21.9766, 52.3052], [21.7275, 52.4245], [22.0472, 52.3663], [21.9691, 52.3737], [21.9872, 52.3426], [21.9862, 52.3617], [21.8986, 52.3692], [21.8413, 52.3616], [32.2302, 46.5659], [31.9934, 46.6114], [32.0042, 46.4995]]]}}, {"type": "Feature", "properties": {"regionId": "53"}, "geometry": {"type": "Polygon", "coordinates": [[[38.4735, 47.4951], [22.0256, 52.3997], [22.0749, 52.4011], [22.101, 52.4005], [21.9958, 52.4209], [21.9984, 52.4301], [22.0334, 52.4264], [22.0399, 52.4034], [22.0963, 52.395], [22.1316, 52.4037], [22.0125, 52.4158], [22.0093, 52.4251], [22.0455, 52.4208], [21.986, 52.4348], [22.0243, 52.4289], [22.0626, 52.4287], [22.0134, 52.4055], [22.0031, 52.3939], [22.0021, 52.3912], [22.012, 52.3977], [22.0054, 52.3836], [22.015, 52.3958], [22.0379, 52.3923], [22.0273, 52.4212], [22.0256, 52.4384], [22.0212, 52.4106], [22.0137, 52.4347], [22.0256, 52.4472], [21.9589, 52.4645], [22.0517, 52.426], [22.0306, 52.4551], [21.9886, 52.4194], [22.0227, 52.4181], [22.0157, 52.4352], [21.9685, 52.4134], [21.9383, 52.4103], [21.9061, 52.3995], [21.9928, 52.4355], [21.9805, 52.4672], [21.9217, 52.4449], [21.9639, 52.4144], [21.9834, 52.4218], [21.9338, 52.4056], [21.9844, 52.4216], [22.0027, 52.4516], [21.9516, 52.4417], [21.9987, 52.3849], [22.0158, 52.3636], [21.9794, 52.375], [21.973, 52.3932], [22.0021, 52.4421], [21.968, 52.4148], [21.9591, 52.4153], [21.9718, 52.3722], [21.9153, 52.4014], [21.9384, 52.4088], [21.949, 52.4704], [21.9153, 52.4833], [21.9922, 52.4123], [21.9759, 52.4138], [21.9851, 52.4306], [21.9797, 52.3962], [21.9644, 52.4055], [21.9566, 52.3963], [21.9515, 52.4045], [22.0366, 52.4211], [22.0576, 52.4083], [22.0083, 52.4032], [21.9992, 52.432], [21.9844, 52.4167], [21.9662, 52.4062], [22.0223, 52.4098], [21.9779, 52.4194], [22.0148, 52.4054], [22.0203, 52.4152], [21.9957, 52.4222], [22.0044, 52.3862], [21.987, 52.3983], [21.9794, 52.3972], [22.0035, 52.3872], [21.993, 52.397], [21.9858, 52.3986], [21.9744, 52.4043], [21.9937, 52.3791], [21.9957, 52.3759], [21.9725, 52.4015], [21.9786, 52.3888], [21.9616, 52.3866], [21.9724, 52.4019], [22.036, 52.3858], [22.0064, 52.3783], [21.9739, 52.4401], [21.9189, 52.4103], [21.879, 52.4088], [21.9998, 52.4131], [21.9619, 52.4295], [21.9879, 52.437], [22.0062, 52.4134], [22.0284, 52.4283], [22.0512, 52.425], [22.0282, 52.3986], [22.0286, 52.3915], [22.0391, 52.388], [21.9959, 52.3958], [22.0465, 52.4002], [22.032, 52.3981], [21.9928, 52.4113], [21.9785, 52.4079], [21.9658, 52.4125], [22.0008, 52.4102], [22.0048, 52.41], [21.9843, 52.4106], [21.991, 52.3808], [21.9903, 52.4156], [21.9701, 52.4018], [21.9467, 52.43], [21.9387, 52.3874], [21.9061, 52.3968], [22.0003, 52.4291], [21.9804, 52.4014], [21.968, 52.4269], [21.9871, 52.3989], [21.9951, 52.4026], [22.0007, 52.406], [21.9895, 52.4008], [21.9908, 52.4105], [21.9915, 52.4153], [21.9867, 52.4018], [21.9668, 52.3975], [21.9516, 52.4023], [21.9762, 52.3853], [21.9832, 52.3736], [21.9466, 52.3685], [21.9931, 52.3913], [21.9932, 52.3651], [21.9715, 52.3736], [22.0072, 52.4157], [21.9761, 52.4096], [21.9651, 52.4032], [21.9828, 52.4162], [22.0049, 52.4583], [21.9587, 52.431], [21.9568, 52.351], [22.0048, 52.3869], [22.0121, 52.3477], [21.9882, 52.3732], [21.9225, 52.4046], [21.9118, 52.3843], [21.9307, 52.3972], [22.0361, 52.3652], [21.9381, 52.332], [22.0032, 52.3785], [22.0417, 52.3593], [21.9794, 52.3644], [21.9634, 52.428], [22.0036, 52.4714], [21.9018, 52.4504], [22.0131, 52.3718], [21.9999, 52.3598], [22.0036, 52.3343], [22.0277, 52.3979], [21.9874, 52.3725], [21.9837, 52.363], [21.989, 52.3898], [22.0168, 52.3916], [22.0242, 52.387], [21.9985, 52.3929], [21.9818, 52.3814], [21.9929, 52.3755], [21.9833, 52.3672], [22.0411, 52.3416], [22.0548, 52.3667], [21.9894, 52.4155], [22.0027, 52.4158], [22.0235, 52.4194], [21.9956, 52.4148], [21.973, 52.4425], [22.0107, 52.425], [22.0274, 52.4017], [22.0511, 52.3891], [22.0591, 52.3713], [22.0178, 52.412], [22.0668, 52.4132], [22.0918, 52.4111], [22.015, 52.3984], [22.0098, 52.3775], [22.0356, 52.3824], [21.993, 52.4222], [21.9955, 52.4213], [22.0342, 52.4241], [22.0185, 52.3901], [22.0228, 52.3786], [22.0541, 52.3792], [22.0196, 52.3873], [21.9878, 52.3826], [21.9964, 52.3806], [22.0096, 52.3911], [22.0065, 52.3668], [22.0214, 52.3676], [22.0016, 52.4126], [22.0189, 52.4348], [22.0541, 52.4236], [22.0155, 52.3843], [22.0241, 52.3982], [22.0349, 52.4023], [22.0055, 52.3997], [21.9772, 52.3811], [21.9943, 52.3759], [22.0207, 52.4005], [22.0246, 52.3757], [22.027, 52.3819], [22.0239, 52.3911], [22.0348, 52.4079], [22.0619, 52.4028], [21.9918, 52.4207], [21.9937, 52.4201], [22.0213, 52.4111], [22.0243, 52.4063], [22.011, 52.3565], [22.0477, 52.388], [22.0228, 52.4402], [22.0441, 52.3723], [22.0719, 52.3949], [22.0517, 52.408], [21.9794, 52.368], [21.9836, 52.3556], [21.9812, 52.404], [21.938, 52.4074], [21.9537, 52.3949], [22.0285, 52.4024], [22.0148, 52.3814], [22.0171, 52.3695], [22.0228, 52.4016], [22.0338, 52.3878], [22.047, 52.3815], [21.9981, 52.3977], [21.9731, 52.3843], [21.9943, 52.3884], [22.0267, 52.4247], [22.0448, 52.3668], [22.0711, 52.4018], [22.038, 52.3907], [22.0333, 52.3346], [22.0555, 52.3171], [37.8303, 47.9668], [22.0072, 52.3984], [22.0135, 52.3995], [22.0128, 52.3926], [37.8347, 47.961], [37.8159, 47.9629], [37.8303, 47.9668], [38.4735, 47.4951]]]}}, {"type": "Feature", "properties": {"regionId": "89"}, "geometry": {"type": "Polygon", "coordinates": [[[23.7703, 49.3248], [21.9845, 52.4048], [21.9722, 52.3897], [21.9879, 52.3833], [23.7787, 49.3069], [23.7904, 49.3123], [23.7703, 49.3248]]]}}, {"type": "Feature", "properties": {"regionId": "49"}, "geometry": {"type": "Polygon", "coordinates": [[[37.9904, 47.0031], [22.0354, 52.4112], [22.0704, 52.3851], [22.1053, 52.3801], [21.9773, 52.4264], [22.0324, 52.4016], [22.0569, 52.4046], [22.0212, 52.4433], [22.0923, 52.3991], [22.0982, 52.3704], [21.9951, 52.3883], [21.9814, 52.3794], [22.0086, 52.3949], [22.02, 52.4098], [22.0298, 52.4248], [22.0427, 52.438], [22.0252, 52.4122], [22.0459, 52.4224], [22.0505, 52.443], [22.0037, 52.4296], [21.9916, 52.4749], [22.0092, 52.4907], [22.0488, 52.3989], [22.0318, 52.4257], [22.0747, 52.4218], [22.0184, 52.4028], [22.0144, 52.4188], [22.0029, 52.4241], [22.0167, 52.4108], [22.0025, 52.4146], [22.0142, 52.4241], [21.9364, 52.3963], [21.8317, 52.3956], [21.9075, 52.4417], [22.0005, 52.4175], [22.0093, 52.4261], [22.042, 52.4231], [22.0128, 52.4264], [22.0326, 52.4801], [22.0007, 52.5065], [22.0172, 52.4139], [21.9698, 52.4585], [22.0171, 52.4597], [22.0021, 52.4391], [22.0626, 52.4218], [22.0463, 52.4694], [22.0109, 52.4172], [21.9668, 52.4469], [21.9673, 52.4838], [21.9413, 52.3715], [21.9514, 52.4168], [21.9089, 52.3963], [22.0047, 52.4122], [22.0014, 52.4299], [21.9623, 52.431], [22.0047, 52.4208], [21.9982, 52.4285], [21.9801, 52.4328], [22.0044, 52.4156], [22.0296, 52.4027], [22.0491, 52.4028], [21.9964, 52.413], [22.0676, 52.4521], [22.0164, 52.4444], [21.9871, 52.3831], [21.9577, 52.411], [21.9481, 52.4227], [21.9746, 52.374], [21.9494, 52.3593], [21.9431, 52.3958], [21.9719, 52.3962], [21.9544, 52.4181], [21.968, 52.3875], [21.9727, 52.4048], [21.9622, 52.3886], [21.9381, 52.3972], [21.9953, 52.391], [21.9986, 52.4106], [21.9893, 52.4134], [21.976, 52.4004], [21.9746, 52.4188], [21.9872, 52.4255], [22.0126, 52.4049], [21.999, 52.4002], [21.9936, 52.4018], [22.0011, 52.3949], [21.9954, 52.3937], [21.9886, 52.3917], [21.9791, 52.4089], [21.9481, 52.4192], [21.9281, 52.3917], [22.0215, 52.3928], [21.9985, 52.3879], [21.9915, 52.3986], [22.0039, 52.4152], [21.9735, 52.4286], [22.0021, 52.4319], [21.9938, 52.418], [21.9642, 52.4163], [21.9474, 52.4236], [22.0024, 52.4191], [21.9635, 52.4058], [21.9473, 52.4065], [22.002, 52.3946], [22.0211, 52.3763], [22.0007, 52.3796], [21.9752, 52.4019], [21.9884, 52.4239], [21.9602, 52.4199], [21.9701, 52.4006], [21.9216, 52.3859], [21.9175, 52.3935], [21.991, 52.4171], [21.9283, 52.4352], [21.9217, 52.4213], [22.031, 52.3705], [21.973, 52.3792], [21.9879, 52.3565], [22.0145, 52.377], [21.9354, 52.4092], [21.9417, 52.3838], [22.0198, 52.3896], [21.9837, 52.3845], [21.9886, 52.369], [21.9844, 52.3983], [21.9746, 52.4012], [21.9794, 52.388], [22.0501, 52.4008], [22.1342, 52.4008], [22.0811, 52.363], [22.0232, 52.403], [22.0279, 52.3616], [22.0235, 52.35], [21.9876, 52.379], [21.9836, 52.3825], [22.0085, 52.3745], [22.0178, 52.4159], [22.0234, 52.4062], [22.042, 52.3917], [22.0142, 52.4082], [22.0243, 52.4326], [22.0434, 52.4148], [22.0183, 52.3888], [22.0574, 52.3702], [22.069, 52.3611], [21.9914, 52.4051], [21.9727, 52.404], [21.9836, 52.394], [22.0133, 52.3958], [22.041, 52.4038], [22.0569, 52.3833], [22.0011, 52.3612], [21.9999, 52.3573], [22.0314, 52.3273], [21.9476, 52.4031], [21.9952, 52.3736], [21.9936, 52.362], [22.0016, 52.389], [21.9943, 52.3682], [22.0107, 52.363], [22.0499, 52.4049], [22.0388, 52.3839], [22.0299, 52.3676], [22.1078, 52.3937], [22.1214, 52.3653], [22.0, 52.3602], [21.9619, 52.3996], [21.992, 52.3764], [21.9623, 52.3676], [21.9927, 52.3906], [22.0239, 52.3847], [21.9971, 52.3792], [21.9955, 52.3875], [22.0122, 52.3929], [22.0213, 52.3958], [22.0083, 52.3863], [21.9863, 52.3881], [21.973, 52.3889], [21.9884, 52.3869], [21.9952, 52.3754], [22.0057, 52.3644], [21.9913, 52.3876], [21.9871, 52.4043], [21.9786, 52.4037], [21.9815, 52.4008], [21.9713, 52.3774], [21.9801, 52.3718], [22.0958, 52.3935], [22.0506, 52.374], [22.0406, 52.3357], [22.0185, 52.3968], [22.05, 52.4029], [22.0448, 52.3847], [21.9868, 52.3757], [22.0123, 52.3541], [21.9559, 52.3658], [22.0076, 52.375], [21.9724, 52.3887], [21.9452, 52.3796], [21.9982, 52.3862], [22.0312, 52.3812], [22.0299, 52.3667], [37.9441, 46.999], [37.9799, 47.0111], [37.9904, 47.0031]]]}}, {"type": "Feature", "properties": {"regionId": "133"}, "geometry": {"type": "Polygon", "coordinates": [[[35.3207, 46.1588], [22.0056, 52.3572], [21.9263, 52.3465], [21.8726, 52.3361], [21.9696, 52.3958], [21.9213, 52.3995], [21.9317, 52.3727], [21.9777, 52.3913], [21.9612, 52.3813], [21.9573, 52.3667], [21.9813, 52.3649], [22.0795, 52.4172], [22.1146, 52.4157], [35.2533, 46.0647], [35.3429, 46.1259], [35.3207, 46.1588]]]}}, {"type": "Feature", "properties": {"regionId": "129"}, "geometry": {"type": "Polygon", "coordinates": [[[33.1733, 47.4585], [21.9731, 52.3167], [22.0564, 52.3915], [22.0548, 52.3375], [21.9395, 52.3915], [22.015, 52.3227], [21.9787, 52.307], [21.9251, 52.3796], [21.9478, 52.4211], [21.9438, 52.4556], [21.9692, 52.3891], [21.9447, 52.3271], [21.9758, 52.3074], [22.0816, 52.4204], [22.0828, 52.3933], [22.0939, 52.3477], [21.9655, 52.4016], [21.962, 52.3918], [21.9708, 52.3722], [21.9577, 52.3865], [22.0928, 52.3562], [22.0626, 52.3384], [21.9828, 52.3971], [21.9913, 52.408], [21.9723, 52.3968], [21.9579, 52.41], [22.0002, 52.3794], [21.9929, 52.3769], [21.975, 52.3892], [21.9706, 52.4083], [21.9587, 52.4171], [21.9821, 52.4003], [21.9765, 52.3934], [21.9715, 52.3963], [21.9886, 52.3986], [22.0053, 52.383], [21.9943, 52.3792], [21.9957, 52.3905], [21.963, 52.3951], [21.9744, 52.3824], [21.9924, 52.3926], [21.9707, 52.4003], [21.9744, 52.4106], [21.994, 52.4082], [21.9849, 52.4059], [21.9886, 52.3986], [21.9878, 52.4016], [21.9594, 52.4056], [21.958, 52.3931], [21.9947, 52.3845], [21.982, 52.3707], [21.9602, 52.363], [22.0016, 52.3904], [21.9972, 52.3789], [21.9808, 52.3736], [22.0185, 52.3908], [22.001, 52.376], [22.0221, 52.369], [22.0439, 52.3872], [22.1095, 52.332], [22.1302, 52.3861], [22.0608, 52.3824], [22.0273, 52.4424], [22.047, 52.456], [22.1323, 52.4088], [21.9502, 52.2894], [21.9239, 52.2505], [22.0424, 52.3902], [22.0296, 52.3629], [22.042, 52.3375], [21.9483, 52.4013], [21.9328, 52.3921], [21.9509, 52.3588], [21.9439, 52.4043], [21.9562, 52.3563], [22.0071, 52.3722], [22.0195, 52.3489], [21.9991, 52.2879], [22.0939, 52.3417], [22.0522, 52.4319], [22.2104, 52.3375], [22.2113, 52.3991], [21.9811, 52.4052], [21.9844, 52.4218], [21.9936, 52.4426], [21.9995, 52.4061], [21.9603, 52.4321], [21.9915, 52.4231], [22.0282, 52.4083], [22.0467, 52.3948], [22.0704, 52.3893], [22.0319, 52.3514], [22.1037, 52.4263], [22.175, 52.406], [22.0681, 52.39], [22.0629, 52.4425], [22.064, 52.4718], [22.0215, 52.4229], [22.0564, 52.4455], [22.0555, 52.4745], [22.0098, 52.459], [22.1169, 52.4719], [22.1466, 52.5231], [22.0019, 52.4677], [22.1897, 52.5039], [22.1793, 52.6259], [21.9964, 52.4327], [22.0408, 52.5194], [21.9609, 52.5018], [21.9802, 52.4072], [22.0043, 52.4558], [21.9715, 52.4565], [21.8976, 52.3965], [21.7343, 52.3463], [21.6912, 52.3968], [21.8748, 52.3687], [22.0978, 52.5225], [21.8491, 52.4727], [22.0468, 52.3345], [21.9153, 52.3542], [21.8499, 52.3375], [22.0154, 52.3794], [22.0319, 52.3591], [21.9829, 52.3644], [22.0208, 52.4072], [21.9948, 52.4162], [21.9851, 52.4199], [21.99, 52.4042], [21.9794, 52.4127], [21.9936, 52.4181], [22.0128, 52.4475], [21.9548, 52.3906], [21.9288, 52.4074], [22.0013, 52.4106], [22.0471, 52.4527], [22.0014, 52.4375], [33.2593, 47.446], [33.2165, 47.4521], [33.1733, 47.4585]]]}}, {"type": "Feature", "properties": {"regionId": "109"}, "geometry": {"type": "Polygon", "coordinates": [[[34.0179, 48.7383], [22.0299, 52.3948], [22.0568, 52.3819], [22.0904, 52.3815], [22.014, 52.3848], [22.0295, 52.3729], [22.0519, 52.3616], [22.0703, 52.4182], [22.0316, 52.3773], [22.0555, 52.3574], [22.0279, 52.3883], [22.0587, 52.4007], [22.0825, 52.3787], [22.0181, 52.4058], [22.0236, 52.3905], [22.0377, 52.3871], [22.0242, 52.4014], [22.0606, 52.3974], [22.0434, 52.3769], [22.0228, 52.4033], [22.0018, 52.4149], [22.0178, 52.4218], [22.0088, 52.4137], [22.0029, 52.426], [22.0342, 52.4389], [21.9623, 52.41], [21.9481, 52.3965], [21.9545, 52.437], [22.0185, 52.3988], [22.0646, 52.4019], [22.0377, 52.4074], [21.9641, 52.4119], [22.0128, 52.4133], [22.0164, 52.4199], [21.9675, 52.4299], [21.9216, 52.4726], [21.9893, 52.5208], [22.0342, 52.4186], [21.9519, 52.4379], [22.0135, 52.4467], [21.9992, 52.4258], [22.0661, 52.4269], [22.0584, 52.4486], [21.9979, 52.405], [21.9826, 52.4361], [22.0, 52.4259], [22.0194, 52.3948], [22.0518, 52.3621], [22.064, 52.3829], [22.0131, 52.3954], [22.0264, 52.3817], [22.037, 52.3963], [22.0207, 52.3982], [22.0392, 52.3725], [22.0626, 52.3931], [21.9832, 52.4126], [21.9991, 52.4197], [21.9986, 52.4319], [22.003, 52.4063], [22.0209, 52.3932], [22.0228, 52.4005], [21.9719, 52.4068], [22.0481, 52.4388], [22.0562, 52.4329], [22.0064, 52.3887], [22.0296, 52.3883], [22.0334, 52.4037], [22.0072, 52.4019], [22.0169, 52.3953], [22.0306, 52.4009], [22.022, 52.4076], [22.03, 52.4129], [22.0541, 52.4093], [21.9972, 52.4148], [21.9813, 52.4264], [22.0064, 52.4305], [22.0045, 52.4034], [22.024, 52.4072], [22.0313, 52.4042], [21.996, 52.3979], [21.9996, 52.386], [22.0085, 52.3907], [22.007, 52.4115], [22.018, 52.4081], [22.0071, 52.4157], [21.9963, 52.4062], [22.038, 52.413], [22.0377, 52.4009], [22.0346, 52.3952], [22.0682, 52.3842], [22.0121, 52.3852], [21.9916, 52.3842], [22.0433, 52.3746], [22.0505, 52.3907], [22.0159, 52.4873], [22.1189, 52.3505], [22.0918, 52.4055], [21.9535, 52.4471], [21.9875, 52.6292], [22.0726, 52.5389], [22.0428, 52.3837], [22.1659, 52.4107], [22.1758, 52.3778], [22.0297, 52.3886], [22.0239, 52.4252], [22.0242, 52.4393], [22.0249, 52.4227], [22.0851, 52.4572], [22.0904, 52.4787], [21.9576, 52.402], [21.9891, 52.431], [21.9914, 52.4486], [21.9837, 52.4003], [21.938, 52.4046], [21.958, 52.4245], [21.9901, 52.4793], [22.1881, 52.362], [22.1644, 52.4421], [21.9419, 52.4059], [21.9549, 52.4267], [21.9196, 52.4407], [22.0001, 52.4175], [22.0603, 52.4032], [22.0733, 52.4153], [22.0131, 52.4294], [21.9336, 52.4802], [21.9545, 52.5051], [21.9595, 52.3971], [21.9139, 52.38], [21.8911, 52.4102], [21.9725, 52.407], [21.895, 52.3939], [21.9303, 52.425], [21.9824, 52.4028], [21.986, 52.4076], [22.0007, 52.406], [22.0351, 52.4223], [21.9553, 52.4181], [21.9552, 52.4347], [21.9945, 52.4187], [21.9963, 52.4405], [21.9922, 52.4537], [22.0187, 52.4057], [22.016, 52.4039], [22.0114, 52.4204], [22.0105, 52.4162], [21.9719, 52.4196], [21.9531, 52.4268], [21.9888, 52.4201], [21.8324, 52.3992], [21.894, 52.4347], [21.9452, 52.4074], [21.8772, 52.39], [21.8477, 52.4542], [21.9795, 52.3938], [21.9551, 52.4117], [21.9438, 52.4176], [22.0311, 52.4019], [22.0135, 52.4106], [22.0064, 52.4185], [21.9821, 52.4481], [22.114, 52.4847], [22.0932, 52.5254], [21.9403, 52.4194], [22.04, 52.4927], [21.8755, 52.4634], [21.9719, 52.417], [21.9488, 52.3868], [21.9175, 52.3907], [21.9847, 52.4036], [22.0193, 52.4246], [21.9552, 52.4046], [21.9884, 52.3875], [21.9956, 52.3725], [21.9929, 52.3593], [21.9666, 52.3896], [21.9827, 52.4144], [21.9772, 52.4227], [21.9943, 52.3958], [21.9915, 52.3779], [21.9829, 52.3769], [21.9929, 52.4089], [21.9814, 52.3981], [21.9673, 52.4028], [21.9906, 52.4067], [21.9688, 52.4123], [21.9545, 52.4148], [21.9981, 52.3865], [21.9608, 52.4043], [21.9651, 52.413], [21.9319, 52.4432], [22.0772, 52.4816], [21.9929, 52.5097], [21.9741, 52.4074], [22.0071, 52.3926], [21.9865, 52.3926], [21.9775, 52.4104], [22.0034, 52.4224], [21.9858, 52.4347], [22.008, 52.4324], [21.9237, 52.3801], [21.8791, 52.4717], [21.9786, 52.4388], [21.9526, 52.3871], [21.9146, 52.4028], [21.9626, 52.4207], [21.9588, 52.3741], [21.9353, 52.3949], [21.9884, 52.4104], [21.981, 52.3762], [21.9829, 52.3755], [22.0056, 52.3939], [21.966, 52.3881], [21.9744, 52.3718], [21.9753, 52.3687], [21.933, 52.3202], [21.9317, 52.2709], [22.0333, 52.3874], [21.9514, 52.3878], [21.9559, 52.3778], [21.9908, 52.3642], [21.9365, 52.3833], [21.9545, 52.3468], [21.9753, 52.3889], [22.0066, 52.3857], [22.0128, 52.3935], [21.997, 52.4128], [22.0267, 52.3989], [22.0092, 52.3958], [21.9916, 52.3901], [22.061, 52.37], [22.0726, 52.3852], [22.0416, 52.3728], [22.0905, 52.3751], [22.1053, 52.3195], [22.0224, 52.4033], [22.0115, 52.3847], [22.015, 52.3759], [22.0437, 52.4081], [22.0455, 52.3804], [22.0036, 52.3792], [21.9871, 52.3909], [22.0679, 52.3593], [22.0128, 52.3542], [21.9634, 52.3967], [21.9491, 52.3925], [21.9808, 52.3708], [21.9667, 52.3858], [21.9826, 52.3525], [21.9694, 52.3361], [22.0014, 52.3915], [21.9594, 52.3928], [21.9488, 52.3824], [21.9726, 52.419], [21.9667, 52.3879], [21.9509, 52.3769], [21.9749, 52.4042], [21.9701, 52.3952], [21.9516, 52.3903], [21.986, 52.3992], [21.9617, 52.4044], [21.9715, 52.3852], [22.0477, 52.3876], [21.991, 52.3734], [21.9865, 52.3583], [21.9349, 52.3934], [21.9211, 52.4212], [21.8798, 52.3921], [21.9702, 52.3917], [22.0538, 52.3939], [22.0356, 52.3745], [21.9907, 52.3941], [21.9543, 52.3728], [21.9253, 52.3773], [21.983, 52.4013], [22.0053, 52.3699], [21.9872, 52.3695], [21.934, 52.3991], [21.9655, 52.3526], [21.9118, 52.3333], [21.9513, 52.4352], [21.9106, 52.3787], [21.9288, 52.3537], [22.0287, 52.3958], [22.0628, 52.3896], [22.0719, 52.3681], [22.037, 52.4106], [22.0523, 52.3858], [22.0171, 52.3755], [22.0003, 52.3904], [22.005, 52.3885], [21.9979, 52.3806], [21.9981, 52.3923], [22.0254, 52.3962], [22.0093, 52.3875], [22.0138, 52.3743], [22.0784, 52.4188], [22.0726, 52.3806], [22.0035, 52.4002], [22.0191, 52.4023], [22.0178, 52.3958], [21.9924, 52.3939], [21.9762, 52.3976], [21.995, 52.3884], [22.023, 52.375], [22.0894, 52.4009], [22.0975, 52.3778], [21.9849, 52.3563], [22.0804, 52.3332], [22.0249, 52.3009], [22.0202, 52.3739], [22.0398, 52.354], [22.0377, 52.3241], [22.0425, 52.3962], [22.0552, 52.3916], [22.0541, 52.3671], [22.0, 52.3711], [21.9856, 52.3618], [21.9559, 52.3547], [22.0075, 52.3633], [21.9746, 52.3695], [21.9317, 52.3769], [21.9919, 52.3432], [22.0153, 52.3293], [21.8961, 52.3306], [33.9814, 48.8095], [34.1962, 48.8273], [34.0179, 48.7383]]]}}, {"type": "Feature", "properties": {"regionId": "32"}, "geometry": {"type": "Polygon", "coordinates": [[[28.8991, 47.9464], [22.0326, 52.3835], [22.0091, 52.4018], [22.0406, 52.4074], [22.0738, 52.3916], [22.0217, 52.5023], [22.0968, 52.4574], [22.0327, 52.4285], [22.0351, 52.3553], [22.0583, 52.394], [22.0146, 52.4135], [21.9909, 52.4285], [22.0114, 52.4421], [22.015, 52.3982], [22.0035, 52.4247], [22.0135, 52.4347], [22.0123, 52.4267], [22.0775, 52.4631], [22.0142, 52.481], [21.9858, 52.4223], [22.0521, 52.4153], [22.0164, 52.4403], [21.9847, 52.3869], [21.984, 52.3874], [21.9637, 52.3958], [21.9699, 52.4104], [21.9724, 52.4223], [21.9829, 52.4412], [22.0096, 52.4048], [21.982, 52.4221], [21.9972, 52.4319], [22.0145, 52.41], [22.0686, 52.3976], [22.0541, 52.438], [21.9691, 52.4049], [21.9304, 52.4115], [21.8954, 52.4074], [21.9885, 52.4104], [22.0152, 52.4282], [21.9936, 52.438], [21.9718, 52.4066], [21.9895, 52.4406], [21.9559, 52.4162], [21.979, 52.3833], [21.9853, 52.4233], [21.9545, 52.4074], [21.967, 52.4009], [21.9899, 52.4206], [21.9964, 52.4329], [22.0216, 52.4129], [22.0592, 52.3917], [22.0662, 52.4102], [22.0464, 52.3845], [22.0513, 52.4008], [22.0797, 52.4083], [22.0232, 52.3919], [22.056, 52.4], [22.0185, 52.4074], [22.0018, 52.4073], [22.0236, 52.4128], [22.0455, 52.4111], [22.0109, 52.4026], [22.0289, 52.3873], [22.0434, 52.3903], [22.0206, 52.3899], [22.0039, 52.4029], [21.9993, 52.4102], [22.0013, 52.4067], [22.0143, 52.4059], [22.0028, 52.4116], [21.9857, 52.4135], [22.0266, 52.4069], [22.0178, 52.419], [21.9881, 52.4121], [22.014, 52.437], [22.0099, 52.45], [21.9666, 52.4041], [21.9585, 52.4018], [21.9481, 52.4194], [21.9774, 52.3933], [21.9529, 52.3944], [21.9545, 52.4194], [21.9622, 52.4273], [22.0316, 52.409], [22.0455, 52.3986], [22.0522, 52.4227], [21.9752, 52.4176], [21.9594, 52.4352], [21.992, 52.4347], [22.0651, 52.4267], [22.022, 52.4657], [21.9965, 52.4114], [22.0254, 52.4069], [22.0334, 52.4014], [22.0228, 52.4085], [21.9836, 52.4205], [21.9666, 52.4204], [21.978, 52.4123], [21.9233, 52.3897], [21.9054, 52.4005], [21.9752, 52.4079], [22.0177, 52.4349], [21.9822, 52.4194], [29.0276, 48.6972], [29.0039, 48.7256], [29.0087, 48.7295], [22.0153, 52.4097], [22.0178, 52.4315], [21.9964, 52.437], [21.9451, 52.4196], [21.954, 52.3799], [21.9644, 52.3593], [21.9605, 52.3916], [22.0004, 52.3581], [21.973, 52.3713], [21.9857, 52.4214], [21.9342, 52.4021], [21.9345, 52.4139], [21.9969, 52.4108], [22.0131, 52.4298], [21.9865, 52.4185], [21.9933, 52.4091], [22.002, 52.428], [21.9822, 52.4315], [21.9655, 52.3928], [21.9564, 52.3484], [21.9217, 52.3583], [21.9962, 52.4172], [21.9738, 52.4109], [21.9516, 52.4088], [21.9846, 52.4223], [21.9477, 52.4207], [21.978, 52.4449], [21.9876, 52.4423], [21.9597, 52.392], [21.9495, 52.3671], [21.9501, 52.4083], [21.9013, 52.412], [21.9388, 52.3713], [21.9835, 52.367], [21.9356, 52.4028], [21.9068, 52.4153], [22.0032, 52.3661], [21.9513, 52.4195], [21.9573, 52.3903], [21.9612, 52.4164], [21.9861, 52.385], [21.9566, 52.3764], [21.9759, 52.3783], [21.9788, 52.3803], [22.015, 52.3644], [22.0081, 52.3845], [22.0153, 52.3939], [22.0292, 52.3894], [21.9909, 52.3957], [21.9848, 52.386], [21.9715, 52.3866], [21.9987, 52.3934], [22.0198, 52.3696], [22.0434, 52.3843], [22.0185, 52.3945], [22.0292, 52.376], [22.0384, 52.3741], [22.0082, 52.389], [21.9869, 52.3632], [22.01, 52.3519], [22.0152, 52.3777], [21.8941, 52.3681], [21.9402, 52.3463], [21.9856, 52.3881], [21.8521, 52.356], [21.9096, 52.3144], [22.0622, 52.3622], [22.0121, 52.382], [22.0021, 52.3472], [22.0419, 52.3938], [22.0531, 52.3473], [22.0762, 52.3199], [22.0388, 52.4166], [22.0856, 52.4302], [22.0662, 52.3898], [21.9714, 52.3756], [22.0323, 52.3715], [22.005, 52.3472], [22.045, 52.3918], [22.062, 52.3506], [22.0356, 52.3245], [22.0777, 52.3942], [22.0477, 52.3586], [22.0918, 52.3435], [22.0017, 52.3826], [21.9679, 52.3906], [21.9723, 52.3718], [22.0083, 52.3941], [22.0244, 52.4008], [22.0078, 52.3912], [22.0199, 52.3936], [22.0359, 52.3892], [22.0612, 52.3806], [22.0212, 52.3985], [22.018, 52.3845], [22.0505, 52.3921], [21.9924, 52.395], [22.0026, 52.3753], [22.0142, 52.3801], [22.0265, 52.4002], [22.0562, 52.4185], [22.0768, 52.3986], [28.8667, 48.0018], [28.9277, 47.993], [28.8991, 47.9464]]]}}, {"type": "Feature", "properties": {"regionId": "35"}, "geometry": {"type": "Polygon", "coordinates": [[[28.3476, 48.4333], [22.0351, 52.4276], [22.0734, 52.4492], [22.0982, 52.45], [21.9976, 52.4296], [22.0095, 52.4237], [22.0534, 52.4454], [22.0381, 52.4133], [21.9817, 52.4353], [22.01, 52.4606], [21.9886, 52.3992], [21.9813, 52.4171], [21.9687, 52.4222], [21.9833, 52.411], [21.9645, 52.3944], [21.9474, 52.4111], [22.0088, 52.4064], [22.0017, 52.4044], [21.9936, 52.4079], [22.0089, 52.4053], [22.0234, 52.409], [22.0313, 52.4167], [21.9837, 52.4004], [21.9519, 52.4141], [21.9424, 52.4282], [21.986, 52.4004], [22.0048, 52.4154], [21.9737, 52.4208], [21.9847, 52.4097], [21.9847, 52.4223], [21.9687, 52.4259], [21.9957, 52.4072], [22.013, 52.4082], [22.0029, 52.4139], [22.0376, 52.3926], [21.9982, 52.4341], [21.9779, 52.4342], [28.2738, 48.7997], [28.3367, 48.7757], [28.3185, 48.7934], [22.0286, 52.4472], [22.0285, 52.4795], [21.963, 52.4555], [21.9946, 52.3839], [21.9851, 52.4204], [21.9979, 52.4236], [21.9552, 52.4137], [21.9962, 52.4251], [21.9559, 52.444], [22.01, 52.4126], [22.0015, 52.4301], [22.0455, 52.4204], [21.9849, 52.413], [22.0136, 52.4064], [22.0178, 52.4116], [21.9852, 52.3963], [21.9792, 52.4013], [21.9751, 52.4097], [22.0115, 52.4185], [21.8927, 52.4606], [21.9488, 52.4708], [21.9856, 52.4083], [21.974, 52.4015], [21.9537, 52.406], [21.9943, 52.4095], [21.9756, 52.4068], [21.9644, 52.4171], [22.0254, 52.4022], [21.9995, 52.4201], [22.0171, 52.4255], [22.0039, 52.4255], [21.9519, 52.4371], [21.9061, 52.4366], [21.951, 52.4139], [21.9332, 52.3845], [21.8883, 52.369], [21.9629, 52.3902], [22.0097, 52.3677], [21.9808, 52.3574], [21.9782, 52.3776], [21.9553, 52.403], [21.9402, 52.3945], [21.9891, 52.4105], [21.9734, 52.4164], [21.9722, 52.3995], [21.9881, 52.3964], [21.997, 52.4069], [21.9815, 52.4116], [27.8104, 49.0541], [27.8294, 49.0341], [27.8254, 49.029], [21.9867, 52.3939], [21.9875, 52.3901], [21.9701, 52.3894], [22.0068, 52.3956], [22.0029, 52.3886], [21.9922, 52.3829], [21.9969, 52.391], [21.9825, 52.4031], [21.9737, 52.4009], [21.9856, 52.3928], [21.9806, 52.3986], [21.9687, 52.3972], [21.9739, 52.4225], [21.9378, 52.4309], [21.9089, 52.4143], [22.0048, 52.369], [21.9757, 52.3565], [21.9388, 52.3815], [22.0031, 52.3774], [21.9707, 52.402], [21.9566, 52.3833], [22.0331, 52.3787], [21.9625, 52.3695], [22.0107, 52.3496], [21.971, 52.3971], [21.9403, 52.405], [21.926, 52.3944], [21.9977, 52.3871], [21.9452, 52.3503], [21.9623, 52.3361], [22.0204, 52.365], [22.0365, 52.3641], [22.0, 52.3371], [22.0041, 52.2814], [22.0682, 52.4181], [22.1267, 52.3676], [22.0298, 52.407], [22.025, 52.3917], [22.0519, 52.3787], [22.0455, 52.4022], [22.0085, 52.3987], [22.0277, 52.3838], [22.0123, 52.3684], [22.0627, 52.3571], [22.1032, 52.3371], [22.0362, 52.4065], [22.0682, 52.3845], [22.0875, 52.4292], [22.0173, 52.4161], [22.0272, 52.3908], [22.0284, 52.3815], [22.0255, 52.3945], [22.0387, 52.3833], [22.0584, 52.3764], [22.0215, 52.3937], [22.0395, 52.3806], [22.0085, 52.381], [21.9873, 52.3696], [22.0034, 52.353], [22.0327, 52.3435], [22.0012, 52.3653], [21.9819, 52.366], [22.0455, 52.363], [22.0167, 52.3904], [22.002, 52.3647], [22.0256, 52.363], [22.0956, 52.395], [22.0633, 52.4371], [22.1295, 52.3778], [28.2348, 48.4734], [28.2763, 48.4717], [28.3476, 48.4333]]]}}, {"type": "Feature", "properties": {"regionId": "143"}, "geometry": {"type": "Polygon", "coordinates": [[[32.2177, 50.2227], [22.0304, 52.4153], [22.1494, 52.3945], [22.1153, 52.4046], [21.9889, 52.3983], [22.0112, 52.4101], [22.0014, 52.4143], [21.9796, 52.411], [22.0458, 52.4046], [22.0356, 52.4292], [22.0503, 52.4104], [22.0011, 52.4262], [22.0427, 52.4333], [22.0423, 52.3856], [22.1183, 52.3682], [22.1551, 52.3676], [21.9909, 52.3773], [22.0019, 52.3654], [22.0377, 52.3481], [22.0362, 52.4221], [22.0925, 52.4016], [22.1181, 52.4218], [22.0201, 52.396], [22.0795, 52.3875], [22.0975, 52.3861], [22.0092, 52.4197], [22.0161, 52.3829], [22.0242, 52.3995], [22.0511, 52.385], [22.0176, 52.4095], [22.0235, 52.4148], [22.0282, 52.4085], [22.0817, 52.4171], [22.1103, 52.4398], [22.0311, 52.3972], [22.0008, 52.4305], [22.0384, 52.425], [21.9874, 52.4137], [22.0154, 52.414], [22.027, 52.4144], [22.0039, 52.4131], [22.0178, 52.4174], [22.0057, 52.4305], [22.0129, 52.4082], [22.0556, 52.3872], [22.0427, 52.4065], [22.0083, 52.4078], [22.0129, 52.413], [22.01, 52.4218], [22.0099, 52.4029], [22.0201, 52.397], [22.0263, 52.4056], [22.0198, 52.4138], [22.0127, 52.4201], [22.0007, 52.4361], [22.0355, 52.4186], [22.0394, 52.449], [22.0733, 52.4565], [21.9658, 52.4079], [22.0072, 52.4323], [21.995, 52.4528], [22.0403, 52.3992], [22.0288, 52.4264], [22.0342, 52.4472], [21.9561, 52.4309], [22.0538, 52.418], [22.0633, 52.4347], [22.0515, 52.4028], [21.9936, 52.4182], [21.9758, 52.4199], [21.9629, 52.4346], [21.9801, 52.4539], [21.9659, 52.4847], [22.0113, 52.4051], [22.0439, 52.4249], [22.0135, 52.4236], [22.005, 52.4154], [22.0174, 52.4192], [22.0007, 52.4319], [21.9922, 52.4219], [22.0393, 52.4022], [22.0334, 52.4167], [22.0021, 52.4071], [22.0009, 52.4701], [21.9844, 52.4671], [21.9472, 52.3817], [21.9428, 52.4254], [21.9295, 52.4463], [21.9598, 52.3922], [21.9667, 52.367], [21.931, 52.3806], [21.9843, 52.4161], [21.9877, 52.4066], [21.9673, 52.4079], [21.9567, 52.3709], [21.9574, 52.3596], [21.9773, 52.331], [21.9548, 52.4035], [21.9911, 52.388], [21.9623, 52.375], [21.9837, 52.3796], [21.9369, 52.3782], [21.9039, 52.3625], [21.9644, 52.381], [21.9605, 52.401], [21.9345, 52.4171], [21.96, 52.4013], [21.977, 52.4356], [21.9509, 52.4514], [21.9401, 52.4122], [21.9449, 52.4121], [21.9445, 52.444], [22.0243, 52.4272], [21.9155, 52.4662], [21.8989, 52.437], [21.9147, 52.3989], [21.9562, 52.4452], [21.9068, 52.4699], [21.9498, 52.4116], [21.8753, 52.3667], [21.9089, 52.3324], [21.9641, 52.4054], [21.9556, 52.3991], [21.9559, 52.3829], [21.9605, 52.4644], [21.9677, 52.4074], [21.9288, 52.4171], [21.9825, 52.378], [21.9755, 52.3854], [21.9666, 52.4056], [21.9845, 52.3938], [21.9541, 52.3977], [21.9893, 52.4032], [22.0157, 52.3977], [22.0168, 52.4105], [21.9993, 52.4042], [21.9813, 52.3936], [21.9609, 52.3916], [21.9395, 52.407], [21.9941, 52.3838], [21.9821, 52.3635], [21.9566, 52.3556], [21.9937, 52.3976], [21.97, 52.4062], [21.9552, 52.3898], [21.9751, 52.3975], [22.0011, 52.3827], [22.0043, 52.3713], [21.9816, 52.3961], [21.9732, 52.3938], [21.9694, 52.3796], [21.9582, 52.4022], [21.9929, 52.3587], [21.9815, 52.3505], [21.9697, 52.3687], [22.0298, 52.391], [22.0078, 52.3509], [22.0197, 52.3993], [22.0265, 52.3679], [22.0477, 52.3602], [21.9823, 52.399], [21.9805, 52.3644], [21.9957, 52.3718], [22.0136, 52.3721], [21.9341, 52.4102], [21.941, 52.3519], [22.0133, 52.389], [21.9658, 52.3809], [21.968, 52.3704], [21.9733, 52.4025], [21.9711, 52.4215], [21.9388, 52.4139], [22.0, 52.3825], [21.9793, 52.3939], [21.9637, 52.3972], [21.9895, 52.3786], [21.9688, 52.3673], [21.9787, 52.3472], [21.9653, 52.4008], [21.9928, 52.3907], [21.9843, 52.3801], [21.9443, 52.3906], [22.0075, 52.3647], [22.0277, 52.3556], [22.03, 52.3002], [22.1937, 52.3717], [22.1395, 52.3246], [22.0418, 52.3603], [21.9351, 52.3723], [21.9345, 52.3681], [22.0026, 52.3795], [21.9858, 52.4049], [21.9765, 52.3926], [22.0059, 52.3974], [22.0113, 52.3966], [22.0164, 52.3949], [21.9689, 52.3833], [22.0298, 52.3824], [22.0441, 52.3782], [22.0267, 52.2675], [22.0974, 52.4105], [22.0598, 52.3232], [32.1257, 50.217], [32.2722, 50.294], [32.2177, 50.2227]]]}}, {"type": "Feature", "properties": {"regionId": "149"}, "geometry": {"type": "Polygon", "coordinates": [[[35.653, 47.4599], [22.0815, 52.3893], [22.1388, 52.4634], [22.1985, 52.4166], [22.0805, 52.4627], [22.0023, 52.5721], [22.0391, 52.6134], [21.9801, 52.4189], [22.0361, 52.4129], [22.0548, 52.4176], [22.0188, 52.3771], [21.967, 52.3251], [22.0285, 52.3384], [22.0338, 52.384], [22.1141, 52.3933], [22.0946, 52.3505], [22.0522, 52.3969], [22.0458, 52.4183], [22.0391, 52.444], [22.051, 52.4126], [22.188, 52.4033], [22.1715, 52.4231], [22.0083, 52.405], [22.0124, 52.405], [22.0142, 52.4171], [22.0102, 52.4002], [22.0233, 52.3961], [22.0085, 52.4051], [22.0191, 52.4126], [21.9761, 52.42], [21.9972, 52.4403], [21.9985, 52.4149], [21.9577, 52.3875], [21.9331, 52.3921], [21.9718, 52.3924], [21.9696, 52.4083], [21.9431, 52.4028], [22.0015, 52.4188], [21.9542, 52.4324], [22.0064, 52.4342], [21.9978, 52.3818], [22.0217, 52.3718], [22.0384, 52.3847], [22.0225, 52.4293], [21.9994, 52.4411], [21.9908, 52.4722], [21.9564, 52.3769], [21.9868, 52.4202], [21.9381, 52.4236], [22.0526, 52.4105], [21.9936, 52.4365], [21.9865, 52.4518], [22.0434, 52.4012], [22.0238, 52.4211], [22.0178, 52.4394], [21.9942, 52.4014], [21.9052, 52.3727], [21.9253, 52.3921], [22.0218, 52.4171], [21.9935, 52.4024], [21.9915, 52.4208], [22.0542, 52.4421], [21.8971, 52.3973], [21.8591, 52.3958], [21.9754, 52.3923], [21.9836, 52.4224], [21.9765, 52.4319], [21.976, 52.3938], [21.9343, 52.3896], [21.9246, 52.4074], [21.9616, 52.4833], [21.816, 52.3232], [21.7744, 52.3898], [21.9319, 52.3939], [21.8958, 52.422], [21.8307, 52.4255], [21.9615, 52.4305], [21.9167, 52.4091], [21.8712, 52.4157], [21.9793, 52.4042], [21.9662, 52.3892], [21.9466, 52.3866], [21.9701, 52.4043], [21.9406, 52.4072], [21.9139, 52.3968], [21.9751, 52.4027], [21.9738, 52.3792], [21.9587, 52.375], [21.9587, 52.3936], [21.924, 52.3984], [21.8819, 52.3935], [22.0045, 52.4387], [21.999, 52.4399], [21.9402, 52.4417], [21.9952, 52.3778], [22.0487, 52.3166], [21.9922, 52.3199], [21.974, 52.3816], [22.0243, 52.3569], [22.022, 52.332], [22.0371, 52.4081], [22.0394, 52.398], [22.0434, 52.3764], [22.0092, 52.3746], [21.9806, 52.3623], [21.9587, 52.3838], [21.9778, 52.3995], [21.9763, 52.3928], [21.9787, 52.3796], [21.9409, 52.4019], [21.9543, 52.3812], [21.9637, 52.3514], [22.0003, 52.3888], [22.0196, 52.4003], [22.0292, 52.4019], [22.0381, 52.4267], [22.0068, 52.3621], [22.0541, 52.3806], [22.0016, 52.365], [21.9482, 52.2888], [22.0612, 52.319], [22.0161, 52.3518], [21.9666, 52.3264], [21.9509, 52.2935], [22.0023, 52.3751], [22.0578, 52.3461], [22.0199, 52.332], [22.0038, 52.3907], [22.0248, 52.3882], [22.0086, 52.3801], [22.0382, 52.4073], [22.0165, 52.3845], [21.9858, 52.387], [22.0411, 52.4081], [22.0595, 52.3918], [22.0213, 52.3745], [22.0505, 52.3569], [22.1424, 52.3798], [22.1985, 52.407], [22.0779, 52.5537], [22.1341, 52.4357], [22.1416, 52.4893], [21.9868, 52.4176], [22.0506, 52.4566], [22.0583, 52.4403], [22.0255, 52.3725], [22.0935, 52.3866], [22.0904, 52.3495], [22.0179, 52.3953], [22.0539, 52.408], [22.0292, 52.3866], [35.5957, 47.4824], [35.6604, 47.5004], [35.653, 47.4599]]]}}, {"type": "Feature", "properties": {"regionId": "136"}, "geometry": {"type": "Polygon", "coordinates": [[[26.2344, 49.7302], [22.0276, 52.407], [22.0721, 52.4151], [22.1181, 52.4162], [21.9864, 52.4205], [22.0096, 52.4174], [22.0128, 52.437], [22.0215, 52.3923], [22.0441, 52.4307], [22.0576, 52.3991], [22.002, 52.3893], [22.0428, 52.3931], [22.037, 52.3769], [22.0154, 52.3733], [22.031, 52.4126], [22.0399, 52.3968], [22.0393, 52.4008], [22.0433, 52.3889], [22.0569, 52.4116], [21.9181, 52.4307], [22.0198, 52.4502], [22.0804, 52.4356], [22.0053, 52.4264], [22.0481, 52.4144], [22.064, 52.3991], [21.9762, 52.3943], [21.9971, 52.3765], [21.9715, 52.3542], [22.0071, 52.3994], [22.0247, 52.4007], [22.032, 52.4009], [22.0353, 52.3963], [22.0357, 52.4177], [22.0633, 52.4157], [22.0084, 52.3833], [22.0232, 52.3995], [22.0391, 52.4093], [22.0431, 52.395], [22.0159, 52.388], [22.0633, 52.3806], [22.0221, 52.3909], [22.0393, 52.3845], [22.0697, 52.3787], [22.0199, 52.3839], [22.0072, 52.433], [22.0633, 52.4291], [22.0342, 52.4018], [21.9657, 52.4343], [22.0726, 52.4181], [22.017, 52.406], [22.0253, 52.4207], [22.0462, 52.4171], [22.0177, 52.4003], [22.0077, 52.4145], [22.0221, 52.4014], [22.0364, 52.4122], [22.0302, 52.3963], [22.0014, 52.3769], [22.0931, 52.3899], [21.9966, 52.4311], [22.106, 52.4139], [22.0047, 52.391], [21.9599, 52.3705], [21.9929, 52.3644], [22.0154, 52.3932], [22.0359, 52.3946], [22.0484, 52.3945], [21.9879, 52.383], [22.0191, 52.3916], [22.0306, 52.3968], [21.9997, 52.41], [22.046, 52.4113], [22.0413, 52.4296], [22.0211, 52.394], [22.039, 52.3878], [22.0434, 52.369], [21.9921, 52.3745], [22.0244, 52.3782], [22.0462, 52.3894], [21.9968, 52.4154], [22.0267, 52.4174], [22.0313, 52.4305], [22.0128, 52.4], [22.0242, 52.361], [22.0484, 52.3713], [22.0406, 52.3946], [22.0153, 52.4269], [22.0363, 52.4296], [22.0402, 52.3895], [22.0067, 52.441], [22.0399, 52.4384], [22.0223, 52.4103], [21.9534, 52.4609], [21.9893, 52.4667], [22.0116, 52.4236], [22.05, 52.3841], [22.0598, 52.4], [22.0305, 52.4471], [22.0382, 52.4008], [22.0655, 52.4231], [22.0097, 52.4715], [21.9186, 52.4283], [21.9452, 52.4708], [21.984, 52.4103], [22.0277, 52.4099], [21.9993, 52.4181], [21.997, 52.4261], [22.0231, 52.4283], [22.0512, 52.437], [21.991, 52.4099], [21.9788, 52.4222], [21.9865, 52.4361], [21.9704, 52.4033], [21.9595, 52.3467], [21.958, 52.3977], [22.004, 52.4119], [21.9799, 52.4021], [21.9851, 52.4241], [27.6155, 50.0866], [27.6546, 50.1072], [27.6418, 50.1209], [21.9767, 52.4389], [21.9324, 52.3512], [21.8954, 52.3875], [21.9834, 52.4151], [21.9804, 52.4253], [21.9473, 52.4245], [22.0101, 52.4283], [21.9735, 52.4039], [21.9594, 52.4236], [21.9822, 52.4099], [22.0335, 52.4076], [22.0107, 52.4255], [21.9666, 52.433], [21.875, 52.4106], [21.9089, 52.4472], [21.9773, 52.4446], [21.8772, 52.4237], [21.9588, 52.4949], [22.0153, 52.414], [22.0058, 52.4321], [22.0199, 52.4472], [21.9859, 52.4047], [21.9708, 52.3917], [21.9601, 52.4028], [22.0084, 52.4223], [21.9665, 52.4279], [21.9452, 52.437], [21.9973, 52.4292], [21.9707, 52.4379], [21.9281, 52.4296], [21.9754, 52.4104], [22.0068, 52.4241], [21.9815, 52.4352], [21.9737, 52.3859], [21.9381, 52.3853], [21.9545, 52.3551], [21.9002, 52.4222], [21.9468, 52.3378], [21.8257, 52.3954], [21.9695, 52.3831], [21.9648, 52.3466], [21.9274, 52.3759], [21.9888, 52.3857], [21.9928, 52.373], [21.9601, 52.3796], [21.9842, 52.3967], [21.9971, 52.3965], [21.9908, 52.3898], [21.9894, 52.3949], [21.9848, 52.396], [21.99, 52.3833], [21.9758, 52.3924], [22.009, 52.3942], [22.0206, 52.3977], [22.001, 52.3918], [21.9877, 52.3919], [21.9808, 52.3889], [21.9895, 52.4014], [21.969, 52.3873], [21.9751, 52.4157], [21.9821, 52.3999], [21.9954, 52.3835], [21.9829, 52.3769], [22.0315, 52.3861], [21.9876, 52.3909], [21.9872, 52.3833], [22.0063, 52.3703], [21.9641, 52.381], [21.9666, 52.3468], [21.969, 52.4101], [21.9739, 52.3888], [21.9651, 52.375], [21.9787, 52.4071], [21.9484, 52.4101], [21.9452, 52.3894], [21.9953, 52.3848], [21.9824, 52.3794], [21.9587, 52.375], [22.0147, 52.3907], [22.0112, 52.3834], [21.9907, 52.388], [22.0099, 52.3908], [21.991, 52.3842], [21.9836, 52.3926], [21.9881, 52.3921], [22.0042, 52.3909], [21.9979, 52.3843], [21.9898, 52.4038], [21.9781, 52.3888], [21.9893, 52.388], [21.98, 52.4023], [21.9805, 52.3861], [21.9879, 52.3778], [21.9763, 52.4081], [21.9676, 52.3927], [21.9495, 52.3977], [22.0166, 52.4111], [22.0067, 52.4062], [21.9907, 52.4028], [21.978, 52.3924], [21.9468, 52.4114], [21.9353, 52.3898], [21.9749, 52.402], [21.9764, 52.3823], [21.9537, 52.3815], [21.9922, 52.388], [21.9638, 52.3779], [21.973, 52.3639], [21.9782, 52.3735], [21.9333, 52.3758], [21.9054, 52.3755], [22.0146, 52.3857], [21.9832, 52.3699], [22.0228, 52.3671], [22.0051, 52.4012], [22.0059, 52.3789], [22.0306, 52.3727], [22.0407, 52.3685], [21.888, 52.4032], [21.9459, 52.3472], [22.0084, 52.3968], [22.0258, 52.3783], [22.0064, 52.381], [22.0077, 52.3852], [21.9233, 52.3817], [21.9801, 52.3732], [22.0224, 52.3975], [22.0024, 52.3818], [22.005, 52.3718], [21.9744, 52.4021], [21.9688, 52.3993], [21.953, 52.3898], [21.9736, 52.388], [22.0029, 52.3568], [22.0071, 52.3389], [26.1277, 49.7678], [26.2042, 49.7467], [26.2344, 49.7302]]]}}, {"type": "Feature", "properties": {"regionId": "140"}, "geometry": {"type": "Polygon", "coordinates": [[[32.0562, 51.2808], [22.0028, 52.4009], [21.9995, 52.402], [21.9986, 52.4028], [32.0519, 51.2827], [32.0552, 51.2816], [32.0562, 51.2808]]]}}, {"type": "Feature", "properties": {"regionId": "67"}, "geometry": {"type": "Polygon", "coordinates": [[[24.585, 47.8385], [22.0248, 52.401], [22.0294, 52.3825], [22.0391, 52.3769], [22.0034, 52.407], [22.0206, 52.4089], [22.0263, 52.4028], [21.9982, 52.372], [22.0551, 52.3641], [22.0406, 52.3347], [21.9883, 52.3818], [22.0264, 52.3789], [22.0363, 52.3685], [21.9955, 52.3819], [22.025, 52.3973], [22.0349, 52.3926], [22.011, 52.3817], [22.0159, 52.4006], [22.0334, 52.3963], [22.0108, 52.3938], [22.0127, 52.3831], [22.0363, 52.3861], [22.0332, 52.4005], [22.0041, 52.3872], [22.0206, 52.3773], [22.0098, 52.3795], [22.0317, 52.3675], [22.0491, 52.35], [22.0339, 52.3264], [22.061, 52.4335], [22.0811, 52.456], [22.0101, 52.4098], [22.0596, 52.4475], [22.0235, 52.4523], [22.0118, 52.4122], [21.9638, 52.4191], [21.963, 52.4384], [22.0385, 52.4108], [21.9927, 52.4285], [21.9758, 52.4444], [21.9943, 52.4067], [22.0006, 52.4085], [22.0085, 52.4088], [21.9912, 52.401], [21.9794, 52.4103], [21.9936, 52.4097], [21.9904, 52.4086], [21.9791, 52.4327], [21.9964, 52.444], [21.9761, 52.4205], [22.0212, 52.4325], [22.0398, 52.4509], [22.0125, 52.4171], [22.0502, 52.4192], [22.0277, 52.4417], [21.9785, 52.4275], [22.0317, 52.4079], [22.0491, 52.4079], [22.0004, 52.4307], [22.029, 52.4064], [22.037, 52.4324], [21.9777, 52.4167], [22.0314, 52.4172], [21.995, 52.4213], [21.9567, 52.4007], [21.9778, 52.4462], [21.9281, 52.4333], [21.9741, 52.3881], [21.9769, 52.4199], [21.9637, 52.4236], [21.986, 52.3967], [21.9938, 52.3902], [21.9786, 52.388], [21.9807, 52.4088], [21.9739, 52.3888], [21.9637, 52.3819], [21.9673, 52.4138], [21.9497, 52.4269], [21.9203, 52.4366], [21.9792, 52.397], [21.9564, 52.3834], [21.9509, 52.4037], [22.0045, 52.4255], [22.0134, 52.4233], [21.9744, 52.4176], [21.9847, 52.3979], [21.9825, 52.4431], [21.973, 52.4181], [21.9713, 52.4094], [21.9185, 52.3915], [21.9559, 52.3704], [22.002, 52.3856], [21.9837, 52.3638], [21.9644, 52.3533], [21.9905, 52.3909], [22.0032, 52.3854], [21.9893, 52.3806], [21.9857, 52.3938], [22.0163, 52.3903], [22.0078, 52.3861], [21.9825, 52.4053], [21.9716, 52.391], [21.958, 52.4009], [22.0075, 52.392], [21.981, 52.3856], [21.9786, 52.3778], [21.9839, 52.3813], [21.963, 52.3768], [22.0036, 52.3611], [22.02, 52.3858], [22.0644, 52.3598], [22.032, 52.3412], [24.5899, 47.8994], [24.5919, 47.8627], [24.585, 47.8385]]]}}, {"type": "Feature", "properties": {"regionId": "92"}, "geometry": {"type": "Polygon", "coordinates": [[[24.6099, 50.3722], [22.0022, 52.4015], [22.0107, 52.4007], [22.0078, 52.4037], [24.6094, 50.3798], [24.6075, 50.3781], [24.6099, 50.3722]]]}}, {"type": "Feature", "properties": {"regionId": "119"}, "geometry": {"type": "Polygon", "coordinates": [[[24.9109, 49.0559], [22.0334, 52.3781], [22.0972, 52.3588], [22.1039, 52.3838], [22.0638, 52.3821], [22.2749, 52.3875], [22.3074, 52.4329], [22.2067, 52.3524], [22.0362, 52.3848], [22.1615, 52.3968], [22.1228, 52.3852], [21.9814, 52.3067], [22.1686, 52.3195], [22.0164, 52.439], [22.0655, 52.3862], [22.0128, 52.4477], [22.0225, 52.4017], [22.0526, 52.3686], [22.0491, 52.3954], [22.0394, 52.4185], [22.032, 52.3955], [22.0598, 52.3977], [22.01, 52.3925], [22.0197, 52.3559], [22.0263, 52.3685], [22.0152, 52.3939], [22.0161, 52.4147], [22.0107, 52.419], [22.0197, 52.3788], [22.0366, 52.4164], [22.0576, 52.4296], [22.0347, 52.4209], [21.9875, 52.4121], [21.995, 52.4287], [21.9995, 52.4229], [22.0096, 52.4374], [22.0228, 52.4602], [22.013, 52.3949], [22.1055, 52.4174], [22.0761, 52.4227], [21.9569, 52.4106], [21.9532, 52.4496], [21.9694, 52.4741], [22.0384, 52.4012], [22.0853, 52.3784], [22.1345, 52.3884], [22.0646, 52.398], [22.0956, 52.417], [22.138, 52.4213], [22.0552, 52.3844], [22.0655, 52.3999], [22.0583, 52.4245], [21.984, 52.4138], [21.9848, 52.4094], [21.9673, 52.418], [21.9941, 52.4185], [22.0015, 52.4457], [21.9829, 52.462], [21.9492, 52.4147], [21.9707, 52.4479], [22.0078, 52.4657], [22.0105, 52.4145], [22.0186, 52.3799], [22.032, 52.4019], [21.984, 52.4175], [22.0004, 52.4338], [21.9815, 52.4509], [22.0054, 52.4069], [22.0259, 52.4258], [22.0384, 52.4338], [22.0319, 52.3839], [22.0264, 52.4218], [22.0292, 52.431], [21.9749, 52.4259], [21.9385, 52.439], [21.9039, 52.4565], [21.9739, 52.3848], [21.8942, 52.4089], [21.8442, 52.3884], [21.9801, 52.4083], [21.9587, 52.4001], [21.9388, 52.4032], [21.9752, 52.3987], [22.0052, 52.3914], [21.9872, 52.3843], [21.981, 52.4243], [21.9329, 52.4135], [21.926, 52.4375], [21.97, 52.4106], [22.0026, 52.413], [22.0043, 52.4366], [22.0134, 52.4117], [22.0573, 52.411], [22.0292, 52.4287], [21.9965, 52.3932], [21.9587, 52.3944], [21.963, 52.4032], [21.9739, 52.4082], [21.9336, 52.3927], [21.9153, 52.4088], [21.9826, 52.3918], [21.9775, 52.3982], [21.9559, 52.3954], [21.9789, 52.3871], [21.9453, 52.4075], [21.9402, 52.4268], [21.9941, 52.4358], [21.9605, 52.3803], [21.9445, 52.3829], [21.9853, 52.3807], [21.9555, 52.3858], [21.9402, 52.375], [21.9766, 52.3653], [21.9544, 52.3966], [21.9417, 52.4213], [21.9493, 52.4048], [21.9745, 52.4349], [21.9609, 52.4583], [21.9978, 52.4204], [21.9534, 52.4322], [21.9523, 52.4481], [21.9954, 52.4076], [22.0159, 52.4166], [22.0014, 52.4181], [21.9896, 52.3951], [21.9691, 52.4026], [21.963, 52.3926], [21.9877, 52.3786], [22.0082, 52.3571], [21.9872, 52.3394], [22.0028, 52.3891], [21.9689, 52.3944], [21.958, 52.3912], [22.0113, 52.3888], [21.9535, 52.3946], [21.968, 52.3852], [21.9805, 52.3653], [21.9828, 52.3857], [21.9545, 52.3875], [21.9756, 52.3719], [21.8937, 52.4256], [21.8883, 52.3819], [21.9811, 52.3883], [21.9341, 52.4231], [21.9381, 52.4009], [22.0184, 52.3662], [21.9687, 52.3493], [22.0213, 52.3375], [22.0296, 52.3783], [21.9723, 52.3705], [21.9637, 52.3542], [21.9657, 52.4337], [21.9457, 52.4222], [21.931, 52.3884], [21.9929, 52.3735], [22.0038, 52.3324], [21.9594, 52.3389], [22.0052, 52.3829], [21.9996, 52.3738], [21.9744, 52.3764], [22.0238, 52.3844], [21.9818, 52.4004], [21.9694, 52.3968], [21.9878, 52.393], [22.0238, 52.3808], [21.9865, 52.3875], [21.9911, 52.4117], [21.977, 52.4097], [21.9737, 52.3977], [21.9837, 52.4049], [21.9609, 52.4022], [21.9758, 52.3884], [21.9877, 52.4016], [21.9576, 52.4082], [21.9516, 52.3857], [21.9529, 52.3997], [21.9228, 52.4033], [21.9331, 52.3685], [21.9815, 52.3661], [22.0102, 52.3376], [22.0256, 52.307], [22.0298, 52.3805], [22.0225, 52.3506], [22.0256, 52.3273], [22.0752, 52.4273], [22.0339, 52.3921], [22.0754, 52.3755], [22.0224, 52.388], [21.9819, 52.3945], [21.9822, 52.382], [21.9853, 52.3703], [22.0065, 52.3528], [22.01, 52.3273], [24.9767, 49.0828], [24.9715, 49.1111], [24.9109, 49.0559]]]}}, {"type": "Feature", "properties": {"regionId": "137"}, "geometry": {"type": "Polygon", "coordinates": [[[25.4709, 47.7969], [22.1179, 52.4104], [22.2247, 52.4309], [22.3344, 52.413], [22.044, 52.4099], [22.0674, 52.4442], [22.1174, 52.4217], [22.0312, 52.4224], [22.0568, 52.4066], [22.1003, 52.4162], [22.0777, 52.4191], [22.2058, 52.3776], [22.2184, 52.4546], [21.9958, 52.4252], [22.0419, 52.4295], [22.0605, 52.4444], [22.0181, 52.4179], [22.0143, 52.4464], [22.0413, 52.4634], [22.034, 52.41], [22.0153, 52.4248], [22.0242, 52.4403], [22.0069, 52.3961], [22.0228, 52.3975], [22.015, 52.4055], [22.0207, 52.3905], [22.0144, 52.4013], [22.0306, 52.4079], [22.0172, 52.3967], [21.9874, 52.3816], [22.0164, 52.3917], [22.0134, 52.3974], [22.0295, 52.417], [22.0384, 52.4028], [22.0147, 52.4011], [21.9969, 52.408], [22.0057, 52.412], [22.0185, 52.3954], [22.0207, 52.4069], [22.0256, 52.4111], [22.0184, 52.3977], [22.0356, 52.4064], [22.0534, 52.394], [22.0205, 52.4243], [21.9626, 52.4945], [21.9673, 52.4916], [22.0067, 52.436], [21.9212, 52.4744], [21.9167, 52.4268], [21.9649, 52.3923], [22.0056, 52.4421], [21.9794, 52.4264], [21.9475, 52.3837], [21.9535, 52.4254], [21.9167, 52.3926], [21.9529, 52.4372], [21.9586, 52.375], [21.9111, 52.3852], [21.9819, 52.415], [22.0266, 52.4152], [22.01, 52.4268], [21.9749, 52.4144], [22.0204, 52.4231], [21.9843, 52.4384], [21.9723, 52.447], [21.8964, 52.4542], [21.862, 52.4796], [21.9568, 52.4543], [22.0725, 52.3448], [22.0306, 52.4264], [22.0177, 52.4001], [21.9952, 52.4064], [21.9964, 52.413], [22.0119, 52.4005], [22.0158, 52.4059], [22.0206, 52.412], [22.0195, 52.4172], [21.9884, 52.4021], [21.9765, 52.4051], [21.9933, 52.4125], [21.9829, 52.4244], [21.9651, 52.4319], [21.981, 52.4125], [21.9913, 52.4208], [22.0064, 52.4315], [22.0063, 52.41], [21.9879, 52.4192], [21.9993, 52.4296], [21.9682, 52.4472], [21.9735, 52.3862], [21.9545, 52.3769], [21.9399, 52.4377], [21.9233, 52.3508], [21.8648, 52.387], [21.9771, 52.4051], [21.9507, 52.3941], [21.973, 52.419], [21.9769, 52.4171], [21.9466, 52.4792], [21.9039, 52.4505], [21.9687, 52.3526], [21.9831, 52.363], [21.9466, 52.3972], [21.838, 52.4256], [21.8809, 52.3236], [21.9004, 52.2644], [21.9859, 52.3627], [21.9927, 52.3272], [22.0028, 52.2935], [21.9883, 52.3902], [21.9926, 52.3925], [22.0071, 52.3944], [22.0024, 52.3906], [21.9975, 52.3817], [21.9964, 52.3732], [22.0106, 52.3853], [22.0517, 52.3783], [22.0505, 52.3634], [21.9678, 52.3879], [22.0135, 52.3649], [21.9673, 52.3602], [21.9725, 52.388], [21.9751, 52.3673], [21.963, 52.3468], [21.9868, 52.4202], [21.978, 52.3809], [21.9424, 52.4083], [21.9756, 52.4019], [21.9835, 52.396], [21.9708, 52.387], [21.9817, 52.4086], [21.9819, 52.4038], [21.9687, 52.4], [21.9917, 52.3577], [21.9643, 52.3335], [21.9907, 52.2954], [21.9981, 52.3724], [22.0014, 52.374], [21.9594, 52.3773], [21.9837, 52.4081], [21.922, 52.3869], [21.9452, 52.3759], [22.0224, 52.364], [21.9348, 52.3655], [21.9559, 52.3366], [25.4526, 47.8626], [25.2894, 47.8656], [25.4709, 47.7969], [26.0857, 48.0269], [21.9972, 52.4028], [26.0857, 48.0269], [25.4709, 47.7969]]]}}, {"type": "Feature", "properties": {"regionId": "99"}, "geometry": {"type": "Polygon", "coordinates": [[[29.6305, 47.2567], [21.9914, 52.4281], [22.0223, 52.4408], [22.0142, 52.4685], [22.0171, 52.403], [22.0441, 52.401], [22.0164, 52.4134], [21.9865, 52.3926], [21.969, 52.3859], [21.9673, 52.413], [21.9957, 52.411], [22.0268, 52.4069], [22.0121, 52.425], [22.0483, 52.4304], [22.1464, 52.4224], [22.227, 52.4347], [22.0428, 52.4077], [22.0111, 52.3387], [22.047, 52.3426], [22.0194, 52.4039], [22.0387, 52.4077], [22.0363, 52.3898], [22.0352, 52.4059], [22.0517, 52.4078], [22.0555, 52.3838], [22.0176, 52.3852], [22.0772, 52.4006], [22.1089, 52.3958], [22.0197, 52.3801], [22.0622, 52.4075], [22.0733, 52.4208], [22.0337, 52.4002], [22.002, 52.4141], [21.9922, 52.4162], [21.9857, 52.4313], [22.0737, 52.4081], [22.0363, 52.4532], [22.0664, 52.3956], [22.0563, 52.4236], [22.1196, 52.4329], [22.0575, 52.3801], [22.1574, 52.4114], [22.2042, 52.4282], [21.995, 52.4714], [21.9248, 52.409], [21.9303, 52.4907], [21.9992, 52.4271], [21.9512, 52.4694], [22.0156, 52.4703], [21.9949, 52.4447], [22.0388, 52.4702], [21.9196, 52.4486], [21.9322, 52.428], [22.002, 52.5318], [21.9004, 52.5527], [22.0066, 52.4155], [21.9917, 52.4292], [21.9801, 52.4435], [22.0628, 52.4094], [22.0086, 52.4448], [21.9829, 52.4537], [22.0039, 52.4095], [22.0349, 52.3979], [22.0398, 52.4176], [22.0121, 52.4109], [22.0315, 52.3952], [22.0455, 52.4125], [22.0336, 52.3976], [22.0257, 52.394], [22.0228, 52.4083], [22.0098, 52.3923], [22.0466, 52.3875], [22.0413, 52.4069], [21.9437, 52.3903], [21.9673, 52.4353], [21.9317, 52.4273], [21.9693, 52.4101], [21.9354, 52.3964], [21.9025, 52.4116], [21.9908, 52.4071], [21.9777, 52.3913], [21.9673, 52.3935], [21.9875, 52.3951], [21.9712, 52.4077], [21.958, 52.3986], [21.9747, 52.3925], [21.9529, 52.4067], [21.9303, 52.4065], [21.9841, 52.4174], [21.9864, 52.4372], [21.9523, 52.4338], [22.0203, 52.4537], [21.9752, 52.4231], [21.9281, 52.4472], [21.9643, 52.3558], [21.9675, 52.3421], [21.9089, 52.3796], [21.9535, 52.3904], [21.9369, 52.3878], [21.889, 52.3903], [21.9709, 52.3971], [21.9564, 52.3811], [21.931, 52.3935], [21.9805, 52.3971], [22.022, 52.3749], [22.0107, 52.3685], [22.012, 52.3916], [21.9934, 52.3739], [22.0036, 52.3644], [21.9736, 52.3903], [22.0108, 52.3768], [21.973, 52.3843], [21.9946, 52.4013], [21.9525, 52.438], [21.9495, 52.4079], [21.9742, 52.3945], [22.0015, 52.3793], [21.973, 52.3833], [21.9743, 52.3907], [21.9093, 52.3946], [21.8947, 52.4199], [21.95, 52.4013], [21.9234, 52.3869], [21.9039, 52.368], [21.9962, 52.4091], [21.9413, 52.3945], [21.9345, 52.3995], [21.9859, 52.4023], [21.9752, 52.401], [21.9623, 52.4023], [21.9943, 52.4074], [21.9951, 52.4229], [21.9829, 52.4162], [21.9869, 52.4038], [21.9821, 52.3911], [21.9687, 52.3963], [21.9988, 52.4083], [21.9797, 52.409], [21.9843, 52.4167], [22.0142, 52.4042], [22.0175, 52.4009], [22.0299, 52.3981], [22.0066, 52.4038], [22.0055, 52.4132], [22.0185, 52.4074], [22.019, 52.4022], [21.9966, 52.4127], [21.9972, 52.4218], [21.9935, 52.3879], [21.9805, 52.3922], [21.9673, 52.3921], [21.9867, 52.4022], [21.9963, 52.3871], [21.9751, 52.3926], [21.9889, 52.4116], [21.9654, 52.4039], [21.9473, 52.406], [22.0254, 52.4015], [22.0098, 52.4196], [21.9929, 52.4116], [21.9046, 52.4749], [21.9305, 52.4308], [21.8975, 52.3736], [21.9777, 52.4052], [21.9793, 52.4411], [21.9516, 52.419], [21.9531, 52.4368], [21.9469, 52.3754], [21.9438, 52.3523], [21.9916, 52.3907], [21.9306, 52.395], [21.9402, 52.3732], [21.9877, 52.4049], [21.9758, 52.4176], [21.9637, 52.4037], [22.0248, 52.4048], [22.0184, 52.3777], [22.0064, 52.363], [22.0195, 52.3932], [22.0288, 52.373], [22.0505, 52.3796], [22.0068, 52.3983], [22.0188, 52.3977], [22.0057, 52.3954], [21.962, 52.3978], [22.0156, 52.3662], [22.0306, 52.3519], [22.052, 52.4404], [22.082, 52.3787], [22.1338, 52.3829], [22.051, 52.3926], [22.0038, 52.4413], [22.0356, 52.4213], [22.0147, 52.3884], [21.9855, 52.4174], [21.9971, 52.4171], [22.1532, 52.4609], [22.058, 52.2933], [22.1402, 52.3074], [22.0995, 52.4101], [22.0096, 52.3845], [21.9893, 52.3607], [21.9803, 52.3856], [21.9728, 52.3623], [22.0043, 52.3523], [22.0159, 52.401], [22.0368, 52.422], [22.0519, 52.4028], [21.9977, 52.3553], [21.9025, 52.3381], [21.9445, 52.2982], [22.0267, 52.386], [21.9524, 52.3417], [22.0142, 52.3477], [21.9863, 52.3863], [21.9704, 52.3854], [21.9829, 52.3704], [21.9826, 52.3886], [21.9694, 52.3781], [21.968, 52.363], [21.9843, 52.3929], [21.9519, 52.3917], [21.931, 52.381], [22.0213, 52.3669], [22.0286, 52.354], [22.0733, 52.3607], [21.9837, 52.3927], [22.0059, 52.3746], [21.9972, 52.3699], [21.999, 52.3896], [21.9396, 52.356], [21.9993, 52.3829], [22.0015, 52.3655], [21.9902, 52.3466], [22.0562, 52.3968], [21.9978, 52.3346], [22.0022, 52.3645], [22.0676, 52.3852], [22.0394, 52.3882], [21.9907, 52.2994], [22.0825, 52.3357], [22.0078, 52.3732], [21.9875, 52.3513], [22.0071, 52.3227], [22.0252, 52.4139], [22.0377, 52.3784], [22.047, 52.3995], [29.5887, 47.1951], [29.4918, 47.2621], [29.6305, 47.2567]]]}}, {"type": "Feature", "properties": {"regionId": "55"}, "geometry": {"type": "Polygon", "coordinates": [[[37.9541, 47.2452], [22.0255, 52.406], [21.9965, 52.4111], [22.0028, 52.4208], [22.0284, 52.404], [22.0015, 52.4319], [22.027, 52.4292], [22.026, 52.4094], [22.066, 52.406], [22.0946, 52.4106], [21.9972, 52.4217], [22.0072, 52.4284], [21.9708, 52.4259], [21.8963, 52.3963], [21.9908, 52.4277], [21.9367, 52.4384], [21.9663, 52.3953], [21.9654, 52.4156], [21.9687, 52.4305], [22.0049, 52.4214], [21.9739, 52.4211], [21.9829, 52.4449], [22.0625, 52.4013], [21.9768, 52.4194], [21.9922, 52.4412], [22.015, 52.4469], [21.9763, 52.4399], [21.9388, 52.4523], [21.9983, 52.4049], [22.0128, 52.4081], [22.015, 52.4028], [22.0209, 52.3947], [21.9738, 52.4155], [21.9708, 52.4185], [21.9508, 52.4362], [21.9526, 52.4172], [21.9139, 52.4088], [21.9858, 52.4312], [21.9611, 52.3922], [21.9459, 52.4121], [22.0366, 52.4364], [21.9808, 52.4615], [22.005, 52.4912], [22.0009, 52.4117], [21.8749, 52.4258], [21.8591, 52.4037], [21.9597, 52.3896], [21.9205, 52.4212], [21.884, 52.4153], [21.9064, 52.444], [21.9621, 52.3467], [21.9111, 52.4037], [21.9681, 52.4208], [22.0171, 52.4513], [21.9509, 52.45], [22.003, 52.4157], [21.9359, 52.4208], [21.99, 52.4232], [22.0087, 52.3995], [22.0078, 52.4021], [22.0085, 52.4074], [21.9648, 52.4059], [21.9354, 52.4012], [21.9267, 52.4245], [21.9395, 52.3963], [21.9133, 52.4135], [21.9367, 52.4458], [22.0043, 52.4121], [22.0411, 52.3747], [22.0505, 52.3893], [22.0329, 52.3855], [22.0311, 52.4159], [22.042, 52.4278], [21.9387, 52.3978], [21.9647, 52.4181], [22.0064, 52.4111], [21.9951, 52.4111], [22.0081, 52.4245], [21.9851, 52.4213], [21.9801, 52.4293], [22.0248, 52.4851], [21.9502, 52.468], [21.9447, 52.3688], [21.795, 52.3901], [21.7531, 52.356], [21.9847, 52.4049], [21.9908, 52.3887], [21.9879, 52.3833], [21.9809, 52.4058], [21.952, 52.3993], [21.9481, 52.4185], [21.985, 52.396], [21.9702, 52.3915], [21.9609, 52.4023], [21.9933, 52.3967], [21.9842, 52.3903], [21.9765, 52.3982], [22.0155, 52.4142], [21.9817, 52.4127], [21.9801, 52.4282], [21.985, 52.3947], [21.9606, 52.4111], [21.9409, 52.4051], [21.9909, 52.4139], [21.9937, 52.4096], [21.9751, 52.4079], [21.9906, 52.3988], [22.0297, 52.3948], [22.0036, 52.3931], [21.9828, 52.403], [21.9877, 52.387], [21.9687, 52.4005], [21.9896, 52.4038], [21.9827, 52.3866], [21.9715, 52.3912], [22.01, 52.3902], [21.9935, 52.3839], [22.0071, 52.3731], [21.9741, 52.3898], [21.9991, 52.3807], [22.0014, 52.3676], [21.9764, 52.3902], [21.979, 52.3971], [21.995, 52.3829], [21.9653, 52.33], [22.0562, 52.3833], [22.0505, 52.3343], [22.0192, 52.3724], [21.9661, 52.3908], [21.9537, 52.3852], [22.005, 52.3796], [21.9029, 52.3924], [21.9744, 52.3602], [22.0211, 52.4076], [22.0151, 52.3755], [22.0206, 52.369], [22.0151, 52.4024], [22.0209, 52.4051], [22.0235, 52.3935], [21.9966, 52.3826], [21.9612, 52.3568], [21.9872, 52.3449], [22.0655, 52.4125], [22.0887, 52.4079], [22.0868, 52.3616], [22.0117, 52.3838], [22.0296, 52.3709], [22.0299, 52.344], [22.0168, 52.3766], [22.1074, 52.4163], [22.0655, 52.3782], [21.9749, 52.4028], [21.9258, 52.3979], [21.9481, 52.3671], [22.0128, 52.3988], [22.0468, 52.4099], [22.0405, 52.3954], [21.945, 52.3766], [22.0216, 52.3729], [22.0583, 52.3954], [22.0364, 52.4006], [22.0499, 52.302], [22.0918, 52.338], [22.0435, 52.4449], [22.0707, 52.3593], [22.1082, 52.3958], [22.0332, 52.3541], [22.0773, 52.3321], [22.1366, 52.3047], [22.0268, 52.4364], [22.0193, 52.4223], [22.0498, 52.4134], [22.012, 52.3988], [22.0391, 52.4016], [22.0583, 52.3972], [21.9656, 52.3737], [22.0352, 52.3768], [22.0164, 52.3602], [22.0054, 52.3907], [22.0234, 52.3989], [22.0284, 52.3884], [22.0129, 52.3966], [22.0076, 52.3883], [22.0149, 52.3829], [21.9951, 52.4083], [22.0042, 52.4125], [22.0085, 52.4056], [22.0052, 52.3878], [22.0144, 52.4085], [22.0242, 52.4139], [22.0308, 52.3942], [22.0628, 52.3811], [22.0626, 52.3648], [21.9603, 52.3667], [22.0269, 52.3823], [22.0626, 52.3833], [22.113, 52.4189], [22.1099, 52.3901], [22.1935, 52.3741], [37.8654, 47.2436], [37.7251, 47.2723], [37.9541, 47.2452]]]}}, {"type": "Feature", "properties": {"regionId": "123"}, "geometry": {"type": "Polygon", "coordinates": [[[37.9577, 49.3623], [21.9884, 52.4308], [22.0801, 52.4081], [22.0832, 52.4454], [21.9672, 52.4013], [21.9516, 52.3986], [21.9715, 52.4222], [22.1033, 52.4004], [22.0213, 52.3944], [22.0448, 52.4329], [21.9914, 52.4179], [22.0324, 52.4037], [22.0313, 52.4125], [21.9911, 52.4126], [22.0278, 52.4107], [22.0185, 52.4171], [21.9689, 52.4218], [22.0849, 52.4246], [22.0399, 52.4282], [21.9962, 52.4044], [21.9945, 52.4183], [21.9794, 52.418], [22.0052, 52.4027], [22.0046, 52.42], [21.9943, 52.4181], [21.9986, 52.4121], [22.0336, 52.4304], [21.9687, 52.4134], [21.957, 52.4106], [21.9949, 52.4822], [22.0135, 52.4444], [22.0264, 52.4082], [22.0501, 52.4283], [22.0669, 52.4398], [21.9596, 52.4036], [21.9362, 52.4492], [21.9872, 52.4482], [22.0766, 52.3874], [22.0346, 52.4236], [22.0043, 52.4444], [21.9463, 52.4478], [21.9928, 52.4337], [21.9887, 52.4597], [21.9787, 52.4214], [21.9609, 52.4282], [21.9288, 52.4398], [21.9837, 52.4184], [21.974, 52.4422], [21.9545, 52.4592], [21.9573, 52.415], [21.9068, 52.4315], [21.8669, 52.4454], [21.9575, 52.3859], [21.9439, 52.4263], [21.9203, 52.4444], [21.9927, 52.4212], [21.9195, 52.4374], [21.9345, 52.4657], [21.9565, 52.4292], [21.9878, 52.4856], [21.9929, 52.5217], [21.9644, 52.4216], [21.9349, 52.3813], [21.9189, 52.4204], [21.9679, 52.4092], [21.9745, 52.3772], [21.9359, 52.3778], [21.9555, 52.3858], [21.9088, 52.3863], [21.9331, 52.3449], [21.9267, 52.3659], [21.9512, 52.3743], [21.9474, 52.3246], [21.9642, 52.4077], [21.9477, 52.4171], [21.9438, 52.3843], [21.9957, 52.3798], [21.9577, 52.3942], [21.9879, 52.3727], [21.9497, 52.3889], [21.988, 52.3655], [21.936, 52.369], [21.9381, 52.4187], [21.9905, 52.4241], [21.9587, 52.4194], [21.9751, 52.3855], [21.9178, 52.3681], [21.9879, 52.3495], [21.9921, 52.3861], [21.9719, 52.3838], [21.9687, 52.3639], [22.0283, 52.3812], [21.9768, 52.3648], [22.0035, 52.3565], [21.9744, 52.3856], [22.0265, 52.3857], [22.0107, 52.3778], [22.0015, 52.3837], [21.9411, 52.3778], [21.9779, 52.3634], [22.0434, 52.4024], [22.0557, 52.2969], [22.0221, 52.2935], [21.9822, 52.3884], [21.9521, 52.3763], [21.9495, 52.3537], [21.9627, 52.3927], [21.952, 52.4166], [21.9459, 52.3824], [21.9788, 52.3879], [21.9747, 52.4247], [21.9552, 52.4282], [21.9949, 52.3868], [21.971, 52.377], [21.948, 52.3722], [21.9969, 52.3899], [22.0189, 52.3345], [22.0526, 52.3357], [21.9612, 52.3629], [21.9366, 52.349], [21.9808, 52.3111], [22.0796, 52.3987], [22.0163, 52.4331], [22.0804, 52.3699], [22.0066, 52.3657], [22.0539, 52.4213], [22.0776, 52.4009], [22.0285, 52.3865], [21.9852, 52.3493], [22.0199, 52.3482], [22.0685, 52.4044], [22.1303, 52.3613], [22.1893, 52.4065], [22.0406, 52.4031], [21.992, 52.364], [22.0199, 52.3643], [22.0287, 52.4134], [22.0288, 52.3974], [22.0512, 52.3824], [22.022, 52.3783], [22.0526, 52.3781], [22.0804, 52.3644], [21.9912, 52.3827], [22.0305, 52.3821], [22.047, 52.3843], [22.0009, 52.3946], [21.9998, 52.384], [22.0135, 52.3898], [22.1039, 52.425], [22.0425, 52.423], [22.1081, 52.4648], [37.8349, 49.4048], [37.9101, 49.3282], [37.9577, 49.3623]]]}}, {"type": "Feature", "properties": {"regionId": "43"}, "geometry": {"type": "Polygon", "coordinates": [[[35.6139, 48.3875], [22.0694, 52.423], [22.0082, 52.4271], [22.0142, 52.4708], [22.0484, 52.3878], [22.0078, 52.4191], [22.0185, 52.4329], [22.0333, 52.3976], [22.0108, 52.4089], [22.0099, 52.4134], [22.0371, 52.415], [22.0305, 52.4301], [22.0491, 52.4491], [22.0346, 52.4111], [22.1024, 52.4446], [22.0527, 52.4741], [22.0225, 52.4276], [22.0318, 52.4413], [21.9858, 52.4616], [22.0117, 52.415], [22.0263, 52.4125], [22.0406, 52.4157], [21.9815, 52.4181], [21.9319, 52.4232], [21.9587, 52.4403], [22.0441, 52.3957], [22.0682, 52.3982], [22.1131, 52.3991], [21.9856, 52.3829], [22.0621, 52.3858], [22.0569, 52.4018], [21.9956, 52.4082], [22.0098, 52.4451], [21.9936, 52.4389], [21.9758, 52.4024], [21.9908, 52.4108], [21.9915, 52.4167], [21.9819, 52.3985], [22.0009, 52.4125], [21.9843, 52.4107], [21.9956, 52.3854], [21.9859, 52.4019], [21.9751, 52.4005], [22.0001, 52.39], [21.9958, 52.3911], [21.9822, 52.394], [22.0006, 52.4169], [21.9747, 52.4259], [21.973, 52.4055], [22.0062, 52.3914], [21.9753, 52.3889], [21.9773, 52.3903], [21.9993, 52.4096], [22.0129, 52.4228], [21.99, 52.4268], [21.984, 52.4001], [21.9741, 52.3972], [21.9744, 52.4009], [21.9851, 52.4043], [21.9902, 52.3893], [21.9751, 52.3894], [21.988, 52.4383], [21.9922, 52.4081], [21.9644, 52.4245], [21.9848, 52.4002], [21.9892, 52.3945], [21.978, 52.387], [21.9951, 52.4015], [21.9963, 52.4096], [21.9886, 52.4005], [21.9711, 52.4056], [21.9503, 52.4133], [21.9224, 52.3986], [21.9948, 52.4042], [22.0092, 52.4121], [21.9915, 52.4065], [21.9958, 52.4095], [21.9812, 52.4065], [21.9779, 52.413], [22.016, 52.4099], [21.9666, 52.4055], [21.9829, 52.419], [21.9851, 52.4049], [21.9588, 52.3966], [21.9637, 52.412], [22.0084, 52.4107], [21.9904, 52.4032], [21.9822, 52.4042], [21.9895, 52.4105], [21.9753, 52.4117], [21.9587, 52.4181], [21.9961, 52.4115], [21.9864, 52.4197], [21.9623, 52.4231], [21.9874, 52.4041], [22.0152, 52.4078], [22.0043, 52.4185], [21.9964, 52.4089], [21.9866, 52.398], [21.9822, 52.4079], [21.9763, 52.3946], [21.9843, 52.3967], [21.9694, 52.4102], [21.9909, 52.4109], [21.9724, 52.4118], [21.9673, 52.3963], [21.9915, 52.3995], [21.986, 52.409], [21.9708, 52.4074], [21.9595, 52.4025], [22.0358, 52.4173], [22.0228, 52.4194], [21.9204, 52.4215], [22.0135, 52.4183], [21.9644, 52.4329], [21.9833, 52.4025], [21.9692, 52.3973], [21.9552, 52.3889], [21.9852, 52.4114], [21.9583, 52.4156], [21.9416, 52.3958], [22.0024, 52.3874], [21.9803, 52.4085], [21.995, 52.4143], [21.9775, 52.3992], [22.0033, 52.4108], [21.9794, 52.4139], [21.9834, 52.4098], [21.9937, 52.3746], [21.9523, 52.375], [21.9985, 52.4119], [21.9606, 52.4268], [21.9481, 52.4407], [21.9939, 52.3919], [21.9985, 52.4024], [21.9865, 52.4019], [22.0036, 52.3952], [21.974, 52.3932], [21.9737, 52.3843], [22.0113, 52.3672], [21.9436, 52.3712], [21.948, 52.3935], [22.0373, 52.3966], [22.0412, 52.409], [22.0007, 52.412], [21.981, 52.4054], [21.9702, 52.4145], [21.9473, 52.4046], [22.0112, 52.3885], [22.0059, 52.3938], [21.9964, 52.3838], [21.9946, 52.3894], [21.9833, 52.4052], [21.99, 52.4069], [21.9873, 52.4035], [21.9697, 52.3971], [21.9587, 52.3926], [21.9808, 52.3966], [22.0254, 52.3653], [21.9858, 52.3745], [21.984, 52.3961], [21.9603, 52.3846], [21.9367, 52.388], [21.9889, 52.3938], [21.9923, 52.3822], [21.9637, 52.3912], [22.001, 52.4143], [21.9824, 52.4016], [21.973, 52.3995], [22.0154, 52.3732], [22.0503, 52.377], [22.0633, 52.35], [21.9825, 52.3924], [21.9515, 52.3542], [22.0043, 52.3755], [22.0284, 52.3642], [22.0862, 52.3108], [22.0463, 52.2931], [22.0057, 52.3898], [22.0384, 52.3883], [22.0484, 52.3722], [22.0138, 52.3791], [21.9347, 52.3686], [21.9509, 52.3398], [22.05, 52.394], [22.0306, 52.3592], [22.0391, 52.338], [22.0214, 52.3932], [22.0035, 52.357], [22.0164, 52.3685], [22.0614, 52.3913], [22.0202, 52.4319], [22.0541, 52.4458], [22.0067, 52.4064], [21.9854, 52.419], [22.0107, 52.4241], [22.0135, 52.3996], [22.0177, 52.3898], [22.027, 52.3995], [22.0328, 52.4195], [22.0135, 52.3295], [22.064, 52.3653], [22.014, 52.403], [22.0091, 52.394], [22.0028, 52.3898], [22.0, 52.3914], [22.0146, 52.3847], [21.9979, 52.3796], [21.9614, 52.3863], [22.0267, 52.3747], [22.0135, 52.3556], [21.9682, 52.4274], [21.952, 52.3602], [22.0, 52.3968], [22.0089, 52.4069], [22.0091, 52.4064], [22.0185, 52.4009], [22.0568, 52.3277], [22.0544, 52.4719], [22.1302, 52.4273], [22.0436, 52.3982], [22.0771, 52.3751], [22.0306, 52.3565], [22.0278, 52.38], [22.012, 52.3452], [22.064, 52.3676], [22.0339, 52.3728], [21.9807, 52.4015], [21.9787, 52.3778], [21.9941, 52.384], [21.973, 52.3671], [21.9936, 52.3556], [21.9897, 52.3932], [21.9536, 52.3887], [21.9772, 52.3796], [22.0115, 52.409], [22.0565, 52.37], [22.079, 52.3685], [22.0093, 52.38], [22.0121, 52.3739], [22.0363, 52.3676], [21.9934, 52.3634], [22.0275, 52.3831], [22.0512, 52.3787], [21.9901, 52.3905], [21.9851, 52.395], [21.9936, 52.3796], [21.9673, 52.3988], [21.9766, 52.3809], [21.9914, 52.3676], [22.02, 52.3649], [22.0457, 52.4111], [22.0697, 52.4148], [21.9872, 52.4164], [21.9709, 52.4371], [21.958, 52.4537], [22.0247, 52.4112], [22.039, 52.3986], [22.0598, 52.3972], [35.4551, 48.4096], [35.5605, 48.3938], [35.6139, 48.3875]]]}}, {"type": "Feature", "properties": {"regionId": "111"}, "geometry": {"type": "Polygon", "coordinates": [[[25.3741, 49.8705], [22.0127, 52.4345], [22.0176, 52.4475], [22.0854, 52.45], [22.0008, 52.4408], [22.1003, 52.4509], [22.0185, 52.4704], [21.9927, 52.4886], [22.0848, 52.3974], [22.1337, 52.4528], [22.0455, 52.3603], [22.0819, 52.4108], [22.1245, 52.3982], [22.0277, 52.4041], [22.0204, 52.4226], [22.0569, 52.4065], [22.0309, 52.4091], [22.0633, 52.4015], [22.0953, 52.4134], [22.0123, 52.4253], [22.0501, 52.4446], [22.0662, 52.4648], [22.0354, 52.4117], [22.0416, 52.3876], [22.0683, 52.388], [22.02, 52.3963], [22.0184, 52.3755], [22.0399, 52.3931], [22.0408, 52.444], [22.0806, 52.3784], [22.0996, 52.437], [21.9209, 52.3865], [21.8648, 52.4265], [21.842, 52.4768], [21.9959, 52.4083], [21.94, 52.409], [21.9609, 52.4315], [22.0135, 52.4081], [21.9912, 52.4069], [21.9865, 52.4134], [22.0136, 52.4044], [22.0222, 52.3974], [22.0342, 52.4023], [22.0393, 52.4024], [22.1256, 52.3614], [22.1067, 52.4125], [22.0319, 52.411], [21.9852, 52.4392], [22.0078, 52.4509], [22.0131, 52.4119], [22.0011, 52.4334], [22.0299, 52.4204], [22.0036, 52.4224], [22.0015, 52.4423], [21.995, 52.4657], [21.97, 52.3896], [21.9458, 52.3606], [21.9075, 52.3713], [21.9913, 52.395], [21.9548, 52.4119], [21.9836, 52.4143], [22.0216, 52.4139], [21.9717, 52.4286], [21.9658, 52.4148], [21.9869, 52.3926], [21.9891, 52.4034], [21.9794, 52.4065], [21.9715, 52.4153], [21.9879, 52.4229], [21.9815, 52.4472], [21.9766, 52.4063], [21.9254, 52.4294], [21.9032, 52.4088], [21.9831, 52.4076], [22.0187, 52.4165], [22.01, 52.4213], [21.9832, 52.4176], [21.9742, 52.4672], [21.9274, 52.4542], [21.9856, 52.394], [21.9287, 52.3998], [21.9644, 52.4093], [22.0042, 52.4061], [21.9782, 52.4171], [21.9758, 52.4255], [22.021, 52.4336], [21.9307, 52.4049], [21.9018, 52.4083], [22.0135, 52.3723], [21.9901, 52.3936], [21.9666, 52.3773], [21.972, 52.3979], [21.9182, 52.3802], [21.8954, 52.3824], [22.0131, 52.3769], [21.9638, 52.3929], [21.9473, 52.393], [21.9846, 52.4028], [21.9865, 52.4203], [21.9715, 52.4227], [21.9908, 52.393], [22.0012, 52.3921], [22.0085, 52.3838], [22.0026, 52.3818], [21.9958, 52.3759], [21.9744, 52.3759], [21.9888, 52.3964], [21.985, 52.3845], [21.9972, 52.3907], [22.0013, 52.3906], [21.9935, 52.393], [22.0206, 52.3903], [22.0021, 52.3924], [22.0111, 52.3883], [22.0213, 52.3759], [21.967, 52.3976], [21.9283, 52.3974], [21.9125, 52.4171], [21.919, 52.4212], [22.0837, 52.3081], [21.9417, 52.3033], [21.9616, 52.4102], [21.9278, 52.4193], [21.8798, 52.4157], [21.9744, 52.4141], [21.9875, 52.3901], [21.9858, 52.3796], [22.0211, 52.3935], [22.0413, 52.383], [22.037, 52.3662], [22.0036, 52.3621], [21.9646, 52.3728], [21.9239, 52.3796], [22.0486, 52.3764], [22.0807, 52.3867], [22.0562, 52.3546], [22.0003, 52.39], [22.0216, 52.4046], [22.0206, 52.3884], [22.0178, 52.3961], [22.0027, 52.3804], [22.0135, 52.3727], [22.0289, 52.4097], [22.044, 52.3811], [22.0292, 52.3722], [21.9827, 52.3889], [21.9692, 52.4016], [21.9658, 52.4134], [21.9896, 52.3979], [21.9898, 52.3886], [21.9715, 52.3889], [22.0149, 52.3922], [22.0006, 52.3759], [22.0142, 52.3708], [22.0214, 52.382], [21.9503, 52.3695], [21.9452, 52.3588], [22.0151, 52.3705], [22.0434, 52.3937], [22.0804, 52.3871], [22.0688, 52.3765], [21.9832, 52.3463], [21.9865, 52.3167], [22.0551, 52.3763], [22.0459, 52.361], [22.0306, 52.3232], [25.2702, 49.956], [25.3119, 49.9033], [25.3741, 49.8705]]]}}, {"type": "Feature", "properties": {"regionId": "76"}, "geometry": {"type": "Polygon", "coordinates": [[[30.9953, 49.2771], [22.0241, 52.4117], [22.0612, 52.3958], [22.0776, 52.413], [21.992, 52.4211], [22.0232, 52.4546], [22.0327, 52.4255], [22.0028, 52.4326], [22.0217, 52.4151], [22.0477, 52.4379], [22.0178, 52.4074], [22.0016, 52.41], [22.0092, 52.4199], [21.9999, 52.4109], [22.0107, 52.4188], [22.0036, 52.4329], [22.0089, 52.4028], [22.0143, 52.4112], [22.0228, 52.4143], [22.0153, 52.3866], [22.0413, 52.3954], [22.0256, 52.4097], [21.9528, 52.4276], [22.0643, 52.5076], [22.0662, 52.5278], [21.9605, 52.4063], [22.0161, 52.4348], [22.0014, 52.4407], [22.0006, 52.4123], [21.9863, 52.4265], [22.0021, 52.4407], [21.9743, 52.4087], [21.9713, 52.4174], [21.9872, 52.4324], [22.016, 52.4154], [22.0157, 52.429], [22.005, 52.4444], [22.0156, 52.4053], [22.0424, 52.424], [22.0519, 52.4056], [22.017, 52.4456], [22.1664, 52.4247], [22.0961, 52.4708], [21.9866, 52.4073], [21.964, 52.4124], [21.99, 52.4213], [21.9595, 52.4298], [21.9445, 52.3992], [21.9096, 52.3875], [21.9111, 52.4108], [21.9121, 52.4571], [21.8015, 52.4518], [21.9747, 52.4274], [21.9224, 52.4408], [21.9032, 52.4699], [22.0104, 52.4179], [21.9827, 52.4243], [21.9623, 52.4301], [22.0021, 52.4155], [21.9838, 52.4358], [21.968, 52.4477], [21.9322, 52.4301], [21.8831, 52.41], [21.8442, 52.4731], [22.003, 52.4187], [21.9759, 52.4131], [21.9715, 52.4264], [22.028, 52.4133], [21.9954, 52.4247], [21.9787, 52.4329], [21.9656, 52.3813], [21.9775, 52.4159], [21.973, 52.413], [21.9885, 52.3921], [21.9906, 52.3966], [21.985, 52.4065], [21.9766, 52.3984], [21.9525, 52.4068], [21.9687, 52.3861], [22.0194, 52.3867], [22.0249, 52.3721], [22.0263, 52.3574], [21.9483, 52.3832], [21.9498, 52.3911], [21.941, 52.4236], [21.9938, 52.4117], [21.9768, 52.4155], [21.9794, 52.4296], [21.9874, 52.3989], [21.9762, 52.3876], [21.9843, 52.4056], [21.9883, 52.4157], [21.9791, 52.4068], [21.9858, 52.4352], [21.9749, 52.4105], [21.953, 52.4016], [21.9587, 52.4171], [21.9981, 52.4076], [21.9727, 52.3919], [21.985, 52.4046], [21.9921, 52.404], [21.9362, 52.3965], [21.9545, 52.3796], [21.9166, 52.405], [22.0217, 52.3736], [21.9744, 52.3778], [21.9914, 52.3887], [21.9556, 52.4003], [21.9815, 52.3796], [22.025, 52.3952], [21.9633, 52.391], [21.9978, 52.3833], [21.9955, 52.3848], [22.029, 52.3894], [21.9971, 52.3764], [22.002, 52.388], [22.0549, 52.3807], [22.0263, 52.3648], [22.0165, 52.3863], [21.9727, 52.397], [21.9765, 52.3866], [22.002, 52.3885], [21.9982, 52.3911], [21.9879, 52.387], [22.0071, 52.4009], [22.0096, 52.3878], [22.0028, 52.3884], [21.9872, 52.4097], [21.9644, 52.4113], [21.9587, 52.4227], [22.0166, 52.4051], [21.9932, 52.4288], [21.9865, 52.4361], [22.0103, 52.4271], [21.9955, 52.4022], [21.9929, 52.3852], [21.9862, 52.3993], [21.9999, 52.385], [21.9801, 52.3884], [21.9942, 52.3954], [21.9991, 52.3888], [21.9922, 52.3921], [21.9638, 52.4029], [21.9586, 52.44], [21.9395, 52.4227], [22.024, 52.3828], [21.9492, 52.3634], [21.9922, 52.3602], [22.0037, 52.3999], [22.0023, 52.406], [22.0128, 52.3981], [22.0128, 52.4055], [22.0053, 52.3934], [22.0007, 52.3903], [22.0061, 52.3929], [22.0253, 52.3945], [22.0107, 52.3861], [21.9889, 52.3915], [21.9453, 52.409], [21.9552, 52.3963], [22.0445, 52.3767], [21.9951, 52.3847], [22.0021, 52.3671], [22.0465, 52.3747], [22.0651, 52.3226], [22.106, 52.3009], [22.0559, 52.3462], [22.1093, 52.3963], [22.1744, 52.3551], [22.0234, 52.3684], [21.9925, 52.3668], [22.047, 52.3639], [22.0208, 52.4039], [22.0021, 52.3877], [22.0021, 52.381], [22.0198, 52.3946], [22.0519, 52.3847], [22.0576, 52.3708], [21.9865, 52.3704], [21.9413, 52.3755], [21.9552, 52.3361], [22.2723, 52.4412], [22.1264, 52.344], [22.1992, 52.2621], [21.9871, 52.3984], [21.9944, 52.3762], [21.99, 52.3667], [21.9759, 52.4057], [21.9579, 52.3917], [21.9722, 52.3801], [22.0154, 52.3924], [22.0477, 52.3906], [22.0235, 52.3727], [21.9884, 52.384], [21.9888, 52.41], [21.9687, 52.3866], [21.9875, 52.4129], [21.9199, 52.3876], [21.9267, 52.4208], [21.9984, 52.4144], [21.9932, 52.3915], [21.9979, 52.3866], [22.0049, 52.3867], [22.0366, 52.3819], [22.0377, 52.3718], [21.9835, 52.3866], [22.0185, 52.3754], [22.0285, 52.3648], [22.0024, 52.3782], [22.0258, 52.3702], [22.0342, 52.3505], [21.9747, 52.4047], [21.9658, 52.362], [21.9929, 52.3935], [22.0225, 52.4142], [22.022, 52.3922], [22.0342, 52.3829], [22.0083, 52.3993], [22.0266, 52.3968], [22.0093, 52.3917], [22.0012, 52.3932], [22.0163, 52.3987], [22.01, 52.4051], [22.0182, 52.3973], [22.0316, 52.3904], [22.0135, 52.3796], [22.0122, 52.395], [22.0177, 52.4047], [22.0164, 52.3926], [30.9026, 49.2969], [30.9806, 49.3201], [30.9953, 49.2771]]]}}, {"type": "Feature", "properties": {"regionId": "150"}, "geometry": {"type": "Polygon", "coordinates": [[[31.3318, 48.6078], [22.033, 52.4179], [22.0527, 52.4078], [22.0569, 52.3838], [22.0004, 52.3908], [22.0452, 52.3911], [22.032, 52.4046], [22.0064, 52.4142], [22.0166, 52.3908], [22.0242, 52.3917], [22.0152, 52.3938], [22.0062, 52.4194], [22.0214, 52.4185], [22.0018, 52.3959], [21.9867, 52.3826], [22.0007, 52.3894], [22.0149, 52.4039], [22.017, 52.4124], [22.0149, 52.4194], [22.0132, 52.3819], [22.0326, 52.3925], [22.01, 52.4069], [22.0882, 52.4416], [22.1327, 52.4502], [22.1544, 52.5088], [22.0144, 52.4005], [21.9723, 52.4529], [22.0185, 52.4333], [21.9877, 52.3915], [21.9729, 52.3768], [22.0028, 52.3857], [22.0097, 52.4361], [22.1098, 52.378], [22.1017, 52.4319], [21.9953, 52.4235], [22.0724, 52.3906], [22.0697, 52.4148], [21.9914, 52.405], [21.9902, 52.417], [21.9772, 52.4231], [21.9518, 52.3759], [21.9947, 52.4311], [21.9687, 52.4231], [22.0088, 52.3867], [21.9761, 52.3966], [21.9758, 52.3857], [22.0189, 52.393], [21.9862, 52.3649], [21.9765, 52.3847], [21.9359, 52.4158], [21.9689, 52.443], [21.9602, 52.475], [21.9904, 52.4489], [21.9958, 52.4909], [21.9025, 52.4949], [22.0155, 52.4228], [21.9943, 52.4143], [21.9779, 52.4194], [21.986, 52.4143], [21.9554, 52.4265], [21.9588, 52.4477], [21.9972, 52.4039], [21.9441, 52.4031], [21.9245, 52.4106], [22.0014, 52.4155], [21.9537, 52.4077], [21.9523, 52.4241], [21.9767, 52.4109], [21.951, 52.4123], [21.9566, 52.4356], [21.9728, 52.3941], [21.9817, 52.4111], [21.9851, 52.4222], [21.99, 52.4125], [22.0146, 52.4329], [21.9936, 52.4426], [22.0211, 52.4028], [22.0293, 52.4142], [22.0313, 52.4324], [22.0383, 52.409], [22.0457, 52.3614], [22.0833, 52.3722], [22.0616, 52.4288], [22.0181, 52.4913], [21.9445, 52.4921], [21.9744, 52.4059], [22.0674, 52.413], [22.0363, 52.4185], [21.9946, 52.4075], [21.987, 52.3885], [21.9779, 52.3912], [21.9852, 52.3981], [21.9585, 52.4061], [21.9779, 52.388], [21.9991, 52.3925], [21.9746, 52.3775], [21.9708, 52.3935], [21.9691, 52.3918], [21.9698, 52.3974], [21.9829, 52.3792], [21.9706, 52.4108], [21.99, 52.3951], [21.9687, 52.3963], [21.9943, 52.3915], [21.9874, 52.4005], [21.9872, 52.4051], [21.989, 52.3995], [21.973, 52.3975], [21.9609, 52.3968], [21.9815, 52.4036], [22.0007, 52.4095], [22.0035, 52.4009], [22.0067, 52.4054], [22.0186, 52.4023], [22.0164, 52.4181], [22.0008, 52.4139], [21.9718, 52.3972], [21.958, 52.4019], [21.9771, 52.4103], [21.9676, 52.4132], [21.9481, 52.4162], [22.0145, 52.4106], [22.0167, 52.4181], [21.9915, 52.4199], [21.9955, 52.407], [22.006, 52.4147], [21.9879, 52.4194], [22.0018, 52.4227], [21.9514, 52.4166], [21.9303, 52.406], [21.9972, 52.3929], [22.0153, 52.3797], [21.995, 52.3833], [21.9788, 52.4432], [21.9845, 52.3445], [21.921, 52.3662], [21.9428, 52.3981], [21.9994, 52.3649], [21.9623, 52.3537], [21.9945, 52.3744], [21.9665, 52.3902], [21.9445, 52.3731], [21.9441, 52.4127], [21.8884, 52.3816], [21.8413, 52.3866], [21.9687, 52.4268], [21.9366, 52.4118], [21.9004, 52.4329], [21.99, 52.3798], [21.9638, 52.3859], [21.9516, 52.375], [21.9894, 52.3807], [21.961, 52.3733], [21.9381, 52.3963], [21.9845, 52.4225], [21.9657, 52.4233], [21.9395, 52.4106], [22.0095, 52.3841], [22.0001, 52.3783], [21.9758, 52.3778], [21.9982, 52.3719], [22.0231, 52.3724], [22.052, 52.3588], [21.9913, 52.3865], [21.9971, 52.3805], [22.0178, 52.375], [22.0432, 52.3912], [22.0248, 52.3747], [22.0178, 52.3519], [21.9936, 52.354], [21.8775, 52.429], [21.8954, 52.3783], [22.1527, 52.3815], [22.0144, 52.336], [22.138, 52.3532], [22.0897, 52.4209], [21.9676, 52.3409], [22.0192, 52.3343], [21.985, 52.3909], [21.9961, 52.3751], [21.9815, 52.3611], [21.9972, 52.3935], [22.0438, 52.3821], [22.0228, 52.3741], [21.9897, 52.3813], [21.9801, 52.3721], [21.9566, 52.3695], [21.993, 52.3935], [22.0166, 52.3817], [21.9922, 52.3875], [21.9649, 52.3892], [21.9897, 52.3619], [21.9644, 52.3611], [21.991, 52.3911], [22.0177, 52.4049], [22.0092, 52.3931], [22.0038, 52.3961], [21.9904, 52.395], [21.9922, 52.3889], [22.0116, 52.3986], [22.009, 52.3966], [22.0014, 52.3935], [21.9777, 52.4103], [21.97, 52.3798], [21.9858, 52.3722], [21.9992, 52.3786], [22.017, 52.3996], [22.0398, 52.3866], [22.0826, 52.3807], [21.9768, 52.3662], [21.9808, 52.344], [21.9845, 52.3585], [22.0343, 52.3497], [22.0641, 52.3116], [22.0191, 52.415], [22.0304, 52.3935], [22.0512, 52.3963], [22.0324, 52.3996], [22.0295, 52.4321], [22.0626, 52.4361], [22.0547, 52.423], [22.1266, 52.3885], [22.1558, 52.4125], [22.0158, 52.3986], [22.0134, 52.3809], [22.0242, 52.3806], [22.0219, 52.4028], [22.0391, 52.3963], [22.0605, 52.3954], [21.9908, 52.4334], [22.0651, 52.399], [22.0477, 52.4264], [22.0136, 52.4008], [22.0136, 52.3927], [22.0235, 52.3889], [22.0154, 52.4046], [22.0274, 52.402], [22.0406, 52.3963], [22.0166, 52.4094], [22.0473, 52.399], [22.0548, 52.3921], [22.0093, 52.3966], [22.0078, 52.3958], [22.0064, 52.3889], [22.006, 52.3986], [22.0283, 52.3892], [22.0192, 52.3986], [22.0136, 52.4164], [22.0218, 52.3789], [22.0327, 52.3958], [21.9981, 52.416], [22.0147, 52.3981], [22.0192, 52.413], [22.0138, 52.399], [22.0176, 52.3903], [22.0256, 52.4069], [22.01, 52.4167], [22.0335, 52.4032], [22.0505, 52.4046], [21.9984, 52.4177], [22.0168, 52.4064], [22.0363, 52.4093], [31.3243, 48.6208], [31.3177, 48.6071], [31.3318, 48.6078]]]}}, {"type": "Feature", "properties": {"regionId": "120"}, "geometry": {"type": "Polygon", "coordinates": [[[25.4545, 49.8024], [21.9796, 52.3763], [22.024, 52.3646], [22.0384, 52.3408], [22.0222, 52.3773], [21.9887, 52.3418], [22.0398, 52.3361], [22.0204, 52.3795], [22.0335, 52.3401], [22.0619, 52.3778], [22.0233, 52.408], [22.0561, 52.4176], [22.0747, 52.4315], [22.0464, 52.4504], [22.0289, 52.3934], [22.0776, 52.3796], [22.0409, 52.4099], [22.0771, 52.3999], [22.1245, 52.4032], [22.0249, 52.4014], [22.0285, 52.3869], [22.0455, 52.3903], [22.0203, 52.4057], [22.0471, 52.3875], [22.0071, 52.3838], [21.9766, 52.3908], [21.9556, 52.3547], [21.9758, 52.356], [22.0096, 52.3745], [22.0547, 52.3851], [22.0761, 52.3607], [22.0062, 52.4319], [22.06, 52.4047], [22.1039, 52.4199], [22.0367, 52.4057], [22.0769, 52.3985], [22.1138, 52.3954], [22.0011, 52.4192], [22.0176, 52.4081], [22.0299, 52.3986], [22.0334, 52.4266], [22.058, 52.4259], [22.0505, 52.462], [21.9775, 52.4014], [21.9881, 52.4217], [21.9765, 52.4329], [21.9902, 52.4108], [21.9687, 52.4176], [21.968, 52.4315], [21.9867, 52.411], [22.0118, 52.4192], [22.0128, 52.4287], [21.9766, 52.4087], [21.9656, 52.4192], [21.9452, 52.4287], [21.9618, 52.4056], [22.0196, 52.425], [22.0199, 52.4296], [21.9711, 52.4346], [21.9763, 52.4739], [22.0384, 52.469], [22.0197, 52.4305], [21.9871, 52.4235], [21.9772, 52.4356], [22.0849, 52.4278], [22.028, 52.4216], [22.0278, 52.4491], [21.9493, 52.4505], [22.1549, 52.3994], [22.0285, 52.4569], [22.0204, 52.4209], [21.9841, 52.4065], [21.9729, 52.4241], [22.0117, 52.4053], [22.0151, 52.4288], [21.9979, 52.4324], [21.9182, 52.4142], [22.0788, 52.4913], [21.9851, 52.4782], [21.9715, 52.3555], [21.9305, 52.3724], [21.8755, 52.394], [21.9788, 52.3971], [21.9663, 52.3706], [21.9409, 52.3713], [22.0005, 52.4163], [21.9747, 52.4121], [21.9609, 52.4171], [21.9998, 52.4166], [21.9673, 52.412], [21.9509, 52.4083], [22.0017, 52.3875], [21.9628, 52.3748], [21.9559, 52.362], [21.9904, 52.3834], [21.9793, 52.3726], [21.9509, 52.3658], [21.9688, 52.4019], [21.9309, 52.3915], [21.899, 52.4037], [21.9981, 52.3883], [21.991, 52.3851], [21.9744, 52.3838], [21.9791, 52.4258], [21.925, 52.3597], [21.9061, 52.3917], [21.9544, 52.4315], [21.9645, 52.3831], [21.9253, 52.3898], [21.9595, 52.4084], [21.9081, 52.425], [21.9125, 52.3764], [21.9949, 52.3789], [22.0438, 52.3921], [22.0406, 52.3713], [21.9529, 52.3981], [21.9663, 52.3658], [21.9331, 52.3482], [21.9418, 52.4043], [21.9375, 52.3803], [21.9253, 52.3583], [21.9959, 52.3836], [22.0373, 52.3803], [22.0548, 52.375], [25.45, 49.822], [25.4101, 49.8231], [25.4545, 49.8024]]]}}, {"type": "Feature", "properties": {"regionId": "79"}, "geometry": {"type": "Polygon", "coordinates": [[[30.8914, 50.2797], [22.0354, 52.4148], [22.0039, 52.4186], [22.0028, 52.4361], [22.0447, 52.3862], [22.0605, 52.4294], [22.0918, 52.4213], [22.0427, 52.397], [22.0093, 52.4188], [22.0391, 52.413], [22.0122, 52.4191], [22.0414, 52.3989], [22.0455, 52.3917], [22.0552, 52.4162], [22.1029, 52.4182], [22.1416, 52.3792], [22.0669, 52.4048], [22.0668, 52.3869], [22.0747, 52.3607], [21.9804, 52.3886], [22.0159, 52.3839], [21.9979, 52.3727], [21.9702, 52.3998], [22.016, 52.3704], [21.9552, 52.381], [21.9277, 52.3358], [22.0018, 52.3476], [22.0356, 52.3158], [22.0153, 52.3542], [21.9315, 52.295], [22.0555, 52.3079], [22.0159, 52.3767], [22.029, 52.3778], [22.0833, 52.3861], [22.0268, 52.3985], [22.077, 52.3741], [22.074, 52.4069], [22.0015, 52.4297], [21.9054, 52.4844], [21.9559, 52.4912], [22.0387, 52.393], [22.0429, 52.3737], [22.069, 52.4111], [21.9955, 52.4188], [22.0255, 52.3885], [22.0249, 52.3893], [22.0019, 52.4108], [21.9963, 52.4212], [22.0221, 52.4157], [22.0141, 52.3955], [22.0144, 52.4129], [22.0057, 52.4139], [22.0239, 52.417], [22.0604, 52.4076], [22.0889, 52.3921], [21.9914, 52.3394], [22.0351, 52.3739], [22.0825, 52.3875], [22.0211, 52.4088], [21.9823, 52.4559], [22.0356, 52.4546], [22.0208, 52.4157], [22.0165, 52.4698], [22.0619, 52.4755], [22.0388, 52.3867], [22.0745, 52.4128], [22.1316, 52.3606], [22.0537, 52.414], [22.1576, 52.3396], [22.1338, 52.3945], [21.9413, 52.4292], [22.0273, 52.4353], [22.042, 52.4074], [22.0257, 52.412], [22.0029, 52.4289], [22.0342, 52.4435], [21.9225, 52.3743], [21.9441, 52.3986], [21.9196, 52.4472], [21.986, 52.4043], [21.9244, 52.4049], [21.9559, 52.4217], [21.9989, 52.4022], [21.9782, 52.4024], [21.9865, 52.4079], [22.013, 52.4043], [22.0208, 52.3863], [22.0206, 52.4046], [21.9978, 52.4074], [22.0218, 52.4045], [22.0213, 52.3944], [22.05, 52.4041], [22.049, 52.4259], [22.0548, 52.444], [22.0053, 52.4291], [21.9178, 52.4009], [21.8897, 52.4153], [21.9798, 52.4411], [21.889, 52.5271], [21.8513, 52.4634], [21.9405, 52.3772], [22.0352, 52.3383], [21.8748, 52.3547], [21.9965, 52.387], [21.9799, 52.3922], [21.9659, 52.3903], [21.9995, 52.3894], [22.0036, 52.3718], [21.9836, 52.3671], [21.9579, 52.4134], [21.9164, 52.3875], [21.894, 52.4143], [22.0024, 52.379], [21.9291, 52.3879], [21.9196, 52.3648], [21.9683, 52.4009], [21.9707, 52.425], [21.9345, 52.4282], [21.971, 52.4084], [21.9686, 52.384], [21.9502, 52.3722], [21.9903, 52.4171], [21.9932, 52.4321], [21.9602, 52.4347], [21.959, 52.4016], [21.9684, 52.4164], [21.9559, 52.4338], [21.946, 52.3966], [21.8661, 52.4518], [21.9758, 52.4407], [22.008, 52.4171], [21.9941, 52.4244], [21.9758, 52.4393], [22.0091, 52.4165], [22.0435, 52.4468], [22.0078, 52.4537], [21.9985, 52.4134], [21.9758, 52.4047], [21.9844, 52.4287], [21.9646, 52.3965], [21.968, 52.4244], [21.9303, 52.4259], [22.0143, 52.4577], [21.9484, 52.4169], [21.9082, 52.4125], [21.9407, 52.4015], [21.8871, 52.4005], [21.8456, 52.407], [22.0093, 52.3769], [21.9626, 52.362], [21.9537, 52.3856], [22.0216, 52.3988], [22.0008, 52.4276], [22.0413, 52.4273], [22.0039, 52.4102], [21.9744, 52.4004], [21.9708, 52.3972], [22.0002, 52.3602], [21.9109, 52.4208], [21.899, 52.3875], [21.9997, 52.3853], [21.9612, 52.3742], [21.9715, 52.3579], [21.9907, 52.3947], [21.9542, 52.3919], [21.9594, 52.3843], [22.0695, 52.3834], [21.9574, 52.381], [22.0214, 52.3597], [22.0118, 52.3651], [21.9804, 52.3924], [21.9666, 52.3732], [21.9899, 52.3797], [21.9892, 52.3654], [21.963, 52.3607], [21.9999, 52.3943], [22.0389, 52.3873], [22.01, 52.3852], [21.9775, 52.396], [21.9763, 52.3892], [21.9587, 52.3986], [21.984, 52.3926], [21.9687, 52.3874], [21.9972, 52.3833], [22.0083, 52.3891], [21.9834, 52.3805], [21.9694, 52.3847], [21.9909, 52.3962], [22.005, 52.3915], [22.0107, 52.3903], [22.0068, 52.3826], [21.9653, 52.4068], [21.9587, 52.3944], [22.0099, 52.3883], [22.0127, 52.3736], [22.0206, 52.3755], [22.0366, 52.383], [22.0027, 52.4068], [22.0029, 52.4153], [22.0203, 52.4099], [22.0932, 52.3847], [22.1039, 52.4051], [22.0335, 52.4361], [22.0596, 52.3922], [22.0612, 52.4509], [22.0491, 52.396], [22.1582, 52.3573], [22.0733, 52.3356], [21.9557, 52.3933], [21.9769, 52.3807], [21.9473, 52.3685], [21.9979, 52.3907], [22.0397, 52.3855], [22.01, 52.3852], [21.9994, 52.3856], [21.9924, 52.3883], [22.005, 52.3824], [21.991, 52.3893], [21.9942, 52.3832], [22.0235, 52.3764], [21.9939, 52.3903], [22.0277, 52.3881], [22.0256, 52.3792], [30.8498, 50.2871], [30.8826, 50.2877], [30.8914, 50.2797]]]}}, {"type": "Feature", "properties": {"regionId": "104"}, "geometry": {"type": "Polygon", "coordinates": [[[30.1507, 46.3107], [21.9725, 52.4325], [21.9406, 52.3897], [21.9068, 52.406], [30.0393, 46.2771], [30.1393, 46.2889], [30.1507, 46.3107]]]}}, {"type": "Feature", "properties": {"regionId": "97"}, "geometry": {"type": "Polygon", "coordinates": [[[30.8416, 47.5252], [21.981, 52.4281], [21.9689, 52.4474], [21.9694, 52.4639], [22.0132, 52.4084], [22.0516, 52.4235], [22.0434, 52.4315], [22.0025, 52.4301], [21.9596, 52.409], [21.9623, 52.4403], [22.0001, 52.4074], [22.0391, 52.3997], [22.0263, 52.4143], [21.9731, 52.4365], [22.0941, 52.4188], [22.0875, 52.4495], [22.053, 52.4021], [22.105, 52.4218], [22.1501, 52.418], [22.0413, 52.4033], [22.0542, 52.4378], [22.0904, 52.4069], [22.0254, 52.4013], [21.9789, 52.422], [21.9915, 52.4264], [22.0502, 52.4067], [22.0925, 52.4173], [22.1288, 52.4083], [22.0402, 52.4034], [22.0101, 52.3271], [22.0583, 52.3384], [22.0122, 52.4018], [22.0238, 52.4084], [22.0149, 52.3958], [21.9985, 52.3954], [22.0194, 52.3918], [22.0078, 52.3894], [21.989, 52.4062], [21.9909, 52.4143], [21.9929, 52.4009], [21.9973, 52.3831], [21.9433, 52.3908], [21.9602, 52.3532], [22.0263, 52.3448], [22.1227, 52.3594], [22.1273, 52.4005], [22.0399, 52.4154], [22.0174, 52.3736], [22.0548, 52.3866], [22.0358, 52.4077], [21.976, 52.4767], [22.0398, 52.4731], [21.9819, 52.5066], [21.9141, 52.5672], [21.9253, 52.6541], [21.9569, 52.4366], [22.0071, 52.4165], [21.9409, 52.4083], [21.9657, 52.3931], [22.0022, 52.4364], [21.9239, 52.4065], [21.9332, 52.38], [21.9841, 52.4463], [21.9118, 52.4532], [22.0108, 52.4177], [22.0028, 52.4206], [21.9872, 52.4389], [21.977, 52.4194], [21.9018, 52.392], [21.884, 52.4102], [21.9063, 52.4081], [21.9483, 52.3775], [21.9239, 52.3556], [21.9842, 52.3993], [21.9431, 52.4066], [21.9523, 52.388], [22.0011, 52.3934], [21.9776, 52.3974], [21.973, 52.3912], [21.9952, 52.394], [21.988, 52.4072], [21.9758, 52.4019], [21.9761, 52.389], [21.97, 52.406], [21.968, 52.4199], [21.984, 52.3941], [21.9807, 52.4017], [21.9708, 52.4037], [22.0031, 52.3844], [21.9695, 52.3688], [21.9701, 52.3926], [21.9723, 52.4215], [21.9048, 52.405], [21.8563, 52.4046], [22.0138, 52.3831], [22.0004, 52.3833], [21.9751, 52.3815], [22.0039, 52.3852], [21.9757, 52.3916], [21.9602, 52.3907], [21.963, 52.385], [21.9519, 52.4477], [21.9232, 52.4028], [21.9949, 52.4059], [21.9786, 52.4148], [21.9609, 52.4032], [21.9756, 52.4164], [21.9631, 52.3988], [21.9388, 52.4014], [21.9767, 52.4009], [21.9727, 52.4188], [21.9488, 52.4046], [21.9718, 52.3947], [21.9756, 52.3841], [21.9616, 52.3722], [21.9606, 52.3783], [22.0443, 52.3787], [22.0398, 52.3611], [21.98, 52.3942], [21.9701, 52.3991], [21.9566, 52.4042], [22.0103, 52.3846], [22.0135, 52.3909], [21.9858, 52.3907], [21.9777, 52.3983], [21.9799, 52.385], [21.9488, 52.3935], [22.0013, 52.3888], [21.9791, 52.3743], [21.9666, 52.3829], [21.978, 52.3886], [22.0454, 52.3804], [22.0398, 52.356], [21.9963, 52.3837], [21.9532, 52.3885], [21.9872, 52.3634], [21.9988, 52.3748], [22.0305, 52.3683], [22.0555, 52.3486], [22.0083, 52.3718], [22.0117, 52.3228], [22.0285, 52.2866], [22.0259, 52.368], [22.1057, 52.429], [22.1145, 52.3685], [21.9537, 52.3993], [22.0044, 52.3719], [21.9573, 52.3658], [21.9846, 52.3726], [22.0236, 52.3192], [22.0235, 52.2834], [22.0307, 52.406], [22.0496, 52.4093], [22.0505, 52.3847], [22.0277, 52.4034], [22.0621, 52.4088], [22.0897, 52.412], [22.0236, 52.3905], [22.0419, 52.4093], [22.069, 52.3963], [22.078, 52.4248], [21.9853, 52.3496], [22.0875, 52.3806], [30.774, 47.5231], [30.7806, 47.5176], [30.8416, 47.5252]]]}}, {"type": "Feature", "properties": {"regionId": "62"}, "geometry": {"type": "Polygon", "coordinates": [[[22.9136, 48.1149], [21.9782, 52.3853], [22.0206, 52.3915], [22.0114, 52.3944], [22.923, 48.1156], [22.9198, 48.1121], [22.9136, 48.1149], [23.544, 47.8885], [21.9118, 52.4371], [21.8903, 52.4098], [21.9374, 52.4889], [22.0228, 52.4218], [22.0646, 52.3964], [22.0811, 52.4204], [22.0085, 52.4112], [22.0027, 52.4121], [21.9851, 52.4143], [21.9905, 52.3986], [22.0009, 52.4164], [21.9836, 52.4125], [22.0022, 52.4104], [21.9916, 52.4542], [22.0299, 52.4463], [22.0092, 52.4056], [22.002, 52.421], [22.0228, 52.4181], [22.0093, 52.4001], [22.0151, 52.4199], [22.0185, 52.4301], [22.0432, 52.4018], [22.0258, 52.4433], [22.0612, 52.4523], [22.0256, 52.4107], [22.0533, 52.4008], [22.0192, 52.4273], [21.9963, 52.4081], [22.0319, 52.4047], [22.0292, 52.4167], [21.9968, 52.4272], [22.0264, 52.4219], [22.0391, 52.4139], [23.7477, 48.2387], [23.759, 48.2349], [23.7646, 48.2385], [22.0076, 52.3969], [21.9985, 52.4104], [22.0071, 52.412], [22.0269, 52.3922], [22.04, 52.4207], [22.0512, 52.4319], [22.0203, 52.4143], [21.9972, 52.4219], [22.0057, 52.4375], [22.0237, 52.419], [22.036, 52.4485], [22.0441, 52.4699], [22.0143, 52.4148], [22.0055, 52.424], [21.9843, 52.4347], [21.9892, 52.4032], [21.9969, 52.4197], [21.9765, 52.413], [21.9633, 52.4118], [21.9725, 52.4337], [21.9801, 52.4546], [21.9761, 52.4238], [21.9447, 52.4054], [21.9103, 52.4055], [21.965, 52.4191], [21.9361, 52.4421], [21.9217, 52.4657], [21.9839, 52.4049], [21.9625, 52.394], [21.9616, 52.4134], [21.9759, 52.4108], [21.9461, 52.4011], [21.9239, 52.4139], [21.9881, 52.4086], [21.9784, 52.3854], [21.9623, 52.3898], [21.9707, 52.404], [21.8951, 52.4058], [21.8947, 52.437], [21.9886, 52.423], [21.9625, 52.3929], [21.9409, 52.3917], [21.9976, 52.3916], [21.9979, 52.3828], [21.995, 52.3745], [21.9983, 52.3941], [21.9799, 52.3987], [21.9794, 52.3907], [22.0205, 52.3674], [21.9545, 52.3646], [21.9573, 52.3366], [21.9831, 52.3976], [21.9734, 52.3896], [21.9609, 52.3847], [21.9788, 52.4065], [21.9842, 52.4075], [21.9772, 52.3977], [21.9537, 52.4046], [22.0077, 52.3931], [21.9758, 52.3801], [21.9959, 52.4047], [21.9708, 52.416], [21.9801, 52.4074], [21.9861, 52.3963], [22.0134, 52.3988], [22.0199, 52.3898], [22.0407, 52.4198], [22.0386, 52.3952], [22.0313, 52.3732], [21.9775, 52.3889], [21.9553, 52.3768], [21.9616, 52.3593], [22.0052, 52.3784], [21.9982, 52.353], [22.0156, 52.3343], [21.9872, 52.3924], [21.9721, 52.3606], [21.963, 52.3769], [21.9483, 52.398], [21.926, 52.4299], [21.8748, 52.4319], [21.9778, 52.4173], [21.9462, 52.4099], [21.9409, 52.387], [21.9931, 52.3928], [21.9635, 52.3841], [21.9737, 52.3769], [21.9993, 52.3634], [21.9381, 52.3761], [21.9673, 52.3972], [22.0011, 52.3999], [21.9898, 52.4062], [21.9886, 52.3968], [21.9826, 52.4004], [22.0002, 52.401], [21.9972, 52.394], [21.9897, 52.4015], [21.9583, 52.4125], [21.9815, 52.3926], [22.0112, 52.4016], [22.0124, 52.3979], [22.0085, 52.3921], [22.0023, 52.3968], [22.0149, 52.4007], [22.01, 52.3931], [22.0041, 52.385], [22.033, 52.4008], [22.037, 52.388], [22.0275, 52.3802], [22.0011, 52.386], [22.0057, 52.3782], [22.0211, 52.3917], [22.0159, 52.378], [22.0334, 52.3648], [22.0228, 52.3972], [22.0143, 52.3825], [22.0391, 52.3894], [21.9881, 52.3887], [22.0073, 52.3754], [22.0235, 52.3676], [22.0518, 52.364], [21.9455, 52.4061], [21.9338, 52.3644], [21.9686, 52.37], [22.0666, 52.4051], [22.0847, 52.4083], [22.0108, 52.4], [22.0053, 52.3927], [22.0043, 52.3884], [22.014, 52.3971], [22.019, 52.3956], [22.0213, 52.3875], [21.9988, 52.3886], [22.0104, 52.3613], [22.0334, 52.3773], [22.003, 52.404], [22.0077, 52.4252], [22.0142, 52.413], [22.0256, 52.3863], [22.048, 52.3723], [22.0534, 52.3542], [22.0236, 52.3882], [22.0518, 52.3784], [22.0662, 52.3657], [22.0039, 52.3889], [22.0384, 52.4071], [22.0377, 52.3907], [22.0175, 52.3837], [21.9937, 52.3672], [22.0043, 52.3537], [21.9964, 52.3864], [22.0106, 52.3823], [22.0235, 52.3745], [21.9904, 52.3913], [21.9818, 52.3836], [21.9964, 52.3736], [22.0219, 52.3916], [22.0598, 52.3973], [22.0413, 52.3792], [22.0063, 52.3873], [22.0446, 52.395], [22.0477, 52.3778], [22.0226, 52.4054], [22.0229, 52.3904], [22.0356, 52.387], [22.0171, 52.3966], [22.021, 52.4], [22.0349, 52.3912], [23.5146, 47.824], [23.533, 47.8528], [23.544, 47.8885], [22.9136, 48.1149]]]}}, {"type": "Feature", "properties": {"regionId": "138"}, "geometry": {"type": "Polygon", "coordinates": [[[24.9465, 47.6025], [22.0345, 52.4032], [22.0713, 52.4014], [22.0953, 52.4037], [22.0224, 52.3968], [22.0239, 52.3963], [22.0363, 52.413], [22.0209, 52.3967], [22.0628, 52.4058], [22.0662, 52.425], [22.0166, 52.4122], [22.0244, 52.4213], [22.0477, 52.4204], [22.0038, 52.4135], [22.01, 52.4211], [22.0128, 52.4333], [22.0169, 52.4147], [22.0515, 52.4349], [22.0434, 52.4546], [22.0062, 52.4187], [22.0221, 52.4121], [22.0413, 52.413], [22.0127, 52.3962], [22.0349, 52.4136], [22.047, 52.4204], [22.035, 52.4014], [22.1946, 52.4043], [22.0911, 52.4301], [21.9448, 52.4227], [21.9479, 52.4327], [21.963, 52.468], [21.9607, 52.4207], [21.9455, 52.4263], [21.9943, 52.4454], [22.029, 52.41], [22.0147, 52.4306], [22.0135, 52.4421], [22.018, 52.4316], [22.1112, 52.4016], [22.0968, 52.4217], [22.0134, 52.4215], [21.9768, 52.4411], [21.9921, 52.4579], [22.0163, 52.4146], [22.0009, 52.4812], [22.0491, 52.4648], [22.0165, 52.4051], [22.0171, 52.4243], [22.052, 52.4005], [22.0262, 52.4007], [22.0193, 52.4141], [22.0391, 52.4069], [22.0068, 52.4288], [22.0224, 52.4442], [22.0562, 52.4583], [21.9968, 52.4355], [22.0328, 52.4342], [21.9658, 52.4611], [21.9348, 52.3819], [21.9029, 52.4327], [21.842, 52.4185], [21.9744, 52.4064], [21.9769, 52.4002], [21.9587, 52.394], [21.9639, 52.4055], [21.9296, 52.3885], [21.8961, 52.3764], [21.9689, 52.3835], [21.9601, 52.3506], [21.9239, 52.3472], [21.9873, 52.3739], [21.9641, 52.3551], [21.9374, 52.3352], [21.9914, 52.3922], [21.9758, 52.4018], [21.9644, 52.3977], [21.9854, 52.3925], [21.9779, 52.3813], [21.9594, 52.3787], [22.0145, 52.3933], [22.0118, 52.393], [22.0099, 52.3824], [22.0169, 52.3966], [22.0271, 52.3859], [22.0221, 52.3745], [21.9882, 52.3897], [21.9755, 52.4067], [21.9594, 52.4046], [21.9722, 52.391], [21.9978, 52.3824], [21.9922, 52.3741], [21.954, 52.4057], [22.0046, 52.3634], [21.9502, 52.369], [21.994, 52.3913], [22.0041, 52.3755], [21.9765, 52.3843], [21.9607, 52.4217], [21.9621, 52.3898], [21.978, 52.3755], [21.9864, 52.3859], [21.9723, 52.3856], [21.9594, 52.3708], [21.9847, 52.3844], [21.96, 52.3789], [21.9559, 52.3611], [22.0165, 52.3893], [21.9906, 52.3784], [22.0029, 52.3616], [22.0061, 52.3876], [22.0042, 52.3883], [22.005, 52.3801], [22.0083, 52.3929], [22.0126, 52.3994], [22.0, 52.3921], [22.0047, 52.3863], [22.0271, 52.3787], [22.0356, 52.3704], [22.0109, 52.3907], [22.0064, 52.3843], [21.9908, 52.3796], [22.0109, 52.3772], [22.034, 52.3756], [22.0463, 52.3588], [22.0146, 52.3873], [21.9732, 52.3557], [21.9595, 52.3431], [24.966, 47.6489], [24.9502, 47.6264], [24.9465, 47.6025]]]}}, {"type": "Feature", "properties": {"regionId": "82"}, "geometry": {"type": "Polygon", "coordinates": [[[30.3698, 48.0093], [22.0256, 52.3912], [22.0109, 52.4163], [22.0242, 52.4181], [22.0503, 52.4187], [22.0339, 52.4129], [22.0818, 52.4018], [22.0211, 52.4049], [22.0277, 52.4126], [22.0512, 52.4019], [22.0069, 52.3948], [22.0376, 52.4154], [22.037, 52.3977], [22.0472, 52.4359], [22.0308, 52.3852], [22.0818, 52.3944], [22.0369, 52.3951], [22.04, 52.4113], [22.0747, 52.4144], [21.9872, 52.4096], [21.9874, 52.415], [22.0078, 52.4148], [22.0411, 52.398], [22.1273, 52.4219], [22.1288, 52.3815], [22.0277, 52.397], [22.0186, 52.4173], [22.0334, 52.4194], [22.0115, 52.3907], [22.0314, 52.397], [22.0299, 52.3736], [22.0162, 52.4055], [22.0469, 52.3987], [22.0484, 52.4032], [22.0235, 52.4033], [22.0287, 52.4015], [22.0285, 52.4194], [22.0509, 52.3948], [22.0681, 52.4026], [22.0498, 52.4375], [22.0643, 52.4157], [22.0905, 52.388], [22.1238, 52.4171], [21.9741, 52.4459], [21.9985, 52.4102], [22.0178, 52.4421], [22.0347, 52.4268], [21.9652, 52.4115], [21.9409, 52.4167], [21.9434, 52.3899], [21.9567, 52.4048], [21.9623, 52.4255], [21.9917, 52.4308], [21.9708, 52.4476], [21.9416, 52.4611], [21.9738, 52.3886], [21.9459, 52.4233], [21.9352, 52.3963], [21.9825, 52.3982], [21.9243, 52.3844], [21.9424, 52.4079], [21.9959, 52.4105], [21.9724, 52.4191], [21.9815, 52.431], [22.0326, 52.4168], [21.9986, 52.4132], [21.9872, 52.4255], [21.9866, 52.4023], [22.0111, 52.4193], [22.0157, 52.4139], [22.0666, 52.4046], [22.0271, 52.4746], [22.1017, 52.4588], [21.993, 52.4186], [21.979, 52.4364], [22.0214, 52.4315], [22.0836, 52.3943], [21.946, 52.492], [22.1864, 52.437], [22.1428, 52.4008], [21.9435, 52.4739], [22.0505, 52.4967], [21.9896, 52.4134], [22.0219, 52.4184], [22.0448, 52.425], [22.0069, 52.3671], [22.0481, 52.3787], [22.0228, 52.4083], [21.9995, 52.4207], [22.0164, 52.4519], [21.9587, 52.443], [22.0071, 52.3774], [21.961, 52.4063], [21.953, 52.3903], [21.9895, 52.3924], [21.9885, 52.3763], [21.9751, 52.3907], [21.9871, 52.3949], [21.9928, 52.388], [21.9794, 52.394], [21.9879, 52.3686], [21.9859, 52.4056], [21.9658, 52.3981], [21.9974, 52.3827], [21.9776, 52.4058], [21.9723, 52.4102], [21.997, 52.4115], [21.9898, 52.4014], [21.9815, 52.4046], [21.9992, 52.4084], [21.9866, 52.4067], [21.9772, 52.4079], [21.9819, 52.3893], [21.9734, 52.4083], [21.9509, 52.3991], [21.9874, 52.3993], [21.9848, 52.4143], [21.9701, 52.4102], [22.0203, 52.378], [21.9701, 52.3977], [21.9559, 52.388], [21.9964, 52.3909], [22.0039, 52.3865], [21.9858, 52.3852], [21.9761, 52.415], [21.9454, 52.3946], [21.936, 52.4222], [21.9653, 52.3867], [21.9523, 52.4072], [21.9153, 52.3944], [21.9148, 52.4245], [21.8982, 52.3593], [21.8435, 52.3611], [22.0713, 52.3351], [21.9862, 52.3574], [21.9488, 52.307], [22.0444, 52.3844], [22.0366, 52.3669], [22.037, 52.3398], [21.9711, 52.4], [21.9305, 52.4047], [21.9203, 52.3972], [21.9741, 52.4123], [21.9363, 52.4272], [21.9118, 52.4037], [21.9945, 52.3571], [21.9662, 52.3625], [21.9153, 52.3491], [21.9463, 52.395], [21.9469, 52.3741], [21.904, 52.3639], [21.9528, 52.4198], [21.9361, 52.4345], [21.9239, 52.394], [21.9543, 52.3665], [21.9575, 52.3797], [21.9046, 52.4088], [21.9199, 52.4], [21.9147, 52.368], [21.8563, 52.3546], [21.959, 52.3904], [21.9695, 52.3834], [21.9388, 52.3667], [21.9653, 52.3797], [21.9251, 52.3709], [21.9644, 52.3463], [21.9773, 52.4012], [22.0092, 52.375], [21.9729, 52.3815], [21.9951, 52.3859], [21.9881, 52.3669], [21.9701, 52.3694], [21.9787, 52.3906], [22.0341, 52.3713], [22.0164, 52.3588], [22.0141, 52.2879], [22.0406, 52.3967], [22.1046, 52.3352], [22.0436, 52.3829], [22.0356, 52.4721], [22.1017, 52.4254], [22.0102, 52.4092], [22.0147, 52.4194], [22.0178, 52.4028], [22.0344, 52.3925], [21.9953, 52.3737], [22.0135, 52.3634], [22.0394, 52.4127], [22.0199, 52.3595], [22.0833, 52.3625], [22.0145, 52.3933], [22.0237, 52.4002], [22.0384, 52.4032], [22.0249, 52.3959], [22.0402, 52.3977], [22.0619, 52.407], [30.2875, 48.0039], [30.3288, 48.0119], [30.3698, 48.0093]]]}}, {"type": "Feature", "properties": {"regionId": "117"}, "geometry": {"type": "Polygon", "coordinates": [[[33.2814, 50.8559], [22.0738, 52.4607], [22.2242, 52.3654], [22.2739, 52.4315], [22.0775, 52.3736], [21.9974, 52.4595], [22.0861, 52.45], [22.0152, 52.3877], [22.0453, 52.3713], [22.0683, 52.3866], [22.0353, 52.4157], [22.0023, 52.37], [22.042, 52.3704], [22.0164, 52.378], [21.9648, 52.3705], [22.037, 52.3639], [22.013, 52.4308], [22.063, 52.4216], [22.0968, 52.418], [22.0057, 52.4079], [22.032, 52.4062], [22.0463, 52.4028], [22.0046, 52.4238], [22.0376, 52.3931], [22.0583, 52.3995], [21.9851, 52.4106], [22.0075, 52.4233], [22.0213, 52.4255], [22.0111, 52.4071], [22.0399, 52.4243], [22.0406, 52.4342], [21.9924, 52.4177], [21.9976, 52.4402], [22.042, 52.4278], [22.0126, 52.3931], [22.0171, 52.4083], [22.0093, 52.4111], [22.0105, 52.4042], [22.0363, 52.412], [22.0519, 52.4097], [22.0063, 52.423], [22.0153, 52.4426], [22.0406, 52.4592], [22.0136, 52.3994], [22.0345, 52.3941], [22.0199, 52.4097], [21.9785, 52.4071], [21.9983, 52.4365], [22.0199, 52.4458], [21.9808, 52.4203], [22.0097, 52.4395], [22.0021, 52.4444], [22.0151, 52.4027], [22.0312, 52.4156], [22.0512, 52.4079], [22.0155, 52.4073], [21.9955, 52.4141], [22.0213, 52.4144], [22.0119, 52.4057], [22.0061, 52.4148], [22.0249, 52.4162], [22.0249, 52.4027], [21.9841, 52.4096], [21.9929, 52.4181], [22.0152, 52.4084], [22.0318, 52.403], [22.0334, 52.4222], [22.0243, 52.3832], [21.9955, 52.4402], [22.0263, 52.4204], [22.0117, 52.4054], [22.0098, 52.3978], [22.0157, 52.3949], [22.0074, 52.4024], [21.9911, 52.407], [22.0021, 52.4074], [22.0059, 52.417], [22.0437, 52.4279], [21.9957, 52.438], [21.9843, 52.4115], [21.9945, 52.3983], [21.9758, 52.4023], [21.9992, 52.4077], [22.0004, 52.4258], [21.9836, 52.4083], [21.9848, 52.4124], [21.9812, 52.4227], [21.9552, 52.4176], [22.0013, 52.412], [21.9891, 52.4274], [22.0028, 52.4315], [22.0391, 52.4026], [22.0048, 52.4245], [22.0278, 52.437], [22.0034, 52.4122], [22.0575, 52.4142], [22.0221, 52.4269], [21.9607, 52.4323], [21.912, 52.3807], [21.9054, 52.4185], [22.0048, 52.4472], [21.9583, 52.3783], [21.9409, 52.3986], [21.9331, 52.4002], [21.9303, 52.4602], [21.9118, 52.432], [22.0167, 52.3751], [21.9935, 52.3796], [21.9772, 52.3898], [21.9811, 52.4003], [21.9862, 52.3905], [21.9751, 52.4051], [21.9898, 52.3868], [22.0067, 52.3687], [21.9836, 52.3875], [22.0063, 52.3904], [22.0068, 52.3754], [22.0242, 52.3671], [22.0081, 52.3772], [21.9359, 52.3571], [21.9566, 52.3889], [21.9921, 52.4056], [21.9816, 52.3891], [21.9715, 52.3852], [21.9815, 52.3983], [21.9763, 52.397], [21.9779, 52.3843], [21.9868, 52.3862], [21.9429, 52.3982], [21.9694, 52.4046], [22.0048, 52.4044], [21.9866, 52.4113], [22.01, 52.412], [21.9824, 52.416], [22.031, 52.4241], [22.0036, 52.4329], [21.9876, 52.3859], [21.9521, 52.3805], [21.9815, 52.4032], [21.9716, 52.3873], [21.9739, 52.4187], [21.9481, 52.4125], [21.9743, 52.3879], [21.9585, 52.4196], [21.9317, 52.4231], [22.0024, 52.4093], [21.9926, 52.4321], [21.9722, 52.4467], [21.9962, 52.4137], [22.0301, 52.4007], [22.0128, 52.4213], [22.0081, 52.4146], [21.9864, 52.4138], [21.9694, 52.4241], [21.9493, 52.4126], [21.9628, 52.4102], [21.9701, 52.4292], [21.9619, 52.386], [21.9454, 52.415], [21.9231, 52.4222], [21.9602, 52.3795], [21.9446, 52.4248], [21.9089, 52.4324], [21.9923, 52.4082], [22.0145, 52.4187], [21.9801, 52.4083], [22.0004, 52.3837], [21.9817, 52.4003], [21.9751, 52.4088], [21.9786, 52.3991], [21.9606, 52.3952], [21.9388, 52.4019], [21.9574, 52.3873], [21.9281, 52.3388], [21.8805, 52.3634], [21.9971, 52.3916], [22.004, 52.3923], [21.9808, 52.3866], [21.9851, 52.3874], [21.972, 52.3982], [21.9602, 52.388], [22.0022, 52.3887], [21.9726, 52.4169], [21.9722, 52.4241], [21.9726, 52.4051], [21.9993, 52.3913], [21.9844, 52.3898], [21.9897, 52.4087], [21.9387, 52.4111], [21.9616, 52.3954], [21.978, 52.3872], [21.9667, 52.3665], [22.0078, 52.3722], [21.9735, 52.3517], [22.1012, 52.3294], [22.0441, 52.3259], [21.9119, 52.4029], [21.998, 52.3675], [21.995, 52.3389], [21.9948, 52.389], [21.9635, 52.3802], [21.9495, 52.3806], [21.9825, 52.387], [21.9835, 52.3512], [21.9701, 52.3296], [22.0258, 52.3912], [22.0183, 52.3812], [22.0071, 52.3713], [22.0252, 52.4013], [22.0122, 52.3922], [22.0114, 52.3819], [21.9808, 52.3944], [21.9802, 52.4087], [21.9644, 52.4056], [21.9792, 52.3989], [22.0154, 52.3958], [22.0128, 52.3898], [22.0075, 52.3859], [21.9877, 52.3825], [21.9765, 52.3926], [21.9728, 52.3868], [21.9776, 52.4127], [21.9537, 52.4199], [21.9989, 52.4057], [22.035, 52.4094], [22.0064, 52.4208], [21.9583, 52.3726], [21.9822, 52.3794], [21.9901, 52.3472], [21.9959, 52.3747], [22.0194, 52.3887], [22.037, 52.3801], [22.0042, 52.3928], [21.9966, 52.3785], [22.0043, 52.3694], [21.989, 52.3943], [21.9692, 52.3916], [21.9737, 52.3843], [22.0334, 52.4035], [21.9692, 52.395], [21.9979, 52.3903], [22.0305, 52.4052], [22.0346, 52.3933], [22.0093, 52.3768], [22.0176, 52.3759], [21.9577, 52.3675], [21.9836, 52.3366], [21.9674, 52.3925], [21.9377, 52.3922], [21.9331, 52.3681], [22.0297, 52.307], [21.8834, 52.3128], [22.0661, 52.3028], [21.9845, 52.379], [22.0322, 52.3965], [22.0306, 52.3796], [21.9684, 52.3841], [22.0362, 52.374], [22.0014, 52.3681], [21.9515, 52.3639], [21.9686, 52.33], [22.0349, 52.3704], [33.2262, 50.8983], [33.1968, 50.836], [33.2814, 50.8559]]]}}, {"type": "Feature", "properties": {"regionId": "50"}, "geometry": {"type": "Polygon", "coordinates": [[[37.0113, 48.3912], [22.027, 52.4002], [22.0347, 52.4082], [22.0534, 52.412], [22.0255, 52.4109], [22.0523, 52.3844], [22.0455, 52.406], [22.0279, 52.3982], [21.9973, 52.424], [22.0434, 52.4111], [22.0215, 52.4034], [21.9913, 52.4466], [22.037, 52.4477], [22.0222, 52.4063], [22.016, 52.3897], [22.0299, 52.3838], [22.0255, 52.4105], [22.0624, 52.388], [22.0505, 52.4167], [22.04, 52.4058], [22.0526, 52.3856], [22.0904, 52.3926], [22.0039, 52.3743], [22.0047, 52.362], [22.0491, 52.3713], [21.9807, 52.4508], [22.0304, 52.4091], [22.0441, 52.3866], [22.0338, 52.4068], [22.007, 52.3711], [22.0519, 52.3778], [21.9961, 52.3878], [21.9933, 52.3831], [21.9915, 52.3718], [21.9985, 52.3907], [21.9672, 52.3904], [21.9801, 52.3801], [21.9826, 52.3892], [22.0525, 52.3925], [22.0655, 52.388], [21.9872, 52.3776], [22.0096, 52.3698], [22.0128, 52.3519], [21.9818, 52.3992], [21.9743, 52.3961], [21.9808, 52.3838], [22.0452, 52.4074], [22.0099, 52.369], [22.0221, 52.3551], [21.99, 52.3751], [22.0554, 52.3943], [22.0256, 52.3699], [22.0243, 52.3632], [22.0626, 52.4278], [22.0989, 52.3921], [22.01, 52.3844], [22.0146, 52.3808], [22.0356, 52.382], [22.0021, 52.3917], [21.9817, 52.3684], [22.0043, 52.3699], [22.0334, 52.411], [22.0617, 52.3817], [22.1003, 52.3866], [22.0209, 52.3995], [21.9958, 52.4331], [21.9993, 52.4449], [22.0483, 52.4171], [22.0288, 52.4179], [22.0277, 52.4472], [22.0153, 52.4057], [22.0857, 52.4162], [22.042, 52.4268], [21.9869, 52.408], [21.9826, 52.4221], [22.0043, 52.4282], [22.0046, 52.403], [21.9847, 52.4212], [21.9964, 52.4181], [22.0002, 52.3891], [22.0108, 52.3836], [21.9971, 52.3727], [22.0142, 52.3927], [22.0436, 52.3448], [22.0463, 52.3778], [22.01, 52.4133], [21.9733, 52.4079], [21.9851, 52.4204], [21.9885, 52.4039], [22.0147, 52.4208], [22.0242, 52.4111], [22.0165, 52.395], [22.0206, 52.4026], [22.0292, 52.3977], [22.0006, 52.3958], [22.0383, 52.3911], [22.0164, 52.4], [21.9861, 52.414], [22.0562, 52.3894], [22.0477, 52.4069], [22.021, 52.3981], [21.997, 52.375], [21.99, 52.3556], [21.9888, 52.3963], [22.0103, 52.3952], [22.0149, 52.3949], [21.986, 52.3927], [22.0148, 52.3896], [22.0206, 52.3903], [22.0035, 52.414], [22.015, 52.4057], [22.0285, 52.4074], [21.9914, 52.406], [22.0101, 52.4082], [22.01, 52.4181], [21.962, 52.4113], [21.9706, 52.4385], [21.9694, 52.4634], [22.0021, 52.4153], [22.0618, 52.4], [22.0484, 52.4245], [22.0145, 52.4175], [21.9389, 52.384], [21.9523, 52.4042], [22.0054, 52.4095], [22.0108, 52.4165], [21.9893, 52.4139], [21.9804, 52.3968], [21.98, 52.3839], [21.9616, 52.4042], [22.0217, 52.4232], [21.9578, 52.4416], [21.9409, 52.4583], [21.9788, 52.3927], [21.9688, 52.3909], [21.995, 52.3907], [21.9902, 52.3937], [21.9755, 52.3999], [21.9651, 52.4046], [22.0094, 52.4011], [22.0043, 52.4322], [21.9893, 52.4324], [21.9921, 52.4083], [22.0066, 52.4032], [22.0071, 52.4097], [21.9881, 52.3981], [21.9895, 52.4014], [21.9943, 52.4056], [22.0626, 52.3985], [21.9805, 52.445], [22.0313, 52.4611], [22.0269, 52.4237], [21.9558, 52.4164], [21.9687, 52.4417], [22.018, 52.4375], [22.0123, 52.4685], [22.0612, 52.5027], [22.011, 52.3927], [22.0455, 52.3768], [22.0562, 52.3898], [22.047, 52.4066], [21.9752, 52.4316], [21.9922, 52.4467], [22.0335, 52.4091], [22.0442, 52.4049], [22.0825, 52.406], [22.0186, 52.394], [21.9975, 52.4179], [22.0228, 52.4162], [22.0214, 52.3992], [22.0283, 52.4311], [22.0149, 52.4259], [21.9907, 52.4006], [21.9696, 52.3997], [21.9793, 52.413], [22.0199, 52.4035], [22.026, 52.4219], [22.0242, 52.4315], [21.9884, 52.3966], [21.9821, 52.4011], [21.9815, 52.4074], [21.9759, 52.3996], [22.0106, 52.4363], [22.0185, 52.4301], [22.0191, 52.3909], [22.0135, 52.3945], [22.0228, 52.4042], [21.9995, 52.4383], [22.0914, 52.3839], [21.9964, 52.4815], [22.0656, 52.5677], [22.0156, 52.4471], [21.904, 52.4787], [21.9643, 52.4045], [21.8927, 52.4391], [21.9758, 52.4556], [21.9896, 52.4124], [21.98, 52.416], [22.0028, 52.4222], [22.011, 52.4145], [21.9532, 52.3894], [21.9353, 52.4097], [21.9924, 52.4357], [21.9748, 52.3745], [21.9623, 52.3787], [21.9432, 52.4034], [21.8552, 52.4212], [21.7766, 52.431], [21.9604, 52.4006], [21.8912, 52.3749], [21.8933, 52.35], [22.0174, 52.3894], [22.0532, 52.3883], [22.0569, 52.3644], [22.0024, 52.3823], [21.9793, 52.4082], [21.9801, 52.3954], [22.0811, 52.3829], [21.9957, 52.3671], [21.9438, 52.3593], [22.0288, 52.3696], [22.0155, 52.3597], [21.9651, 52.3519], [21.9831, 52.4119], [21.9707, 52.4049], [21.9395, 52.3963], [21.9803, 52.3985], [21.9953, 52.3813], [21.9979, 52.3741], [21.9655, 52.4086], [21.9889, 52.3769], [21.9758, 52.3708], [21.9922, 52.3876], [21.9912, 52.4084], [21.9758, 52.4079], [22.0012, 52.3839], [21.9399, 52.3904], [21.9801, 52.3796], [21.993, 52.4029], [21.949, 52.3809], [21.9836, 52.3852], [21.9881, 52.3916], [22.026, 52.3862], [22.0036, 52.3843], [21.9852, 52.3887], [22.0145, 52.3877], [22.0164, 52.3829], [22.0166, 52.3825], [21.971, 52.3865], [21.9566, 52.388], [21.9742, 52.39], [21.9734, 52.3825], [21.9381, 52.3829], [21.9945, 52.3768], [21.9542, 52.3765], [21.9708, 52.3491], [22.0138, 52.3015], [21.9109, 52.4471], [21.8869, 52.369], [21.9738, 52.3781], [21.9473, 52.4078], [21.9232, 52.3741], [21.9717, 52.3768], [22.0605, 52.3767], [22.0306, 52.3486], [21.9843, 52.4125], [21.9664, 52.4206], [21.9502, 52.431], [21.9827, 52.4291], [21.9244, 52.4155], [21.8854, 52.4227], [21.9662, 52.4103], [21.9736, 52.3525], [21.9438, 52.3778], [21.9743, 52.4004], [21.9601, 52.4085], [21.9737, 52.4245], [21.9479, 52.392], [21.9306, 52.4148], [21.8983, 52.3741], [22.0161, 52.3911], [22.0699, 52.3163], [22.0221, 52.3172], [22.0185, 52.3942], [21.9964, 52.3852], [22.0099, 52.3806], [22.0057, 52.3925], [21.997, 52.3908], [22.0093, 52.3847], [21.9978, 52.3982], [21.9862, 52.3973], [21.9979, 52.394], [22.0107, 52.388], [22.0124, 52.3626], [22.0171, 52.3454], [22.0417, 52.412], [22.0363, 52.3904], [22.0427, 52.3708], [22.0585, 52.4098], [22.098, 52.3884], [22.1174, 52.3639], [37.8965, 48.2625], [22.0209, 52.3923], [22.0352, 52.3905], [22.0185, 52.381], [37.9155, 48.2395], [37.8883, 48.2743], [37.8965, 48.2625], [38.0523, 48.2435], [22.0044, 52.3948], [21.9926, 52.3998], [21.9893, 52.4], [38.0434, 48.2458], [38.0498, 48.244], [38.0523, 48.2435], [37.9876, 48.2926], [22.0014, 52.3946], [22.0136, 52.3952], [22.0157, 52.3898], [37.9902, 48.2816], [37.9751, 48.3006], [37.9876, 48.2926], [37.9769, 48.294], [21.9978, 52.3989], [21.9933, 52.4029], [21.9972, 52.4037], [37.9745, 48.297], [37.9789, 48.2948], [37.9769, 48.294], [38.0665, 48.3361], [22.0077, 52.4024], [22.008, 52.3875], [22.0014, 52.3894], [38.0663, 48.3285], [38.0641, 48.3331], [38.0665, 48.3361], [37.0113, 48.3912]]]}}, {"type": "Feature", "properties": {"regionId": "83"}, "geometry": {"type": "Polygon", "coordinates": [[[31.8392, 47.9691], [22.0058, 52.4175], [22.072, 52.4091], [22.0953, 52.4065], [22.0373, 52.4093], [22.0457, 52.4365], [22.106, 52.4301], [22.0177, 52.3714], [22.0843, 52.4042], [22.0441, 52.3945], [21.9856, 52.4334], [21.913, 52.4206], [21.9402, 52.4685], [21.9379, 52.4519], [21.9921, 52.4973], [21.9858, 52.543], [21.9844, 52.4268], [21.9838, 52.4597], [21.9808, 52.4912], [21.9575, 52.3908], [21.9663, 52.4117], [21.9609, 52.4296], [21.9807, 52.4026], [21.9535, 52.4222], [21.9907, 52.4245], [21.9791, 52.4703], [22.0961, 52.4315], [22.0733, 52.4463], [22.0054, 52.4184], [21.9879, 52.4247], [21.9722, 52.4366], [22.021, 52.4211], [22.0684, 52.4053], [22.0598, 52.418], [22.0267, 52.4047], [21.9405, 52.4514], [21.9822, 52.468], [21.9558, 52.4592], [22.0404, 52.3952], [22.0626, 52.4338], [22.0178, 52.4073], [22.0704, 52.4052], [22.0427, 52.4213], [21.9814, 52.4159], [21.9882, 52.4247], [21.9694, 52.4467], [22.0134, 52.4493], [21.845, 52.4272], [21.8819, 52.4537], [22.0278, 52.4243], [21.9809, 52.4529], [22.0036, 52.4829], [21.9606, 52.4112], [21.9217, 52.4265], [21.8911, 52.437], [22.0038, 52.4112], [21.9542, 52.3869], [21.9402, 52.3829], [21.9874, 52.406], [21.9358, 52.4137], [21.9481, 52.3954], [22.0023, 52.3497], [21.9079, 52.4062], [21.8975, 52.3704], [21.9606, 52.3829], [22.0207, 52.4462], [21.9694, 52.4079], [22.0156, 52.4027], [22.0009, 52.3817], [22.0149, 52.375], [21.9728, 52.3926], [21.9784, 52.3684], [21.9772, 52.3546], [21.956, 52.3683], [21.8665, 52.3578], [21.8641, 52.3144], [21.9998, 52.4041], [21.9838, 52.4244], [21.99, 52.4046], [21.9858, 52.3861], [21.9754, 52.3836], [21.9815, 52.4005], [21.9808, 52.3825], [21.9909, 52.3708], [21.9616, 52.3935], [21.9874, 52.3996], [21.9999, 52.3903], [21.9957, 52.3861], [21.9876, 52.4007], [21.9758, 52.3966], [21.968, 52.4023], [21.9893, 52.4099], [21.9989, 52.4363], [21.9658, 52.4268], [21.9528, 52.3943], [21.9691, 52.3633], [21.9772, 52.3389], [21.9596, 52.3997], [21.9703, 52.4309], [21.916, 52.4023], [22.0171, 52.375], [21.9301, 52.3891], [21.9929, 52.3375], [22.0743, 52.323], [21.8827, 52.3844], [21.8072, 52.369], [22.0073, 52.3618], [22.0026, 52.3447], [21.9381, 52.35], [22.0331, 52.3512], [21.9454, 52.3885], [21.9602, 52.3417], [21.9882, 52.3721], [21.8968, 52.3665], [21.9438, 52.3482], [22.0411, 52.3942], [21.972, 52.3788], [22.0192, 52.3528], [21.9954, 52.3517], [22.0878, 52.4247], [22.0982, 52.3898], [22.059, 52.4087], [22.0759, 52.3663], [22.0861, 52.3324], [21.9352, 52.3582], [22.1537, 52.4102], [22.0925, 52.3657], [22.0015, 52.3802], [21.9482, 52.3949], [21.9801, 52.3736], [21.9672, 52.3382], [22.0433, 52.4084], [22.0925, 52.3417], [21.963, 52.3703], [22.0487, 52.3919], [22.0441, 52.3246], [22.1561, 52.4476], [22.0378, 52.3716], [22.1537, 52.412], [22.0018, 52.3569], [22.0526, 52.4058], [22.0989, 52.4005], [22.0371, 52.3441], [21.9369, 52.3534], [22.0156, 52.3241], [22.0195, 52.4283], [22.0655, 52.4047], [22.0384, 52.4542], [22.0194, 52.4089], [22.0227, 52.3927], [22.0306, 52.3898], [22.0109, 52.409], [22.0107, 52.4227], [22.0156, 52.431], [22.0584, 52.4176], [22.0423, 52.3771], [22.0982, 52.3917], [31.7535, 47.9562], [31.794, 47.9627], [31.8392, 47.9691]]]}}, {"type": "Feature", "properties": {"regionId": "40"}, "geometry": {"type": "Polygon", "coordinates": [[[25.4602, 51.0512], [22.0033, 52.4019], [22.0084, 52.4064], [22.0093, 52.4093], [25.4562, 51.0731], [25.4289, 51.0447], [25.4602, 51.0512], [25.3677, 51.1063], [21.9807, 52.3825], [22.066, 52.3573], [22.0221, 52.381], [25.3853, 51.1039], [25.3866, 51.0965], [25.3677, 51.1063], [25.4602, 51.0512]]]}}, {"type": "Feature", "properties": {"regionId": "87"}, "geometry": {"type": "Polygon", "coordinates": [[[39.1751, 48.5768], [21.994, 52.4425], [22.0838, 52.3848], [22.0783, 52.3681], [22.021, 52.4006], [22.0333, 52.4108], [22.0498, 52.4023], [22.0093, 52.4137], [22.0104, 52.4223], [22.027, 52.4116], [22.014, 52.4143], [22.0468, 52.4051], [22.0448, 52.4241], [22.0097, 52.4065], [21.9984, 52.4136], [22.0043, 52.419], [22.0098, 52.3993], [22.0172, 52.399], [22.0128, 52.4074], [22.002, 52.4117], [22.018, 52.3904], [22.0192, 52.4037], [22.035, 52.4413], [22.0272, 52.4099], [22.0655, 52.4143], [21.9974, 52.3902], [21.9855, 52.3791], [22.0064, 52.3685], [21.9881, 52.3858], [22.0107, 52.3885], [22.0149, 52.3796], [21.9395, 52.3958], [22.0126, 52.3712], [22.0242, 52.3593], [22.0238, 52.4007], [22.0086, 52.3875], [22.0149, 52.3824], [22.0084, 52.3999], [22.047, 52.4025], [22.0391, 52.3931], [22.0104, 52.3584], [22.0678, 52.3987], [22.0662, 52.3773], [21.988, 52.3913], [22.0112, 52.39], [22.0114, 52.3815], [21.9899, 52.3934], [21.9998, 52.3898], [22.0064, 52.3857], [21.9868, 52.3947], [21.9966, 52.387], [22.01, 52.3907], [22.006, 52.4049], [22.0015, 52.4144], [22.0171, 52.4139], [22.0086, 52.3605], [22.0169, 52.4033], [22.0434, 52.3903], [22.005, 52.3951], [21.9774, 52.3866], [21.9993, 52.3856], [22.0105, 52.3955], [22.0128, 52.4081], [22.0178, 52.412], [22.015, 52.3883], [22.0589, 52.4067], [22.0655, 52.3995], [21.9937, 52.4115], [21.9592, 52.4138], [21.9843, 52.4375], [22.0226, 52.4071], [22.0174, 52.4179], [22.0277, 52.4273], [22.0269, 52.4061], [22.0099, 52.4063], [22.0043, 52.419], [22.022, 52.4077], [22.0137, 52.4173], [22.0149, 52.4287], [21.998, 52.4025], [21.9791, 52.4021], [21.9893, 52.412], [22.0112, 52.3992], [21.9911, 52.4139], [22.0114, 52.4162], [22.0111, 52.3912], [22.0006, 52.419], [22.0171, 52.4148], [22.0096, 52.4074], [21.9926, 52.4067], [21.99, 52.4083], [22.0074, 52.408], [22.0125, 52.414], [22.0228, 52.4208], [22.0035, 52.3947], [22.0226, 52.382], [22.0171, 52.4028], [22.0117, 52.4119], [22.0266, 52.4192], [22.0142, 52.4361], [22.027, 52.423], [22.0045, 52.4083], [22.0171, 52.4282], [22.0436, 52.3966], [22.1106, 52.371], [22.1601, 52.3556], [22.0501, 52.3972], [22.0842, 52.4547], [22.126, 52.475], [21.977, 52.4127], [21.9779, 52.4573], [21.9473, 52.4407], [21.9639, 52.3847], [21.9621, 52.3265], [21.9039, 52.3787], [21.9736, 52.4136], [21.9202, 52.3892], [21.9082, 52.4106], [21.9852, 52.4073], [21.9984, 52.3879], [21.9879, 52.3856], [21.9986, 52.4016], [21.9858, 52.409], [21.9893, 52.412], [22.0117, 52.4164], [21.9689, 52.4117], [21.9609, 52.419], [21.9894, 52.4055], [22.0002, 52.4116], [22.0007, 52.419], [21.9926, 52.4022], [21.9855, 52.41], [21.9957, 52.4143], [21.9881, 52.404], [21.9803, 52.4168], [21.9822, 52.419], [21.98, 52.4362], [21.9845, 52.4012], [21.9623, 52.4093], [21.9741, 52.4491], [21.9387, 52.3733], [21.9039, 52.4245], [21.9216, 52.3242], [21.8884, 52.4445], [21.8719, 52.4736], [22.0167, 52.4166], [21.9877, 52.4091], [21.9673, 52.4088], [22.0077, 52.4176], [21.9661, 52.4287], [21.9851, 52.4079], [21.9697, 52.3834], [22.0125, 52.3715], [21.9758, 52.3621], [21.9483, 52.4042], [21.8961, 52.4592], [21.8463, 52.4319], [21.8766, 52.4208], [22.0574, 52.4406], [21.894, 52.4328], [21.9642, 52.4136], [21.9752, 52.3962], [21.9687, 52.3783], [21.9208, 52.3993], [21.8145, 52.4225], [21.7325, 52.4194], [21.9025, 52.3865], [21.9764, 52.3092], [21.9274, 52.294], [22.0636, 52.3758], [21.9768, 52.3248], [21.9523, 52.3181], [22.0399, 52.3977], [21.9188, 52.3578], [21.9538, 52.3468], [22.0384, 52.3891], [21.9431, 52.3864], [21.9537, 52.3755], [22.0079, 52.3871], [22.0444, 52.387], [22.0313, 52.3694], [21.9864, 52.4059], [21.9766, 52.4061], [21.9822, 52.394], [21.9694, 52.3893], [22.0539, 52.3819], [21.9907, 52.3699], [21.9687, 52.3628], [22.0864, 52.3744], [22.0982, 52.3843], [22.0395, 52.3881], [22.0545, 52.3742], [22.1174, 52.3829], [22.0185, 52.3987], [22.034, 52.3922], [22.0505, 52.393], [22.0219, 52.4067], [21.9929, 52.3904], [22.0093, 52.3894], [22.0286, 52.3959], [22.012, 52.4165], [22.042, 52.4097], [22.0031, 52.3918], [22.0159, 52.3856], [22.0192, 52.3769], [22.0046, 52.393], [21.9741, 52.3924], [21.9907, 52.3894], [39.1475, 48.5499], [39.1423, 48.5165], [39.1751, 48.5768]]]}}, {"type": "Feature", "properties": {"regionId": "114"}, "geometry": {"type": "Polygon", "coordinates": [[[34.4804, 50.2417], [22.0196, 52.4117], [22.0702, 52.4294], [22.0961, 52.4218], [22.0062, 52.4182], [22.0077, 52.4717], [22.0626, 52.462], [22.0294, 52.4022], [22.0313, 52.4023], [22.037, 52.4222], [22.0262, 52.4054], [22.04, 52.4183], [22.0534, 52.4245], [22.0519, 52.4201], [22.1111, 52.4336], [22.0946, 52.4778], [22.067, 52.3928], [22.0245, 52.4022], [22.0662, 52.4255], [21.9832, 52.4091], [22.0161, 52.4166], [22.0292, 52.4143], [22.0123, 52.4038], [22.0136, 52.4175], [22.0306, 52.4162], [22.021, 52.4115], [22.0165, 52.4352], [22.0299, 52.4505], [22.008, 52.4036], [22.0278, 52.4009], [22.0228, 52.4116], [22.0235, 52.4077], [22.0366, 52.4304], [22.0306, 52.438], [21.9977, 52.3939], [21.998, 52.4036], [21.9893, 52.4028], [22.0113, 52.4041], [22.0027, 52.4092], [21.9936, 52.4056], [22.0128, 52.4117], [21.9972, 52.4153], [21.9915, 52.4213], [22.018, 52.3988], [22.0296, 52.3948], [22.037, 52.3833], [22.0162, 52.4056], [22.0242, 52.4102], [22.0256, 52.4213], [21.9973, 52.3724], [22.1299, 52.3865], [22.1067, 52.3532], [22.0007, 52.406], [21.9483, 52.4131], [21.9616, 52.3995], [22.0397, 52.4151], [21.9766, 52.38], [21.9815, 52.3995], [21.9923, 52.4048], [21.9879, 52.3576], [22.0135, 52.3727], [22.0048, 52.4181], [22.0196, 52.3971], [22.0256, 52.3903], [22.0198, 52.4146], [22.0217, 52.4047], [22.0505, 52.3968], [22.0093, 52.4102], [22.0342, 52.4041], [22.0384, 52.4194], [22.0196, 52.396], [22.0214, 52.3785], [22.0349, 52.3796], [22.0168, 52.3944], [21.9856, 52.3988], [22.0, 52.388], [22.0204, 52.3882], [21.9989, 52.3966], [22.0021, 52.3824], [21.9862, 52.3994], [21.961, 52.3515], [21.9957, 52.3509], [21.9984, 52.3941], [21.9666, 52.4104], [21.9651, 52.4], [22.0204, 52.3974], [21.9988, 52.3857], [22.0249, 52.3824], [22.0148, 52.3937], [22.037, 52.4102], [22.0569, 52.3981], [22.0093, 52.4066], [22.0106, 52.4167], [22.0263, 52.413], [22.0178, 52.3968], [22.0115, 52.3929], [22.0085, 52.3847], [22.0019, 52.3963], [22.0175, 52.3948], [22.0086, 52.3921], [21.9895, 52.3812], [22.0049, 52.3787], [21.9708, 52.3778], [22.0125, 52.3959], [22.038, 52.3866], [22.0228, 52.3847], [21.9791, 52.3777], [22.0133, 52.4037], [22.0256, 52.4009], [22.0018, 52.4315], [22.0055, 52.42], [22.0185, 52.4023], [22.0106, 52.4126], [22.0295, 52.4201], [22.0726, 52.4093], [22.0157, 52.4025], [22.0153, 52.4242], [22.0413, 52.4093], [22.0411, 52.3932], [21.9654, 52.4308], [21.9672, 52.4356], [22.0114, 52.4155], [22.0365, 52.416], [22.0278, 52.4347], [21.9832, 52.397], [21.9491, 52.451], [21.9993, 52.4412], [22.0271, 52.4094], [22.0486, 52.4064], [22.069, 52.4032], [22.012, 52.4391], [21.9687, 52.4084], [21.9715, 52.4421], [22.0139, 52.4265], [22.0026, 52.445], [22.0221, 52.4713], [22.0213, 52.4193], [21.9541, 52.4143], [21.9374, 52.4301], [21.9746, 52.4129], [22.0156, 52.4409], [21.9922, 52.4592], [21.9684, 52.4243], [21.9653, 52.4062], [21.983, 52.4292], [21.9652, 52.4141], [22.0143, 52.419], [22.005, 52.4333], [21.9588, 52.43], [21.8952, 52.4045], [21.9481, 52.4643], [21.9934, 52.4116], [21.97, 52.4393], [21.9801, 52.4361], [22.0333, 52.3837], [22.0647, 52.4091], [22.079, 52.4185], [21.9803, 52.4013], [22.0078, 52.4123], [21.9979, 52.4139], [22.0023, 52.4145], [21.9737, 52.4102], [21.9694, 52.4255], [21.9666, 52.3873], [21.9512, 52.4156], [21.9296, 52.4097], [21.9693, 52.3832], [21.9669, 52.381], [21.9381, 52.3875], [21.9802, 52.3825], [21.9564, 52.3774], [21.9381, 52.3977], [21.968, 52.4425], [21.9523, 52.4064], [21.9943, 52.4384], [21.9718, 52.4036], [21.9994, 52.4193], [21.9915, 52.4287], [21.9668, 52.4048], [21.9755, 52.4203], [21.9644, 52.4315], [21.9859, 52.4116], [22.0047, 52.4598], [22.0178, 52.4699], [21.9752, 52.4084], [21.9075, 52.4206], [21.9111, 52.3921], [21.9678, 52.3768], [21.9883, 52.4019], [21.9644, 52.4042], [21.9826, 52.4139], [21.9536, 52.4176], [21.9296, 52.4088], [21.9922, 52.3932], [21.9855, 52.3892], [21.9794, 52.3792], [21.9931, 52.393], [21.9643, 52.4027], [21.9687, 52.3917], [21.9932, 52.3918], [21.9642, 52.3889], [21.9566, 52.3991], [21.9695, 52.3925], [21.9825, 52.3669], [21.9552, 52.3685], [21.9834, 52.4055], [21.9694, 52.4218], [21.9559, 52.4065], [21.9772, 52.4017], [21.9556, 52.413], [21.9424, 52.3958], [21.925, 52.4069], [21.9757, 52.4785], [21.921, 52.4819], [21.9673, 52.4063], [21.9629, 52.3987], [21.9416, 52.3829], [21.9597, 52.428], [21.9495, 52.4129], [21.9082, 52.4111], [21.8454, 52.4484], [21.9378, 52.428], [21.8157, 52.394], [21.963, 52.4197], [21.9067, 52.4406], [21.8961, 52.4116], [21.9888, 52.3963], [21.9806, 52.403], [21.9616, 52.3963], [21.9879, 52.3947], [21.9675, 52.3785], [21.9829, 52.3491], [21.9625, 52.3819], [21.9715, 52.3625], [21.9844, 52.3421], [21.931, 52.4111], [21.9645, 52.3366], [21.9032, 52.3398], [21.9547, 52.3896], [21.9913, 52.3349], [22.0284, 52.3255], [22.055, 52.3864], [21.9539, 52.3302], [21.9979, 52.3296], [22.0552, 52.376], [22.0366, 52.4092], [22.0455, 52.3551], [22.0195, 52.3492], [22.0445, 52.3917], [22.0769, 52.3667], [22.0104, 52.3723], [21.9803, 52.3438], [21.958, 52.3324], [22.0281, 52.3935], [22.012, 52.3769], [22.0299, 52.362], [22.0111, 52.3814], [21.9627, 52.3861], [21.9872, 52.3616], [21.9838, 52.3806], [21.978, 52.3966], [21.963, 52.3977], [21.9655, 52.3918], [21.9475, 52.3738], [21.9865, 52.3597], [22.0465, 52.373], [22.0765, 52.3469], [22.1124, 52.3139], [22.0086, 52.3632], [22.0141, 52.341], [22.0306, 52.2991], [34.3207, 50.3093], [34.3918, 50.276], [34.4804, 50.2417]]]}}, {"type": "Feature", "properties": {"regionId": "100"}, "geometry": {"type": "Polygon", "coordinates": [[[30.5242, 46.7342], [22.0116, 52.4124], [21.9819, 52.4276], [21.9979, 52.437], [22.0164, 52.3828], [22.026, 52.3675], [22.037, 52.3491], [22.0188, 52.364], [22.0644, 52.4223], [22.0697, 52.3583], [22.0569, 52.397], [21.9909, 52.447], [22.0327, 52.4426], [21.9898, 52.338], [22.0935, 52.3647], [22.0541, 52.4157], [22.0567, 52.4121], [21.9942, 52.4326], [21.9865, 52.4555], [21.994, 52.4175], [22.0412, 52.413], [22.0576, 52.4185], [21.9952, 52.3824], [21.9856, 52.3806], [21.9943, 52.3676], [22.0096, 52.4075], [22.025, 52.4096], [22.0206, 52.4222], [22.0081, 52.3912], [22.0163, 52.3926], [22.0142, 52.4042], [22.0283, 52.4038], [22.0466, 52.4144], [22.0783, 52.4153], [21.998, 52.4157], [21.9813, 52.4321], [22.0164, 52.4319], [22.0609, 52.4174], [22.0262, 52.3586], [22.0776, 52.375], [21.9913, 52.3476], [22.0342, 52.3373], [22.0819, 52.3718], [22.0222, 52.3968], [22.0243, 52.4037], [22.0277, 52.4125], [22.0799, 52.3953], [21.9996, 52.4286], [22.0135, 52.4546], [22.0869, 52.4191], [22.1306, 52.4136], [22.2277, 52.4254], [21.9528, 52.4518], [22.0408, 52.4168], [22.0455, 52.438], [22.0341, 52.4296], [21.9866, 52.487], [21.9801, 52.5352], [21.942, 52.4103], [21.9086, 52.3755], [21.8385, 52.3833], [21.9964, 52.4117], [22.0113, 52.4161], [22.0, 52.4315], [22.0182, 52.4], [22.0176, 52.3841], [22.0484, 52.3945], [21.9799, 52.4375], [22.0215, 52.4387], [22.0185, 52.4727], [21.9599, 52.4346], [21.8322, 52.3406], [21.8307, 52.4134], [21.9654, 52.394], [22.0061, 52.43], [21.9352, 52.4111], [21.9337, 52.3757], [21.9789, 52.4461], [21.9296, 52.4347], [21.9724, 52.4254], [22.0478, 52.4155], [22.0299, 52.4324], [21.9571, 52.4197], [21.989, 52.4456], [21.9844, 52.4722], [21.9648, 52.3837], [21.9419, 52.419], [21.9786, 52.4171], [21.9961, 52.4231], [21.9665, 52.4616], [22.0171, 52.4611], [21.993, 52.4259], [22.0031, 52.4443], [21.9509, 52.4292], [22.0013, 52.4228], [21.9664, 52.4014], [21.9609, 52.4139], [21.9742, 52.3903], [21.9546, 52.4039], [21.9509, 52.4222], [21.9983, 52.4143], [22.0478, 52.3995], [22.0277, 52.4227], [22.004, 52.4455], [22.0457, 52.4573], [21.9345, 52.4403], [22.0253, 52.3696], [21.9895, 52.3573], [21.9509, 52.3644], [21.9921, 52.4115], [22.0174, 52.4237], [22.0, 52.431], [21.938, 52.3904], [21.886, 52.4003], [21.8093, 52.3847], [22.0279, 52.3661], [21.9608, 52.3851], [21.9758, 52.3593], [21.9199, 52.3822], [21.8517, 52.3924], [21.7865, 52.3806], [21.977, 52.3866], [21.9757, 52.3743], [21.921, 52.3769], [22.0388, 52.3538], [21.9478, 52.3792], [21.9637, 52.3468], [22.0098, 52.4006], [22.0166, 52.3906], [22.0263, 52.3866], [21.9589, 52.3971], [21.9736, 52.3703], [21.9303, 52.3713], [21.9316, 52.4165], [21.8786, 52.3884], [21.7972, 52.3801], [22.0047, 52.3583], [22.0437, 52.3498], [22.0235, 52.3185], [21.9881, 52.3931], [22.0528, 52.3416], [22.0576, 52.3806], [22.0033, 52.4162], [22.0694, 52.4106], [22.0925, 52.4176], [22.0034, 52.3904], [22.0394, 52.3425], [22.0384, 52.3542], [21.9997, 52.4194], [22.0193, 52.3934], [22.0327, 52.4046], [21.9933, 52.4061], [21.9866, 52.4096], [22.0036, 52.4097], [22.0092, 52.3771], [21.9769, 52.3752], [21.995, 52.3468], [22.0453, 52.3868], [22.037, 52.3209], [22.0541, 52.2829], [22.0036, 52.3899], [21.9656, 52.3731], [21.9445, 52.3778], [21.9915, 52.3719], [22.0192, 52.3232], [22.0228, 52.2889], [22.09, 52.4143], [22.0825, 52.4114], [22.1217, 52.3796], [21.9888, 52.4463], [22.0509, 52.3949], [22.0747, 52.4023], [21.9975, 52.3854], [21.9671, 52.3875], [21.9829, 52.3634], [22.0131, 52.4009], [22.039, 52.4084], [22.0356, 52.3935], [30.4314, 46.7742], [30.4363, 46.7128], [30.5242, 46.7342]]]}}, {"type": "Feature", "properties": {"regionId": "36"}, "geometry": {"type": "Polygon", "coordinates": [[[28.3917, 48.6819], [22.015, 52.3963], [22.0101, 52.4197], [22.0278, 52.419], [22.0132, 52.3993], [21.9972, 52.4175], [22.0093, 52.4222], [22.031, 52.388], [22.0086, 52.4096], [22.0434, 52.3995], [21.9992, 52.399], [21.9983, 52.3957], [22.0021, 52.3954], [22.0287, 52.3845], [22.0028, 52.4173], [22.0299, 52.4046], [22.0186, 52.385], [22.0617, 52.3629], [22.0804, 52.3852], [21.9935, 52.4181], [21.9729, 52.431], [22.0157, 52.4449], [22.0073, 52.3882], [22.0274, 52.3874], [22.0462, 52.3875], [22.0118, 52.4121], [22.0173, 52.464], [22.047, 52.4454], [22.0018, 52.3877], [22.003, 52.3836], [21.9886, 52.3685], [22.0165, 52.3934], [22.0269, 52.3859], [22.037, 52.3741], [22.0613, 52.4139], [22.0307, 52.3799], [22.0747, 52.3917], [22.0149, 52.4289], [22.0705, 52.4636], [22.0697, 52.4097], [22.036, 52.417], [21.9967, 52.374], [22.0206, 52.375], [22.0215, 52.4161], [22.052, 52.3949], [22.0712, 52.387], [21.9882, 52.4224], [21.994, 52.4231], [22.0142, 52.4343], [21.9835, 52.4152], [22.0076, 52.4261], [21.9872, 52.4389], [22.0252, 52.4205], [22.0554, 52.3868], [22.0804, 52.3995], [22.0278, 52.3957], [21.9708, 52.421], [22.0086, 52.4079], [22.0145, 52.4007], [22.0124, 52.4194], [21.9936, 52.4148], [22.0082, 52.4181], [22.0753, 52.4306], [22.0733, 52.4671], [22.0262, 52.4067], [22.0718, 52.3903], [22.0996, 52.3755], [22.0226, 52.3754], [22.0316, 52.3958], [22.0576, 52.4093], [22.0182, 52.4122], [22.0332, 52.3882], [22.0519, 52.4028], [22.0122, 52.4019], [22.0209, 52.4126], [22.0235, 52.4185], [22.0187, 52.4104], [22.0376, 52.4145], [22.0541, 52.4116], [22.0278, 52.4076], [21.9987, 52.4205], [22.005, 52.4287], [22.0309, 52.402], [22.0156, 52.4183], [22.0527, 52.4032], [22.0241, 52.4133], [21.9906, 52.4277], [22.0078, 52.4403], [22.0305, 52.4072], [22.0592, 52.4413], [22.0676, 52.4398], [22.0121, 52.3538], [22.022, 52.414], [22.0477, 52.3824], [22.0299, 52.3647], [22.0069, 52.329], [22.0704, 52.3394], [22.0088, 52.3964], [22.0012, 52.4067], [22.0121, 52.4097], [22.01, 52.4021], [22.0277, 52.3821], [22.0228, 52.394], [22.0226, 52.4081], [21.9995, 52.4635], [22.0541, 52.4393], [21.9897, 52.4224], [22.0094, 52.428], [22.0427, 52.431], [22.0253, 52.4047], [21.9879, 52.4105], [21.9872, 52.4204], [21.9972, 52.4246], [22.0166, 52.4361], [22.0142, 52.4606], [21.9843, 52.4007], [21.976, 52.4168], [21.9801, 52.4227], [22.0097, 52.3944], [22.0213, 52.3955], [22.0285, 52.4014], [21.9843, 52.4027], [21.9779, 52.4398], [21.9602, 52.4287], [22.0127, 52.3697], [21.8996, 52.3978], [21.926, 52.419], [21.9846, 52.3982], [22.0019, 52.4054], [21.9957, 52.4093], [21.9925, 52.4095], [21.9857, 52.4164], [22.0014, 52.4227], [21.9726, 52.4252], [21.9253, 52.4043], [21.9075, 52.4282], [21.9492, 52.4994], [21.9944, 52.4311], [22.0569, 52.5042], [22.0352, 52.4146], [21.9723, 52.4201], [21.9687, 52.4366], [21.9878, 52.4095], [22.0013, 52.4308], [22.0256, 52.4213], [22.0285, 52.408], [21.9773, 52.4164], [21.9609, 52.4259], [22.0082, 52.4141], [22.0014, 52.4157], [21.9943, 52.4296], [22.0007, 52.4225], [21.9484, 52.4454], [21.973, 52.4588], [21.9969, 52.4145], [22.0466, 52.4275], [22.0157, 52.4319], [21.9638, 52.4194], [21.8806, 52.4332], [21.8655, 52.3954], [21.9928, 52.3804], [21.9836, 52.3829], [21.9658, 52.3926], [21.9852, 52.3769], [21.9713, 52.4078], [21.9374, 52.3986], [21.9584, 52.4104], [22.0113, 52.3399], [21.958, 52.3676], [21.9881, 52.4186], [21.9781, 52.3969], [21.9623, 52.393], [21.9919, 52.4058], [21.9875, 52.4061], [21.9787, 52.4005], [21.9323, 52.4045], [21.8863, 52.4027], [21.815, 52.4056], [21.9596, 52.4211], [21.9783, 52.3765], [21.968, 52.3583], [22.0086, 52.3914], [22.0389, 52.3756], [22.0178, 52.3699], [21.9498, 52.3791], [22.0086, 52.3719], [22.0078, 52.3491], [21.9801, 52.4011], [21.9826, 52.3852], [21.9673, 52.3912], [21.9882, 52.3794], [21.9656, 52.3848], [21.9203, 52.3815], [28.9237, 49.3325], [28.9031, 49.3145], [28.9375, 49.2993], [21.9777, 52.3965], [21.9385, 52.3919], [21.9168, 52.3884], [21.9957, 52.419], [21.9783, 52.401], [21.9772, 52.3917], [21.9836, 52.4147], [21.9721, 52.411], [21.9459, 52.4046], [21.9606, 52.3885], [21.9187, 52.4122], [21.9061, 52.3815], [21.9445, 52.4088], [22.1212, 52.3296], [22.0035, 52.3366], [21.9693, 52.4074], [21.9634, 52.4194], [21.9509, 52.4005], [21.9771, 52.403], [21.937, 52.4491], [21.9552, 52.4125], [21.9599, 52.3841], [21.9926, 52.4315], [21.9466, 52.4255], [21.9984, 52.4502], [21.946, 52.3812], [21.9388, 52.3783], [21.9877, 52.391], [21.9652, 52.4153], [21.9779, 52.388], [21.9728, 52.3987], [21.9651, 52.4185], [21.9552, 52.4333], [21.987, 52.4143], [21.9337, 52.4161], [21.9317, 52.4231], [21.9931, 52.4125], [22.0065, 52.4213], [21.9801, 52.4278], [21.975, 52.4148], [21.9576, 52.403], [21.9289, 52.4051], [21.9864, 52.3991], [21.9582, 52.4153], [21.9417, 52.4106], [21.9973, 52.4059], [21.994, 52.4166], [21.9822, 52.4167], [21.9689, 52.3881], [21.9546, 52.3966], [21.9296, 52.4051], [21.9891, 52.3991], [21.9801, 52.366], [21.9658, 52.3847], [21.972, 52.3997], [21.9592, 52.3937], [21.9552, 52.4176], [21.9485, 52.3793], [22.0327, 52.3714], [22.0156, 52.3366], [21.9534, 52.4064], [21.928, 52.4358], [21.8847, 52.4042], [21.9469, 52.4169], [21.9542, 52.3833], [21.9281, 52.3662], [22.0421, 52.3878], [21.9957, 52.3949], [22.0021, 52.3782], [22.0356, 52.3905], [22.0496, 52.3727], [22.0406, 52.3509], [22.0281, 52.3763], [21.9708, 52.3528], [22.0185, 52.3403], [22.0046, 52.3905], [21.9877, 52.3934], [21.9843, 52.3861], [22.0115, 52.3989], [22.0029, 52.3747], [22.0164, 52.3787], [22.0412, 52.4001], [22.0805, 52.443], [22.1131, 52.4458], [22.0392, 52.3948], [22.082, 52.4], [22.1195, 52.3778], [22.0277, 52.3973], [21.999, 52.3949], [22.0043, 52.3866], [21.9972, 52.3915], [22.0055, 52.3734], [21.9865, 52.3699], [22.0234, 52.3898], [22.0346, 52.3785], [22.0612, 52.3819], [28.2135, 49.0402], [28.2051, 49.0271], [28.2231, 49.0304], [21.9806, 52.3913], [21.9769, 52.3866], [21.9957, 52.3741], [22.0293, 52.3971], [22.0226, 52.3841], [22.0292, 52.3759], [22.0199, 52.4014], [22.0098, 52.3889], [22.0256, 52.3852], [22.0018, 52.3877], [22.006, 52.3805], [22.0249, 52.3815], [21.9916, 52.3991], [21.9687, 52.4003], [21.9822, 52.3898], [21.9853, 52.4025], [21.972, 52.4024], [21.9573, 52.4005], [22.0087, 52.3946], [22.0012, 52.3813], [21.9972, 52.3792], [22.01, 52.3907], [22.0377, 52.3806], [22.0164, 52.3759], [22.0044, 52.3923], [22.0114, 52.3851], [22.0299, 52.3787], [21.9756, 52.3945], [22.0011, 52.3834], [21.9929, 52.3741], [22.0118, 52.3904], [21.9991, 52.4228], [22.0221, 52.4051], [22.0148, 52.412], [22.0508, 52.4045], [22.0427, 52.3912], [21.9899, 52.4085], [21.9906, 52.3319], [21.9715, 52.3463], [21.9728, 52.3913], [22.0206, 52.38], [22.0263, 52.3736], [22.0342, 52.3779], [22.0075, 52.3755], [21.9972, 52.3653], [28.3437, 48.7124], [28.369, 48.6967], [28.3917, 48.6819]]]}}, {"type": "Feature", "properties": {"regionId": "118"}, "geometry": {"type": "Polygon", "coordinates": [[[34.4662, 50.2334], [22.0367, 52.3815], [22.017, 52.3525], [22.0648, 52.3343], [22.0096, 52.3857], [22.0943, 52.3993], [22.0712, 52.3792], [22.018, 52.3875], [21.9907, 52.375], [22.0157, 52.3648], [22.0089, 52.4107], [22.0064, 52.4138], [22.0299, 52.3981], [22.0418, 52.3734], [21.9383, 52.3498], [21.9822, 52.3009], [22.0166, 52.3903], [22.0265, 52.3746], [22.0519, 52.3861], [22.0213, 52.3836], [22.0558, 52.3874], [22.0648, 52.3838], [22.0081, 52.3936], [22.0198, 52.4163], [22.0171, 52.4213], [22.0155, 52.399], [21.9884, 52.3707], [22.0199, 52.3759], [22.0123, 52.4096], [22.0069, 52.4242], [22.0078, 52.4398], [22.0113, 52.4059], [22.0702, 52.4221], [22.0406, 52.3968], [22.0229, 52.3988], [22.0547, 52.4105], [22.0662, 52.4157], [22.0175, 52.4017], [22.0348, 52.3888], [22.042, 52.4051], [22.0467, 52.3934], [22.1522, 52.3683], [22.1181, 52.4194], [22.0281, 52.3959], [22.0386, 52.3987], [22.0562, 52.3972], [22.033, 52.3701], [22.0089, 52.3871], [22.0484, 52.4069], [22.0027, 52.4177], [22.0101, 52.4227], [22.0441, 52.4296], [22.0169, 52.4046], [22.0308, 52.4332], [22.0498, 52.4199], [22.0309, 52.3856], [22.0307, 52.4022], [22.0534, 52.3949], [22.031, 52.3964], [22.0522, 52.404], [22.0477, 52.4301], [22.1349, 52.414], [21.9904, 52.4159], [22.0669, 52.4579], [22.0302, 52.3913], [22.0709, 52.3582], [22.0505, 52.4028], [22.0262, 52.391], [22.0357, 52.4114], [22.047, 52.413], [22.0232, 52.3744], [22.0851, 52.3484], [22.1096, 52.3643], [21.9603, 52.4319], [22.0399, 52.419], [22.0676, 52.431], [22.0292, 52.4002], [22.0276, 52.3788], [22.0498, 52.3833], [22.0091, 52.4149], [22.0375, 52.4155], [22.042, 52.4338], [21.9179, 52.3945], [21.8793, 52.4462], [21.8933, 52.5055], [21.9587, 52.4386], [21.9992, 52.3905], [21.963, 52.4093], [21.9497, 52.4183], [21.9012, 52.45], [21.8847, 52.4815], [22.0091, 52.4168], [21.9615, 52.4209], [21.958, 52.4074], [21.9977, 52.3858], [21.955, 52.4074], [21.9473, 52.3981], [21.9762, 52.4088], [21.9817, 52.3898], [21.9744, 52.3856], [21.9937, 52.4055], [21.9908, 52.4131], [21.9829, 52.4194], [21.9896, 52.4113], [22.0074, 52.3754], [21.9893, 52.3801], [21.9876, 52.4004], [21.9912, 52.3894], [21.9744, 52.3907], [21.9983, 52.4086], [22.0182, 52.4063], [22.0064, 52.4185], [21.9929, 52.3914], [21.972, 52.4091], [21.9865, 52.406], [22.0277, 52.3979], [22.0082, 52.4121], [22.0221, 52.4236], [21.9803, 52.4047], [21.9968, 52.4104], [21.9929, 52.4167], [21.972, 52.4148], [21.9698, 52.3851], [21.9381, 52.3954], [21.9844, 52.3973], [21.9387, 52.3933], [21.9545, 52.412], [21.9682, 52.4097], [22.0103, 52.4046], [22.0235, 52.4018], [21.9622, 52.4065], [21.9957, 52.4223], [21.9822, 52.4356], [22.0103, 52.3956], [22.0067, 52.41], [22.0043, 52.4102], [22.0125, 52.4017], [22.0195, 52.4046], [22.0164, 52.4139], [22.0261, 52.3994], [21.9725, 52.4144], [22.005, 52.4185], [21.946, 52.4165], [21.9909, 52.4337], [21.9196, 52.4028], [21.9814, 52.4009], [21.9776, 52.414], [21.9616, 52.413], [21.9989, 52.3939], [21.9913, 52.3858], [21.9829, 52.3926], [21.9946, 52.4207], [21.986, 52.4115], [21.968, 52.4042], [21.9861, 52.406], [21.998, 52.4226], [21.9922, 52.4296], [22.0065, 52.4082], [22.0009, 52.3895], [22.0228, 52.3982], [22.008, 52.3925], [22.0202, 52.4093], [22.0107, 52.4088], [21.9964, 52.3972], [21.9881, 52.391], [21.9865, 52.3977], [22.0127, 52.4094], [22.0371, 52.4029], [22.0427, 52.3972], [22.0233, 52.4331], [21.8903, 52.4193], [21.8933, 52.4467], [21.9971, 52.3923], [21.9973, 52.3864], [21.9843, 52.3829], [21.9827, 52.392], [21.9777, 52.4157], [21.953, 52.4125], [22.0025, 52.3947], [22.0204, 52.3932], [22.0114, 52.3824], [21.9934, 52.3927], [22.0063, 52.4009], [22.01, 52.3954], [21.99, 52.3966], [22.0061, 52.3883], [22.0043, 52.3926], [22.0082, 52.4049], [21.9963, 52.3724], [21.9879, 52.3741], [21.9614, 52.3745], [21.95, 52.3659], [21.9338, 52.3278], [21.986, 52.3976], [21.9763, 52.3934], [21.9701, 52.3843], [21.9881, 52.3968], [21.9465, 52.3961], [21.9651, 52.3833], [21.9587, 52.3745], [21.9989, 52.3683], [21.9296, 52.3746], [22.0306, 52.3487], [21.9455, 52.3424], [21.9011, 52.3181], [22.0, 52.3982], [21.9725, 52.3821], [21.9552, 52.3796], [21.9963, 52.3781], [21.9851, 52.3786], [21.9523, 52.3773], [21.9557, 52.4084], [21.954, 52.3516], [21.9481, 52.3384], [34.5417, 50.2707], [34.494, 50.2514], [34.4662, 50.2334]]]}}, {"type": "Feature", "properties": {"regionId": "88"}, "geometry": {"type": "Polygon", "coordinates": [[[23.226, 48.9101], [21.9619, 52.4166], [21.9119, 52.4614], [21.963, 52.475], [22.0129, 52.4064], [22.0012, 52.4161], [22.0093, 52.4245], [22.0111, 52.405], [22.0355, 52.4142], [22.0334, 52.425], [21.9815, 52.4107], [21.9711, 52.4245], [21.958, 52.4361], [21.9874, 52.405], [21.9591, 52.4118], [21.9822, 52.4222], [21.9653, 52.4151], [22.005, 52.4265], [21.995, 52.443], [21.9914, 52.4134], [21.9648, 52.4131], [21.9537, 52.4245], [22.0149, 52.4081], [22.0019, 52.4052], [21.9986, 52.4134], [21.9997, 52.4012], [22.0094, 52.4155], [22.0149, 52.4093], [22.015, 52.3916], [21.966, 52.4197], [22.0021, 52.4153], [22.0476, 52.403], [22.0101, 52.4488], [22.0961, 52.4125], [22.012, 52.4148], [22.0098, 52.4181], [22.0149, 52.4338], [22.0167, 52.4183], [22.0071, 52.4109], [22.0306, 52.4273], [21.9907, 52.4104], [21.9706, 52.4151], [22.0028, 52.4231], [22.0097, 52.4076], [22.0152, 52.4293], [22.0242, 52.4287], [22.019, 52.3963], [22.0516, 52.3793], [22.0605, 52.3991], [22.0162, 52.399], [22.0346, 52.3939], [22.0413, 52.4046], [22.0178, 52.4079], [21.9938, 52.4197], [22.0363, 52.4176], [22.0293, 52.418], [22.0816, 52.399], [22.0989, 52.406], [22.0535, 52.4014], [22.0237, 52.4382], [22.0512, 52.4551], [22.0856, 52.3538], [22.0848, 52.4353], [22.0278, 52.4523], [21.9915, 52.4083], [22.0078, 52.4065], [22.0135, 52.4074], [22.0102, 52.4069], [22.0034, 52.4217], [22.0114, 52.431], [21.9888, 52.4059], [21.9644, 52.4059], [21.9836, 52.4157], [21.9901, 52.4081], [21.9683, 52.3883], [21.9545, 52.387], [21.986, 52.4175], [22.0039, 52.4161], [21.9751, 52.4222], [21.9975, 52.4216], [21.9909, 52.4185], [21.9623, 52.4185], [21.9788, 52.3957], [21.9991, 52.4308], [21.9673, 52.4269], [21.9786, 52.3914], [21.9399, 52.3496], [21.9516, 52.3958], [23.4587, 49.5641], [23.4408, 49.5815], [23.4515, 49.5891], [22.0141, 52.416], [22.0182, 52.4278], [21.9851, 52.4278], [23.3755, 49.637], [23.4288, 49.5866], [23.3946, 49.5766], [22.0165, 52.3958], [22.0456, 52.3676], [22.0043, 52.3676], [21.9816, 52.3943], [21.968, 52.3983], [21.9644, 52.3824], [21.9893, 52.4035], [21.9688, 52.4159], [21.9616, 52.4042], [22.0065, 52.3839], [21.9917, 52.3804], [21.9687, 52.3833], [21.99, 52.3926], [21.9786, 52.3866], [21.9616, 52.3981], [21.9605, 52.3854], [21.9375, 52.4069], [21.8983, 52.4014], [22.0127, 52.3869], [21.9784, 52.3998], [21.968, 52.3977], [21.9752, 52.4021], [21.9712, 52.373], [21.9594, 52.3935], [21.9165, 52.4076], [22.0444, 52.3844], [21.9281, 52.381], [21.9697, 52.3991], [21.9636, 52.4346], [22.0043, 52.4106], [21.9836, 52.4175], [21.9643, 52.4277], [21.963, 52.4421], [21.9841, 52.3994], [21.9852, 52.4114], [21.9672, 52.4134], [21.9882, 52.3996], [21.9639, 52.3864], [21.9801, 52.4014], [22.0329, 52.4184], [21.9556, 52.416], [21.9367, 52.4222], [21.9533, 52.3741], [21.938, 52.3611], [21.9125, 52.3232], [21.9619, 52.3723], [21.8979, 52.3158], [21.8833, 52.2797], [22.0395, 52.3688], [22.0646, 52.3663], [22.0669, 52.3167], [22.0372, 52.3409], [22.0364, 52.2809], [22.0271, 52.219], [21.9946, 52.3859], [21.9451, 52.3656], [22.0, 52.3625], [22.008, 52.3945], [21.9739, 52.3712], [21.9666, 52.357], [22.0129, 52.3822], [22.0144, 52.3936], [22.0263, 52.4042], [21.9981, 52.4065], [22.0352, 52.4026], [22.0171, 52.3977], [21.9692, 52.3686], [22.0184, 52.3789], [22.042, 52.3773], [21.9918, 52.389], [22.0112, 52.3737], [22.0206, 52.3755], [22.0087, 52.3954], [21.9927, 52.3947], [22.0093, 52.3921], [22.011, 52.3946], [22.0042, 52.3886], [22.0156, 52.3875], [22.0249, 52.4087], [22.0115, 52.3976], [22.0256, 52.3898], [22.058, 52.3962], [22.0073, 52.3854], [22.0064, 52.3704], [21.9889, 52.3951], [22.0054, 52.3868], [22.0057, 52.3796], [21.9879, 52.3908], [21.994, 52.388], [22.0057, 52.3875], [21.985, 52.394], [22.0017, 52.3824], [22.0121, 52.3815], [21.9899, 52.3827], [22.0318, 52.3741], [22.0263, 52.3514], [21.9169, 52.3967], [21.9652, 52.3298], [22.0228, 52.3153], [22.0449, 52.3909], [22.0161, 52.3577], [22.0591, 52.3454], [22.0121, 52.4095], [22.0357, 52.4284], [22.0583, 52.4162], [22.0571, 52.4404], [22.0845, 52.374], [22.0968, 52.4046], [22.0075, 52.4156], [22.014, 52.4273], [21.9779, 52.4264], [21.9715, 52.3913], [21.9384, 52.4292], [21.958, 52.4454], [22.0275, 52.4195], [22.0536, 52.4667], [22.0235, 52.4856], [22.0223, 52.4052], [22.0141, 52.4408], [22.0384, 52.4157], [22.0143, 52.3958], [22.009, 52.4137], [22.0263, 52.3967], [22.0143, 52.3925], [22.0056, 52.412], [22.0135, 52.4153], [23.2326, 48.8832], [23.2431, 48.8981], [23.226, 48.9101]]]}}, {"type": "Feature", "properties": {"regionId": "93"}, "geometry": {"type": "Polygon", "coordinates": [[[22.8603, 49.5756], [22.0428, 52.3899], [22.088, 52.4014], [22.0605, 52.3695], [22.0325, 52.4181], [22.0592, 52.3903], [22.0605, 52.3773], [22.0072, 52.3967], [22.0438, 52.3688], [22.0249, 52.3778], [21.968, 52.414], [21.9729, 52.3931], [21.9965, 52.3852], [22.0148, 52.4028], [22.0292, 52.3997], [22.0427, 52.4042], [22.0385, 52.4017], [21.9996, 52.4083], [22.0092, 52.413], [21.9893, 52.4132], [22.0304, 52.3989], [22.0384, 52.3931], [22.0007, 52.4186], [22.0425, 52.4168], [22.0562, 52.412], [22.0107, 52.406], [22.018, 52.4082], [22.0441, 52.4083], [22.0007, 52.3769], [22.0632, 52.4058], [22.0797, 52.3889], [22.0166, 52.4037], [22.0215, 52.4128], [22.0484, 52.4083], [22.0084, 52.4071], [21.9964, 52.429], [22.0249, 52.4208], [22.0229, 52.3849], [22.024, 52.4118], [22.0527, 52.4102], [22.0579, 52.3996], [21.9822, 52.4366], [22.0021, 52.4343], [22.0109, 52.4095], [22.0076, 52.4232], [21.9993, 52.4319], [22.0117, 52.4101], [22.0146, 52.4166], [22.037, 52.4051], [22.0115, 52.4011], [22.0342, 52.4056], [22.0391, 52.4125], [21.9903, 52.415], [21.9952, 52.424], [21.9979, 52.4426], [21.9973, 52.4057], [21.9694, 52.4154], [21.9907, 52.4167], [22.0294, 52.3728], [22.0769, 52.4432], [22.0989, 52.4541], [22.0442, 52.4162], [22.0254, 52.3818], [22.042, 52.3769], [22.0165, 52.3964], [22.0559, 52.3541], [22.0527, 52.3778], [22.0101, 52.418], [22.0442, 52.4112], [22.0541, 52.4287], [22.0261, 52.3937], [22.0175, 52.373], [22.0562, 52.3824], [22.0243, 52.3994], [22.0436, 52.3999], [22.0683, 52.4023], [22.0161, 52.4014], [22.0781, 52.3921], [22.0569, 52.4106], [21.9944, 52.4154], [21.966, 52.4256], [22.0092, 52.419], [22.0065, 52.4126], [22.0091, 52.4159], [22.0285, 52.4134], [22.0109, 52.4096], [22.0101, 52.4187], [22.01, 52.4273], [22.0149, 52.4006], [22.0031, 52.4109], [22.005, 52.4153], [22.0174, 52.408], [22.0056, 52.4105], [21.9979, 52.3991], [21.9896, 52.3917], [21.991, 52.4085], [21.9979, 52.413], [21.976, 52.4078], [21.9881, 52.4236], [21.9644, 52.4361], [21.9492, 52.4111], [21.9121, 52.4136], [21.9189, 52.4491], [21.9734, 52.4106], [21.9647, 52.4204], [21.9658, 52.443], [21.9744, 52.4034], [21.961, 52.4182], [21.9402, 52.4194], [21.9829, 52.4151], [21.9558, 52.4278], [21.9352, 52.4305], [21.9944, 52.4126], [21.9882, 52.4187], [21.9666, 52.418], [22.0195, 52.4117], [21.9977, 52.4112], [21.9822, 52.4102], [21.9854, 52.4214], [21.9796, 52.4362], [21.936, 52.4319], [23.5254, 50.0497], [23.5437, 50.0166], [23.5191, 50.0209], [21.987, 52.4235], [21.9878, 52.4379], [21.9431, 52.4491], [21.8686, 52.3239], [21.7821, 52.2492], [21.6841, 52.1607], [23.0454, 49.7447], [22.9489, 49.6658], [22.8603, 49.5756]]]}}, {"type": "Feature", "properties": {"regionId": "108"}, "geometry": {"type": "Polygon", "coordinates": [[[33.2822, 49.7469], [22.0429, 52.3381], [22.0516, 52.428], [22.0498, 52.443], [22.0121, 52.4148], [22.0217, 52.403], [22.0434, 52.4065], [21.9996, 52.4085], [22.0053, 52.4176], [22.0206, 52.419], [22.0245, 52.4085], [21.9942, 52.4256], [21.9787, 52.4074], [21.9875, 52.3982], [21.9795, 52.4118], [21.9637, 52.3986], [22.0059, 52.3852], [21.9524, 52.3779], [21.9537, 52.3648], [33.2831, 49.7747], [33.3061, 49.7619], [33.2822, 49.7469]]]}}, {"type": "Feature", "properties": {"regionId": "96"}, "geometry": {"type": "Polygon", "coordinates": [[[32.6254, 46.7874], [22.0064, 52.3718], [22.0789, 52.3693], [22.1402, 52.3801], [21.9972, 52.3396], [22.0482, 52.3794], [22.0804, 52.3588], [21.9999, 52.4235], [22.2527, 52.4333], [22.153, 52.4467], [22.0084, 52.4337], [21.9028, 52.3861], [21.9224, 52.425], [22.0035, 52.4196], [22.1054, 52.3978], [22.0804, 52.4315], [22.131, 52.406], [21.9649, 52.4269], [22.0278, 52.4731], [22.101, 52.3332], [22.1416, 52.4501], [22.1978, 52.4986], [22.0282, 52.4396], [21.8901, 52.4218], [21.9559, 52.3944], [21.9839, 52.3885], [21.9791, 52.3521], [21.9488, 52.3713], [21.9849, 52.3873], [21.9821, 52.3606], [21.9537, 52.3796], [21.9438, 52.4215], [21.8656, 52.4458], [21.9146, 52.4824], [21.9907, 52.4118], [22.0196, 52.4169], [22.0285, 52.4268], [22.0068, 52.4197], [22.0151, 52.4323], [22.0484, 52.4278], [22.0014, 52.4045], [22.0175, 52.4096], [22.0149, 52.394], [22.0089, 52.3883], [22.0277, 52.3909], [22.0256, 52.4037], [22.0235, 52.4026], [22.0336, 52.4125], [22.0278, 52.4273], [21.9992, 52.407], [22.006, 52.3997], [22.01, 52.4005], [21.9946, 52.407], [21.998, 52.405], [22.0057, 52.4028], [22.0278, 52.4133], [22.02, 52.3835], [22.0434, 52.3829], [22.0568, 52.4078], [21.938, 52.4238], [22.0562, 52.4329], [21.9648, 52.4349], [21.9169, 52.435], [21.9225, 52.481], [22.0622, 52.4001], [22.0182, 52.4391], [22.0192, 52.4667], [21.8232, 52.348], [21.9579, 52.5351], [21.9488, 52.4616], [21.9909, 52.3586], [22.011, 52.3573], [22.0676, 52.3676], [22.0, 52.4308], [21.9611, 52.4802], [22.0092, 52.4916], [21.9988, 52.4583], [21.9157, 52.3684], [21.9474, 52.4801], [21.9713, 52.4045], [21.8361, 52.3777], [21.8762, 52.4079], [22.0687, 52.399], [21.9531, 52.5148], [22.0363, 52.5236], [22.0695, 52.4009], [22.0693, 52.413], [22.0427, 52.4444], [22.0209, 52.4078], [22.0161, 52.4231], [22.0086, 52.4431], [22.0151, 52.4164], [22.0263, 52.4289], [22.0114, 52.4592], [22.0301, 52.3969], [22.0062, 52.4277], [22.0086, 52.437], [21.9777, 52.3986], [21.9497, 52.3891], [21.9281, 52.3912], [21.9717, 52.4143], [22.0305, 52.5645], [21.9466, 52.5213], [21.9718, 52.4169], [21.947, 52.3838], [21.916, 52.3968], [22.0272, 52.371], [22.0363, 52.3474], [21.9715, 52.3514], [21.976, 52.3989], [21.9613, 52.3887], [21.9531, 52.4], [21.9854, 52.3984], [22.0068, 52.4129], [21.9829, 52.4093], [21.9482, 52.3919], [21.8912, 52.4018], [21.9175, 52.356], [22.0091, 52.3984], [22.0505, 52.4118], [22.0398, 52.3977], [22.0344, 52.3694], [21.8885, 52.3976], [21.9189, 52.3611], [22.0588, 52.4121], [21.9995, 52.3322], [22.0014, 52.3167], [21.9159, 52.3867], [21.8014, 52.3714], [21.741, 52.3759], [22.0015, 52.4101], [21.986, 52.4036], [21.9673, 52.3981], [21.9492, 52.4027], [21.9626, 52.4461], [21.8677, 52.4213], [21.9911, 52.382], [22.0079, 52.3449], [21.9694, 52.344], [22.0019, 52.3947], [22.0258, 52.3528], [22.005, 52.3546], [21.9364, 52.4032], [21.9869, 52.3503], [21.9772, 52.3259], [21.9981, 52.3739], [22.0399, 52.3906], [22.0356, 52.3607], [21.941, 52.3804], [21.9634, 52.4212], [21.9253, 52.4171], [22.0249, 52.3643], [21.9433, 52.3876], [21.9708, 52.3551], [22.0559, 52.4019], [22.0539, 52.3578], [22.0064, 52.3486], [22.011, 52.3875], [21.9922, 52.3829], [21.9815, 52.3875], [22.008, 52.3877], [21.9822, 52.388], [21.9687, 52.3926], [21.9412, 52.403], [21.9903, 52.3488], [21.9979, 52.338], [22.0166, 52.3894], [22.0487, 52.3912], [22.0463, 52.3713], [22.0218, 52.3514], [21.972, 52.3342], [22.0036, 52.2829], [21.9578, 52.401], [21.9617, 52.3862], [21.9715, 52.3644], [21.9958, 52.2912], [22.0556, 52.3582], [22.1473, 52.3366], [21.9868, 52.3884], [21.9615, 52.3742], [21.9907, 52.3643], [22.008, 52.4099], [22.1319, 52.4322], [22.0939, 52.4056], [21.9835, 52.3866], [22.0638, 52.3997], [22.0719, 52.393], [22.1172, 52.4133], [22.1621, 52.4398], [22.1836, 52.3542], [22.0429, 52.405], [22.0403, 52.3259], [22.0157, 52.3232], [21.9417, 52.3806], [21.9192, 52.4414], [21.9402, 52.375], [22.0215, 52.3692], [21.9653, 52.3771], [21.9879, 52.3463], [32.6575, 46.8492], [32.6736, 46.797], [32.6254, 46.7874]]]}}, {"type": "Feature", "properties": {"regionId": "38"}, "geometry": {"type": "Polygon", "coordinates": [[[24.5622, 50.4204], [22.0201, 52.3845], [22.0257, 52.3995], [22.0349, 52.4116], [22.0021, 52.4068], [21.9751, 52.401], [21.9772, 52.4079], [22.0257, 52.4055], [22.073, 52.3895], [22.0847, 52.4222], [22.0106, 52.4172], [22.0577, 52.4024], [22.0882, 52.4106], [22.0262, 52.4025], [22.0014, 52.3754], [22.0263, 52.3768], [22.1305, 52.4062], [22.041, 52.4146], [22.1096, 52.4542], [22.0426, 52.4241], [21.9603, 52.4027], [22.0214, 52.444], [22.0007, 52.4191], [21.97, 52.4293], [21.995, 52.4528], [22.1328, 52.3567], [22.029, 52.4992], [22.0185, 52.5296], [21.9786, 52.419], [21.9311, 52.4097], [21.9352, 52.4319], [22.0007, 52.4158], [21.9916, 52.4195], [21.9694, 52.4116], [21.9825, 52.4065], [21.9613, 52.4121], [21.9417, 52.4185], [21.9643, 52.3376], [21.8985, 52.3753], [21.8378, 52.3977], [21.9787, 52.407], [21.9835, 52.4165], [21.9602, 52.4102], [21.9945, 52.4075], [21.9482, 52.4317], [21.9431, 52.4213], [21.9782, 52.408], [21.9165, 52.4078], [21.9445, 52.4305], [21.9877, 52.4004], [21.9627, 52.4012], [21.9651, 52.4125], [21.9107, 52.4017], [22.0161, 52.4219], [21.9722, 52.45], [22.0063, 52.4384], [21.9935, 52.4226], [21.9452, 52.4227], [22.0103, 52.4171], [21.985, 52.4085], [21.9723, 52.4144], [22.0299, 52.4592], [21.9367, 52.4484], [21.8798, 52.4236], [21.9931, 52.3943], [21.9977, 52.3927], [22.0029, 52.3875], [21.9942, 52.396], [21.9854, 52.3947], [21.9872, 52.3884], [21.9802, 52.3928], [21.968, 52.4083], [21.9637, 52.3866], [21.9798, 52.3425], [21.9174, 52.3904], [21.8605, 52.381], [21.9862, 52.4056], [21.9834, 52.4138], [21.9744, 52.4227], [21.9861, 52.3968], [21.9535, 52.3911], [21.9651, 52.3833], [21.9999, 52.3927], [22.0041, 52.3906], [22.0142, 52.3875], [21.9968, 52.3972], [21.9848, 52.3946], [21.9815, 52.3968], [21.9972, 52.3908], [22.0443, 52.3869], [22.0505, 52.3653], [21.9924, 52.3576], [22.0603, 52.345], [22.0854, 52.3093], [22.0388, 52.4061], [22.0583, 52.37], [22.0875, 52.3769], [22.0254, 52.3856], [21.9607, 52.3646], [21.9417, 52.3634], [21.9557, 52.4024], [21.9608, 52.4042], [21.9239, 52.4074], [21.9525, 52.3899], [21.942, 52.331], [21.9822, 52.3259], [22.0599, 52.4042], [22.0283, 52.3915], [22.0256, 52.3833], [22.018, 52.4043], [21.9945, 52.3676], [22.0121, 52.3699], [22.0441, 52.3808], [22.0651, 52.4162], [22.0384, 52.3579], [21.9995, 52.3906], [22.0091, 52.3933], [22.0199, 52.3898], [22.0057, 52.3911], [22.0037, 52.3823], [22.0064, 52.3769], [21.9838, 52.3773], [22.0251, 52.3816], [22.0334, 52.3945], [22.0113, 52.4067], [22.017, 52.3894], [22.0285, 52.4009], [22.0139, 52.3879], [22.0228, 52.3888], [22.0206, 52.3773], [22.0037, 52.3976], [22.0036, 52.3953], [22.0036, 52.3912], [22.0102, 52.4074], [22.0115, 52.3946], [22.0171, 52.4014], [22.0106, 52.3913], [22.0192, 52.3868], [22.0192, 52.3741], [22.0186, 52.3995], [22.0109, 52.3919], [22.0349, 52.388], [22.0218, 52.4027], [22.0645, 52.3837], [22.0733, 52.3958], [22.0081, 52.4189], [22.0031, 52.4248], [22.0363, 52.4222], [22.0139, 52.3928], [22.0236, 52.4169], [22.032, 52.4074], [22.0103, 52.3853], [22.0393, 52.3803], [22.0128, 52.3671], [24.4727, 50.3777], [24.5221, 50.4687], [24.5622, 50.4204]]]}}, {"type": "Feature", "properties": {"regionId": "135"}, "geometry": {"type": "Polygon", "coordinates": [[[26.4784, 48.3991], [22.0839, 52.4416], [22.0936, 52.2549], [22.1836, 52.3287], [21.9684, 52.4393], [21.9865, 52.4576], [22.0363, 52.4204], [22.0552, 52.3899], [22.0651, 52.4187], [22.0192, 52.4361], [21.9997, 52.4292], [21.9674, 52.4107], [21.9424, 52.4139], [21.9836, 52.4536], [22.0684, 52.4025], [22.0953, 52.3935], [22.0703, 52.4058], [21.9548, 52.4797], [22.0306, 52.4472], [21.9986, 52.3799], [22.028, 52.3509], [22.0448, 52.3829], [21.997, 52.4188], [21.9665, 52.4483], [22.0221, 52.4481], [22.0148, 52.3805], [22.0089, 52.3293], [22.0726, 52.3343], [22.0324, 52.4157], [22.0281, 52.4407], [22.0797, 52.4324], [22.0126, 52.4168], [22.0199, 52.4194], [22.027, 52.3991], [22.039, 52.3928], [22.091, 52.3735], [22.1295, 52.3875], [22.0406, 52.4543], [22.1809, 52.3533], [22.1231, 52.4486], [22.0417, 52.4412], [22.0771, 52.3469], [22.1103, 52.4167], [22.0309, 52.4017], [22.0318, 52.432], [22.0356, 52.4495], [22.0104, 52.4121], [22.0168, 52.4083], [22.0249, 52.4199], [21.985, 52.4183], [21.9904, 52.4315], [21.9979, 52.4449], [21.9914, 52.405], [21.9616, 52.4212], [21.9893, 52.4231], [22.0138, 52.3988], [22.0089, 52.4223], [22.0263, 52.4268], [22.0007, 52.4048], [21.9741, 52.417], [21.9872, 52.4222], [22.0148, 52.4319], [21.9817, 52.4803], [21.9786, 52.5102], [21.9728, 52.3955], [21.9634, 52.4046], [21.9353, 52.4097], [21.9895, 52.3906], [21.9471, 52.3906], [21.9623, 52.3732], [21.982, 52.4001], [21.9605, 52.4137], [21.9395, 52.4162], [21.9876, 52.3888], [21.967, 52.3958], [21.9559, 52.4042], [22.0002, 52.4408], [21.9211, 52.4097], [21.9232, 52.4227], [21.9974, 52.4286], [21.9897, 52.4495], [21.9338, 52.431], [21.9896, 52.4001], [21.9925, 52.4062], [21.9943, 52.4106], [21.9933, 52.4007], [21.9762, 52.3967], [21.9772, 52.4032], [21.9969, 52.425], [21.9525, 52.4063], [21.9281, 52.4333], [21.9776, 52.4179], [21.9975, 52.3743], [21.968, 52.3898], [21.9767, 52.4052], [21.9791, 52.413], [21.9865, 52.4255], [21.9707, 52.4017], [21.9547, 52.4257], [21.9381, 52.4273], [21.9738, 52.4057], [21.9735, 52.3753], [21.9509, 52.3917], [21.9793, 52.4107], [21.9518, 52.4088], [21.9352, 52.406], [21.9799, 52.4029], [21.9556, 52.4032], [21.9424, 52.3977], [22.0219, 52.3932], [21.996, 52.387], [21.9858, 52.3796], [22.0316, 52.3824], [22.013, 52.3683], [21.9851, 52.35], [21.9867, 52.3837], [21.9745, 52.419], [21.9616, 52.4153], [21.9746, 52.3963], [21.9868, 52.3894], [22.0071, 52.3824], [22.0569, 52.3664], [21.9484, 52.3988], [21.9331, 52.4028], [22.0479, 52.4449], [21.9734, 52.4385], [21.9146, 52.4625], [21.9754, 52.4084], [21.9756, 52.4337], [21.9623, 52.4491], [22.0494, 52.4201], [22.0021, 52.4431], [21.963, 52.4324], [21.9737, 52.3961], [21.9557, 52.4393], [21.9367, 52.4273], [21.9997, 52.3908], [21.9826, 52.4006], [21.9765, 52.4042], [21.9851, 52.3918], [21.9934, 52.3602], [21.9801, 52.3722], [21.9727, 52.4154], [21.9908, 52.3932], [21.9943, 52.3894], [21.971, 52.4035], [22.0126, 52.3784], [21.9893, 52.3787], [21.9943, 52.4231], [21.9624, 52.4511], [21.9552, 52.4579], [21.9847, 52.399], [22.0002, 52.3868], [21.9872, 52.3861], [21.9933, 52.398], [21.9919, 52.4081], [21.9858, 52.3991], [22.0095, 52.3739], [22.0236, 52.3476], [22.0021, 52.319], [22.0418, 52.3889], [22.013, 52.396], [21.9915, 52.3801], [21.9928, 52.3887], [22.0444, 52.377], [22.0164, 52.3718], [21.9917, 52.3884], [22.0216, 52.3861], [22.0156, 52.3741], [21.9898, 52.3904], [21.961, 52.4084], [21.9623, 52.3903], [22.0061, 52.3895], [22.053, 52.3998], [22.0263, 52.3824], [21.9886, 52.3956], [21.9716, 52.4099], [21.973, 52.3935], [22.0615, 52.3811], [22.0049, 52.3772], [22.022, 52.3514], [21.9872, 52.3944], [21.9774, 52.3941], [21.9965, 52.3829], [22.0127, 52.3994], [22.012, 52.4146], [22.0263, 52.4088], [22.0146, 52.3859], [21.9645, 52.3895], [21.9886, 52.3732], [22.0056, 52.3933], [21.99, 52.3895], [22.0021, 52.3815], [21.9957, 52.3942], [21.979, 52.3946], [21.9936, 52.387], [22.0151, 52.3988], [22.02, 52.3909], [22.0121, 52.3824], [22.0047, 52.393], [22.0187, 52.3924], [22.0156, 52.3824], [22.0354, 52.4145], [22.0258, 52.3786], [22.0057, 52.394], [21.9688, 52.4077], [21.9989, 52.3867], [21.9957, 52.3787], [21.9829, 52.3949], [21.9855, 52.4126], [21.9758, 52.4102], [21.9892, 52.3827], [22.0086, 52.3799], [22.027, 52.375], [22.0028, 52.39], [21.9806, 52.384], [22.0078, 52.3801], [21.9991, 52.3862], [21.9851, 52.3983], [21.9787, 52.3982], [22.0002, 52.3865], [22.0297, 52.3878], [22.0114, 52.3718], [22.0127, 52.3923], [21.9873, 52.3869], [21.995, 52.3796], [22.0132, 52.3896], [22.0029, 52.3905], [21.9886, 52.3847], [22.0129, 52.3815], [22.0227, 52.4042], [22.027, 52.3792], [22.0123, 52.3954], [22.0207, 52.4058], [22.0306, 52.4046], [22.014, 52.3921], [21.9759, 52.3711], [22.0021, 52.3755], [22.0079, 52.3925], [22.0248, 52.4192], [22.0313, 52.4046], [22.0002, 52.3927], [21.9852, 52.3906], [21.9779, 52.388], [22.0035, 52.386], [22.044, 52.4058], [22.0342, 52.3861], [21.9685, 52.3981], [21.9582, 52.3961], [21.9979, 52.3875], [22.0137, 52.394], [21.9963, 52.3824], [22.0178, 52.3815], [22.0119, 52.4058], [22.0, 52.3896], [22.0071, 52.3894], [22.0315, 52.4085], [22.0107, 52.3913], [21.9929, 52.387], [21.9958, 52.3826], [22.0513, 52.393], [22.0206, 52.3713], [22.0325, 52.3896], [22.0071, 52.4293], [22.0299, 52.419], [26.4455, 48.3841], [26.4667, 48.4207], [26.4784, 48.3991]]]}}, {"type": "Feature", "properties": {"regionId": "81"}, "geometry": {"type": "Polygon", "coordinates": [[[31.8392, 47.9691], [22.0481, 52.3172], [21.9526, 52.3586], [21.9672, 52.3125], [22.0225, 52.306], [22.0, 52.3435], [22.1096, 52.3519], [22.0004, 52.354], [22.0516, 52.3495], [22.0434, 52.3042], [21.9604, 52.4054], [21.961, 52.378], [21.9808, 52.3639], [21.9819, 52.3865], [21.9433, 52.388], [21.9701, 52.3546], [22.137, 52.4133], [22.1803, 52.4608], [22.2725, 52.4023], [21.9985, 52.3773], [22.0351, 52.3552], [22.0463, 52.3773], [22.0065, 52.3807], [22.0524, 52.4001], [22.0776, 52.3995], [21.9817, 52.4269], [22.0121, 52.4296], [22.0043, 52.4528], [22.0657, 52.4166], [22.0841, 52.4005], [22.1274, 52.375], [22.0295, 52.4205], [22.0351, 52.3991], [22.0605, 52.412], [22.0044, 52.377], [22.0567, 52.3987], [22.0854, 52.3977], [22.1641, 52.4158], [22.1355, 52.4136], [22.1793, 52.4722], [21.9717, 52.4566], [21.9476, 52.4453], [22.0577, 52.4578], [22.003, 52.4194], [21.9818, 52.4194], [21.9537, 52.4143], [21.9735, 52.4459], [22.031, 52.4361], [22.0826, 52.444], [22.0222, 52.4012], [22.0094, 52.3842], [22.0306, 52.3838], [22.0584, 52.414], [22.1163, 52.4044], [22.0619, 52.4556], [22.0307, 52.3877], [22.0559, 52.4194], [22.084, 52.4032], [22.0498, 52.4287], [22.0388, 52.3878], [22.0484, 52.3643], [22.0181, 52.3623], [22.029, 52.4251], [22.0341, 52.4343], [22.0219, 52.4027], [22.0531, 52.4041], [22.074, 52.4088], [21.983, 52.4253], [22.0489, 52.4286], [22.0391, 52.3986], [21.988, 52.4648], [22.0407, 52.4285], [22.089, 52.4643], [22.0017, 52.4073], [21.9763, 52.4107], [21.9843, 52.4005], [21.9508, 52.3898], [21.9477, 52.4148], [21.9964, 52.4143], [22.0319, 52.4071], [22.0008, 52.4462], [21.9687, 52.4361], [22.0036, 52.3695], [21.9786, 52.3961], [21.9587, 52.3926], [22.0029, 52.4526], [22.0157, 52.4996], [21.9715, 52.5388], [21.9813, 52.4179], [21.9924, 52.4376], [21.9353, 52.425], [22.0011, 52.4195], [21.9662, 52.4607], [22.0185, 52.4518], [22.0151, 52.4176], [21.9868, 52.4634], [22.0341, 52.4643], [21.9977, 52.4361], [21.9305, 52.4141], [21.9381, 52.4597], [22.0185, 52.418], [21.9506, 52.4145], [21.973, 52.3857], [21.9712, 52.3961], [21.9211, 52.3949], [21.894, 52.3921], [22.007, 52.3661], [21.8875, 52.351], [21.8741, 52.3833], [22.0168, 52.4031], [21.9912, 52.4245], [21.9907, 52.4287], [22.0018, 52.4132], [22.0014, 52.4188], [21.9957, 52.4292], [22.0278, 52.4115], [21.9707, 52.4376], [21.9901, 52.4611], [22.0287, 52.397], [22.0037, 52.4288], [22.017, 52.4273], [22.0311, 52.3842], [22.0148, 52.4147], [22.0448, 52.4111], [22.02, 52.3883], [22.0383, 52.4091], [22.0299, 52.4222], [21.9966, 52.3891], [21.981, 52.3826], [21.9623, 52.3833], [21.9937, 52.4079], [21.9774, 52.3935], [21.9779, 52.4074], [22.0019, 52.4161], [21.9859, 52.4125], [21.9722, 52.4213], [21.9869, 52.4164], [21.9942, 52.4426], [22.0406, 52.4384], [22.0049, 52.4224], [21.9657, 52.4081], [21.9694, 52.4301], [22.0465, 52.3981], [22.0059, 52.446], [22.0093, 52.4671], [21.9977, 52.4358], [22.1333, 52.4016], [22.0932, 52.4593], [21.9956, 52.4094], [22.0015, 52.4443], [21.9794, 52.4343], [21.982, 52.4075], [21.9706, 52.4251], [21.9559, 52.4051], [21.9989, 52.4076], [21.9713, 52.4145], [21.973, 52.4042], [21.9757, 52.3979], [21.9935, 52.4319], [21.9808, 52.437], [21.9969, 52.4119], [21.9601, 52.3946], [21.9751, 52.4079], [22.0105, 52.4043], [21.9803, 52.4242], [21.9858, 52.4417], [21.9712, 52.3948], [21.9642, 52.4019], [21.9438, 52.4102], [21.9853, 52.3871], [22.0251, 52.3663], [21.9872, 52.3681], [21.9802, 52.3971], [21.9655, 52.3993], [21.9481, 52.3995], [21.998, 52.4145], [21.9851, 52.4054], [21.9758, 52.3963], [21.9859, 52.4028], [21.9751, 52.4139], [21.9523, 52.4157], [22.0076, 52.3901], [22.0001, 52.3891], [22.0071, 52.3787], [22.02, 52.394], [21.9781, 52.3913], [21.973, 52.3944], [22.0079, 52.4034], [22.0016, 52.4122], [21.9957, 52.4139], [21.9949, 52.4173], [22.0008, 52.4268], [21.9858, 52.4426], [21.9953, 52.4217], [21.9963, 52.4143], [21.9723, 52.4111], [21.9956, 52.4138], [21.9988, 52.4352], [21.9829, 52.4306], [21.9771, 52.4167], [21.9947, 52.4055], [21.9708, 52.4028], [21.9911, 52.3739], [21.9576, 52.3888], [21.9424, 52.3986], [22.014, 52.4263], [21.9823, 52.4417], [21.9445, 52.4412], [21.9977, 52.376], [21.9612, 52.4138], [21.9687, 52.3977], [21.9408, 52.4087], [22.0138, 52.3738], [21.9495, 52.3806], [21.9956, 52.3752], [22.0022, 52.3133], [21.9545, 52.3361], [21.9855, 52.3727], [21.9876, 52.3796], [21.9473, 52.3695], [21.9894, 52.3809], [22.011, 52.3919], [22.0178, 52.3778], [21.9974, 52.3828], [22.0039, 52.3649], [21.9673, 52.3695], [21.9806, 52.405], [21.987, 52.3835], [21.9751, 52.394], [21.9838, 52.3986], [22.0021, 52.4037], [21.9957, 52.4102], [21.9968, 52.4089], [21.958, 52.3962], [21.9488, 52.406], [21.9818, 52.416], [21.9773, 52.3994], [21.9623, 52.3912], [21.9815, 52.4029], [21.9542, 52.3911], [21.9409, 52.3931], [21.9235, 52.3455], [22.0007, 52.3731], [21.973, 52.3241], [21.9439, 52.3617], [22.1034, 52.3908], [22.1067, 52.3542], [22.0226, 52.3674], [22.0182, 52.3517], [22.0498, 52.3292], [21.9564, 52.3927], [21.9378, 52.3775], [21.8975, 52.3732], [21.958, 52.4192], [21.9754, 52.4033], [21.9858, 52.381], [21.959, 52.3834], [22.0436, 52.3366], [22.0178, 52.332], [22.0085, 52.3873], [21.957, 52.4033], [21.9409, 52.3806], [22.0175, 52.3897], [22.0318, 52.3822], [22.027, 52.3648], [22.0164, 52.3905], [22.0093, 52.3894], [21.9957, 52.3977], [21.9846, 52.4022], [21.9791, 52.3946], [21.9651, 52.4019], [21.9639, 52.3977], [21.941, 52.3341], [21.9566, 52.3357], [22.0261, 52.4001], [22.0205, 52.3767], [22.0242, 52.362], [22.0192, 52.4009], [22.0386, 52.4074], [22.0349, 52.3898], [21.9958, 52.3427], [22.0502, 52.2828], [21.9915, 52.2477], [22.0165, 52.3561], [22.0468, 52.3303], [22.0398, 52.2912], [22.0243, 52.3962], [22.0568, 52.3918], [22.0605, 52.3708], [22.0436, 52.4083], [21.9929, 52.3925], [21.9787, 52.393], [21.9834, 52.4046], [21.9629, 52.4187], [21.9239, 52.4111], [22.0073, 52.3815], [21.9533, 52.3993], [21.9716, 52.3746], [31.9252, 47.9696], [31.8544, 47.9921], [31.8392, 47.9691]]]}}, {"type": "Feature", "properties": {"regionId": "152"}, "geometry": {"type": "Polygon", "coordinates": [[[31.985, 48.7448], [22.0143, 52.3843], [22.0288, 52.4206], [22.042, 52.4236], [22.0336, 52.3839], [22.0723, 52.4377], [22.0953, 52.406], [22.0797, 52.4151], [22.0113, 52.3739], [22.0726, 52.3954], [22.0365, 52.3934], [22.0388, 52.4238], [22.0263, 52.438], [21.9816, 52.3975], [21.9813, 52.4145], [21.9957, 52.4181], [22.0549, 52.3965], [22.0252, 52.4359], [22.0548, 52.4245], [22.0428, 52.3838], [22.0246, 52.4519], [22.0413, 52.4694], [22.0122, 52.3964], [22.0282, 52.3931], [22.0263, 52.4051], [21.9733, 52.4104], [22.0232, 52.4205], [22.0334, 52.4083], [22.0112, 52.3939], [22.0507, 52.4184], [22.0562, 52.394], [22.0323, 52.4075], [22.0077, 52.3662], [22.027, 52.3644], [22.0616, 52.3728], [22.0328, 52.437], [22.0939, 52.3991], [21.9838, 52.3955], [22.0032, 52.36], [22.0199, 52.3824], [22.0079, 52.3872], [22.0069, 52.3738], [22.0214, 52.362], [21.9935, 52.3853], [22.0, 52.3516], [22.037, 52.3644], [21.9929, 52.4085], [21.9763, 52.4304], [22.0036, 52.4241], [21.9982, 52.3885], [22.0311, 52.3977], [22.0221, 52.3861], [22.0162, 52.3965], [22.0128, 52.4085], [22.0213, 52.4088], [22.0185, 52.4102], [22.0027, 52.3858], [22.0242, 52.3954], [22.0991, 52.3842], [22.0231, 52.4366], [22.0619, 52.4269], [22.0354, 52.3923], [22.0601, 52.3777], [22.1146, 52.3884], [22.0052, 52.4058], [22.1155, 52.428], [22.0612, 52.4269], [21.9357, 52.4296], [21.9972, 52.4024], [21.9772, 52.4375], [21.9925, 52.443], [21.9715, 52.4472], [22.0477, 52.4602], [22.0845, 52.463], [21.7133, 52.408], [21.9573, 52.5315], [22.0486, 52.4424], [21.9475, 52.4095], [21.9189, 52.4065], [21.9846, 52.4274], [21.9304, 52.4261], [21.8947, 52.4139], [21.9881, 52.4026], [21.9851, 52.4141], [21.9708, 52.413], [21.9913, 52.3984], [21.9822, 52.3872], [21.9772, 52.3981], [21.9976, 52.4248], [21.9458, 52.4284], [21.921, 52.4449], [21.9582, 52.419], [21.9232, 52.4157], [21.8861, 52.4315], [21.9227, 52.4345], [21.9231, 52.4799], [21.7844, 52.4578], [21.9483, 52.4242], [21.9547, 52.4722], [21.8926, 52.4852], [21.9893, 52.392], [21.9299, 52.3915], [21.953, 52.4065], [21.9348, 52.4709], [21.812, 52.4506], [21.7353, 52.5231], [22.0239, 52.45], [21.894, 52.4087], [21.884, 52.4421], [21.9982, 52.4056], [21.9959, 52.4098], [21.9794, 52.4074], [22.0568, 52.4347], [22.0192, 52.4696], [22.0733, 52.5079], [22.0125, 52.4237], [21.9714, 52.4072], [21.9744, 52.4236], [22.0133, 52.4174], [22.0106, 52.4591], [22.0292, 52.4662], [21.9718, 52.4073], [21.9256, 52.4103], [21.8911, 52.407], [22.0004, 52.4229], [22.0139, 52.4585], [21.9651, 52.4518], [22.0008, 52.3854], [21.983, 52.3833], [21.9751, 52.3685], [21.9861, 52.3979], [21.9794, 52.3973], [21.9651, 52.3926], [21.9991, 52.3794], [21.9785, 52.3565], [21.9758, 52.3926], [21.9624, 52.3952], [21.9267, 52.4415], [21.9281, 52.4722], [22.0211, 52.4376], [22.0331, 52.4591], [21.9573, 52.4616], [21.9755, 52.3991], [21.8892, 52.3819], [21.9118, 52.382], [22.0294, 52.4016], [21.9711, 52.3682], [22.0021, 52.3829], [22.03, 52.411], [22.0508, 52.3928], [22.0377, 52.3773], [22.0499, 52.3864], [22.0594, 52.3532], [21.9936, 52.3574], [21.967, 52.4039], [21.9422, 52.351], [21.9182, 52.3731], [21.9441, 52.3887], [21.9836, 52.3685], [21.9594, 52.3445], [21.986, 52.3828], [21.9791, 52.3734], [22.01, 52.3634], [21.9857, 52.3847], [21.9973, 52.3723], [21.9979, 52.3593], [22.0129, 52.3951], [21.9605, 52.3647], [21.9986, 52.3593], [21.9983, 52.3797], [21.8865, 52.2998], [21.9338, 52.2723], [22.0158, 52.3857], [21.9896, 52.3768], [21.9744, 52.3903], [21.9925, 52.3991], [21.9878, 52.386], [21.9787, 52.388], [21.993, 52.3674], [22.0098, 52.3486], [21.9616, 52.3324], [22.0311, 52.4104], [22.0639, 52.3875], [22.0562, 52.3685], [22.0162, 52.3929], [22.0328, 52.3976], [22.0164, 52.3815], [21.9863, 52.3898], [22.0079, 52.3977], [22.0164, 52.3935], [22.0142, 52.3979], [22.0234, 52.3821], [22.042, 52.3875], [22.0465, 52.412], [22.034, 52.3793], [22.0149, 52.3829], [22.0013, 52.3918], [21.9922, 52.3992], [21.9972, 52.4032], [21.9701, 52.3906], [22.0166, 52.3934], [22.0285, 52.3949], [22.011, 52.4017], [22.0209, 52.3856], [22.0342, 52.3986], [21.986, 52.4155], [22.0326, 52.3917], [22.0178, 52.4069], [21.9703, 52.4059], [22.0248, 52.4222], [22.0235, 52.4074], [22.0387, 52.4021], [22.0053, 52.4254], [22.0285, 52.4278], [22.0098, 52.3923], [22.0242, 52.3994], [22.0349, 52.4074], [22.0166, 52.403], [22.0116, 52.3918], [21.9964, 52.3921], [21.9176, 52.3847], [22.0397, 52.3895], [22.0455, 52.3625], [22.011, 52.385], [22.0202, 52.3441], [21.9822, 52.3343], [21.9665, 52.3858], [21.9296, 52.4587], [21.9132, 52.4157], [22.002, 52.3846], [21.9836, 52.3841], [21.9723, 52.3796], [22.0245, 52.392], [21.9947, 52.3763], [22.0043, 52.3648], [22.007, 52.3918], [21.996, 52.3803], [21.9979, 52.3695], [22.0311, 52.4059], [22.0135, 52.3895], [22.0242, 52.3796], [22.0495, 52.3809], [22.1065, 52.3487], [22.1537, 52.3533], [22.0149, 52.3881], [22.0297, 52.344], [22.0669, 52.35], [22.0104, 52.3774], [22.0458, 52.3759], [22.0847, 52.3556], [22.0199, 52.3898], [22.0052, 52.3327], [22.0235, 52.3074], [21.9674, 52.3797], [22.0094, 52.3563], [22.0384, 52.344], [22.0174, 52.3862], [22.0262, 52.4173], [22.0213, 52.4241], [22.0238, 52.3994], [22.039, 52.4232], [22.0278, 52.3968], [21.9912, 52.3879], [22.011, 52.3771], [22.0249, 52.3894], [22.016, 52.3844], [22.0352, 52.3579], [22.0605, 52.3875], [31.887, 48.7837], [32.0092, 48.7821], [31.985, 48.7448]]]}}, {"type": "Feature", "properties": {"regionId": "98"}, "geometry": {"type": "Polygon", "coordinates": [[[31.4805, 46.5185], [21.991, 52.4009], [22.0004, 52.3959], [22.0014, 52.3931], [31.4855, 46.513], [31.4822, 46.5168], [31.4805, 46.5185]]]}}, {"type": "Feature", "properties": {"regionId": "33"}, "geometry": {"type": "Polygon", "coordinates": [[[28.6273, 48.0478], [21.9533, 52.3983], [22.0163, 52.4199], [22.0107, 52.4245], [21.9652, 52.4221], [21.9899, 52.4416], [21.936, 52.4565], [21.9496, 52.3966], [22.0251, 52.463], [21.9424, 52.4791], [28.5083, 48.2112], [28.522, 48.2205], [28.5248, 48.2264], [21.9719, 52.4086], [21.98, 52.4139], [21.9751, 52.4287], [22.0476, 52.4785], [21.9313, 52.3837], [21.9196, 52.4463], [22.015, 52.4291], [21.8915, 52.4594], [21.9786, 52.4736], [21.9921, 52.422], [21.9365, 52.4336], [21.9495, 52.4583], [21.9605, 52.4196], [21.9263, 52.4363], [21.8876, 52.4375], [21.9834, 52.3928], [21.9839, 52.3986], [21.9843, 52.4083], [21.9812, 52.3936], [21.963, 52.3999], [21.9459, 52.3977], [21.9716, 52.4038], [21.9745, 52.4297], [21.9509, 52.4329], [21.9708, 52.3989], [21.9409, 52.3844], [21.9039, 52.3912], [21.9986, 52.4532], [21.9534, 52.4281], [21.9317, 52.4458], [22.0176, 52.4109], [22.0079, 52.4401], [21.9808, 52.4347], [21.9919, 52.4164], [21.9742, 52.452], [22.0107, 52.4514], [21.9959, 52.4119], [21.9851, 52.4158], [21.9651, 52.4162], [21.9899, 52.4192], [21.9683, 52.416], [21.9473, 52.425], [21.9905, 52.4688], [21.9589, 52.3667], [21.926, 52.3903], [21.9714, 52.4016], [21.9505, 52.3933], [21.9267, 52.4153], [21.9685, 52.4147], [21.939, 52.4195], [21.931, 52.4463], [21.985, 52.4047], [22.0017, 52.4129], [21.9957, 52.418], [21.9719, 52.3892], [21.9614, 52.4092], [21.9488, 52.4199], [21.9555, 52.3945], [21.9472, 52.4366], [21.9111, 52.3935], [21.9486, 52.3963], [21.9607, 52.3847], [21.9623, 52.357], [22.0024, 52.3816], [21.9925, 52.3633], [22.0035, 52.3459], [22.0194, 52.3899], [21.9793, 52.3777], [21.99, 52.3667], [21.9799, 52.3991], [21.973, 52.3906], [21.9915, 52.3829], [22.0205, 52.3878], [21.9896, 52.3715], [22.0128, 52.3482], [21.9949, 52.3942], [21.9889, 52.3969], [21.9943, 52.388], [21.9932, 52.4015], [21.9855, 52.4023], [21.9843, 52.3958], [21.9954, 52.3857], [21.9897, 52.3727], [21.9836, 52.3574], [21.9901, 52.38], [22.068, 52.3777], [22.079, 52.356], [22.0219, 52.3737], [22.0243, 52.3337], [22.0313, 52.3037], [22.0317, 52.3389], [22.0775, 52.4066], [22.1196, 52.3889], [21.9636, 52.3723], [22.0226, 52.3569], [22.0612, 52.3542], [22.0373, 52.3991], [22.0738, 52.4311], [22.111, 52.4102], [22.0353, 52.3836], [22.0549, 52.3649], [22.0975, 52.356], [22.0065, 52.3565], [22.0697, 52.3113], [22.1437, 52.3218], [22.145, 52.4074], [22.0207, 52.3212], [22.0882, 52.3056], [22.0258, 52.4042], [22.036, 52.4187], [22.0434, 52.4315], [22.0704, 52.4071], [22.007, 52.335], [22.0754, 52.3454], [22.0328, 52.4049], [22.0755, 52.446], [22.0996, 52.4264], [22.0124, 52.4015], [22.0167, 52.4181], [22.0334, 52.413], [22.0802, 52.3474], [21.8727, 52.2988], [21.9836, 52.2875], [22.0412, 52.4073], [22.0374, 52.4684], [22.0961, 52.4361], [22.0134, 52.3811], [21.9956, 52.3697], [21.9886, 52.3533], [22.0182, 52.3867], [22.0162, 52.3675], [22.037, 52.3551], [22.0101, 52.3969], [22.0581, 52.3824], [22.037, 52.3963], [22.0009, 52.4141], [21.999, 52.4405], [22.0057, 52.4481], [21.9974, 52.4156], [22.0364, 52.4133], [22.0043, 52.4278], [22.003, 52.4054], [22.0318, 52.3995], [22.032, 52.413], [28.5956, 48.0379], [28.6146, 48.0374], [28.6273, 48.0478]]]}}, {"type": "Feature", "properties": {"regionId": "52"}, "geometry": {"type": "Polygon", "coordinates": [[[36.9608, 47.091], [22.0032, 52.3873], [22.0536, 52.3621], [22.064, 52.3727], [22.0129, 52.4016], [22.0017, 52.3915], [22.0064, 52.3903], [22.0167, 52.412], [22.0088, 52.3929], [22.0221, 52.3995], [22.0222, 52.3897], [22.0288, 52.3585], [22.0555, 52.3695], [21.9995, 52.3885], [21.9997, 52.3884], [22.0093, 52.3829], [21.9888, 52.3881], [21.9988, 52.3917], [21.9986, 52.3819], [22.0079, 52.3851], [21.9499, 52.3939], [22.0035, 52.3796], [22.0338, 52.381], [22.0818, 52.3879], [22.1003, 52.3792], [21.9609, 52.3146], [22.0774, 52.3592], [21.99, 52.3148], [21.9898, 52.4214], [21.9319, 52.3709], [21.9182, 52.369], [22.0296, 52.3762], [22.0385, 52.3431], [22.0882, 52.3746], [22.0895, 52.4161], [22.1293, 52.4815], [22.2099, 52.4129], [22.0343, 52.3763], [21.9535, 52.3468], [21.9936, 52.3588], [22.054, 52.4417], [22.1018, 52.4893], [22.1509, 52.5338], [22.0341, 52.4286], [22.0446, 52.4606], [22.0982, 52.4699], [22.0245, 52.4019], [22.0157, 52.4052], [22.0178, 52.4143], [22.014, 52.369], [22.0093, 52.3884], [22.0448, 52.3889], [22.0183, 52.4181], [22.0562, 52.3886], [22.0847, 52.3931], [22.0577, 52.4048], [22.1345, 52.4103], [22.1708, 52.4296], [21.9549, 52.3903], [21.926, 52.4012], [21.9118, 52.4292], [22.0269, 52.4094], [22.0625, 52.395], [22.0548, 52.4204], [22.0475, 52.3916], [22.0408, 52.4026], [22.0398, 52.4329], [22.0229, 52.4243], [21.9477, 52.4053], [21.9602, 52.4278], [22.0535, 52.4586], [21.9936, 52.4332], [21.9551, 52.4606], [22.0131, 52.4401], [22.027, 52.4065], [22.0448, 52.4171], [21.9613, 52.4448], [22.0191, 52.4253], [22.0228, 52.4444], [21.9624, 52.3994], [21.802, 52.4498], [21.8349, 52.3815], [21.8946, 52.4083], [21.9007, 52.4503], [21.7801, 52.4282], [21.959, 52.3982], [21.8989, 52.3835], [21.9395, 52.4195], [21.9918, 52.4127], [21.9396, 52.4491], [21.9203, 52.4181], [21.9936, 52.3895], [21.9791, 52.4176], [21.9822, 52.3949], [21.9952, 52.4083], [21.9906, 52.4142], [21.9815, 52.4217], [21.9855, 52.4021], [21.966, 52.4028], [21.9829, 52.4157], [21.9481, 52.4015], [21.9875, 52.4296], [21.9616, 52.4329], [21.9893, 52.3819], [21.944, 52.3236], [21.9473, 52.2894], [21.9546, 52.3754], [21.9584, 52.4051], [21.9473, 52.4268], [21.9504, 52.4001], [21.9646, 52.3827], [21.9758, 52.3602], [21.9615, 52.3904], [21.9586, 52.366], [21.9125, 52.3621], [21.9944, 52.4278], [21.9173, 52.3998], [21.899, 52.4181], [21.9767, 52.3744], [22.0347, 52.3091], [22.0228, 52.2857], [37.0251, 47.0987], [37.005, 47.0958], [36.9608, 47.091]]]}}, {"type": "Feature", "properties": {"regionId": "41"}, "geometry": {"type": "Polygon", "coordinates": [[[25.4382, 51.0304], [22.0267, 52.3957], [22.0619, 52.4587], [22.0747, 52.4213], [22.0529, 52.4018], [22.0837, 52.4124], [22.1473, 52.4102], [22.015, 52.4041], [22.0088, 52.3941], [22.0149, 52.3907], [22.0173, 52.4252], [22.1547, 52.3712], [22.1373, 52.4005], [21.9854, 52.4332], [21.984, 52.4396], [22.047, 52.4491], [22.0314, 52.4141], [22.1243, 52.4173], [22.1188, 52.444], [22.0009, 52.4107], [21.9942, 52.415], [21.9857, 52.4208], [22.0027, 52.4038], [22.0088, 52.4187], [21.9886, 52.4218], [22.0027, 52.4132], [21.9615, 52.4068], [21.9772, 52.4157], [22.0021, 52.4159], [21.989, 52.3943], [21.99, 52.4023], [22.0029, 52.4113], [21.9862, 52.4039], [21.9893, 52.4125], [21.9947, 52.4044], [21.9889, 52.4121], [21.9687, 52.4111], [21.9851, 52.41], [21.9851, 52.42], [21.9737, 52.4269], [22.0253, 52.4118], [21.9931, 52.4263], [22.0235, 52.4315], [21.9817, 52.4215], [21.9446, 52.3866], [21.9104, 52.4056], [22.0159, 52.4205], [21.9808, 52.4266], [21.9708, 52.4162], [21.9825, 52.3943], [22.0114, 52.3771], [21.9851, 52.3847], [21.9732, 52.3903], [21.9853, 52.398], [21.9893, 52.4051], [21.9944, 52.4055], [21.9821, 52.4355], [21.9573, 52.4292], [21.9677, 52.4074], [21.9875, 52.4391], [21.9829, 52.4606], [21.9995, 52.4154], [21.9633, 52.3962], [21.9822, 52.4241], [21.9516, 52.3912], [22.0087, 52.418], [21.9708, 52.4102], [21.9797, 52.401], [21.9526, 52.388], [21.9552, 52.4157], [22.0436, 52.4054], [22.0548, 52.4025], [22.0149, 52.4213], [22.0077, 52.4194], [22.0317, 52.422], [22.0327, 52.4384], [21.9946, 52.4104], [21.9859, 52.4435], [21.9659, 52.4278], [21.992, 52.4206], [21.9943, 52.4257], [21.968, 52.412], [21.9889, 52.4208], [22.0127, 52.4191], [22.0363, 52.4194], [21.9904, 52.378], [22.0402, 52.4176], [22.0498, 52.4204], [22.0247, 52.4377], [22.04, 52.4691], [22.0662, 52.5097], [21.986, 52.4122], [21.9935, 52.4227], [21.9723, 52.4088], [21.991, 52.4117], [22.0081, 52.4243], [21.9879, 52.4361], [21.9699, 52.4119], [22.0122, 52.4171], [22.0043, 52.4296], [21.9565, 52.4435], [22.1439, 52.4849], [21.9801, 52.4819], [21.9692, 52.4153], [21.9458, 52.4315], [21.8983, 52.4393], [21.9964, 52.3935], [21.9844, 52.3719], [21.9758, 52.3852], [21.9794, 52.4097], [21.9807, 52.3891], [21.958, 52.3931], [21.9563, 52.4053], [21.9042, 52.4044], [21.8748, 52.4204], [21.9712, 52.406], [21.9511, 52.4251], [21.921, 52.4315], [21.9709, 52.3845], [21.9497, 52.4062], [21.921, 52.3963], [21.9421, 52.3834], [21.881, 52.3819], [21.8314, 52.3491], [21.9584, 52.401], [21.9996, 52.3683], [21.9658, 52.3732], [21.972, 52.4164], [21.9502, 52.3857], [21.9296, 52.382], [22.051, 52.3866], [22.0146, 52.3808], [22.0327, 52.3639], [21.9696, 52.3828], [21.944, 52.3548], [21.9061, 52.3838], [21.9726, 52.3633], [21.9765, 52.3454], [21.9118, 52.3426], [21.9449, 52.3933], [21.983, 52.3463], [21.9488, 52.3356], [21.9982, 52.4149], [21.98, 52.4287], [21.9623, 52.4139], [22.0277, 52.3858], [22.018, 52.3817], [22.0192, 52.3667], [22.0103, 52.3812], [22.0109, 52.3629], [21.9844, 52.3505], [21.9841, 52.3892], [21.9994, 52.3956], [22.0114, 52.3935], [21.983, 52.3913], [21.9981, 52.383], [21.9836, 52.3727], [21.9563, 52.4156], [21.9622, 52.3826], [22.0043, 52.3894], [22.0283, 52.4035], [22.1099, 52.4193], [22.0975, 52.387], [22.0044, 52.3799], [22.0079, 52.3521], [22.0086, 52.337], [21.9737, 52.3737], [21.9704, 52.3377], [21.9843, 52.3097], [22.0258, 52.3819], [22.0751, 52.3968], [22.0704, 52.3653], [22.0287, 52.3985], [22.0577, 52.3862], [22.0605, 52.3708], [22.0041, 52.389], [22.0246, 52.3909], [22.0377, 52.3894], [22.0754, 52.4043], [21.9559, 52.374], [22.0149, 52.3759], [22.0539, 52.411], [22.1306, 52.4108], [22.1637, 52.4305], [22.0963, 52.4021], [22.084, 52.4033], [22.0619, 52.3505], [22.0344, 52.304], [22.094, 52.3851], [22.1003, 52.3222], [22.0067, 52.3717], [22.0608, 52.4163], [22.0605, 52.375], [22.0359, 52.3662], [21.8979, 52.3911], [21.953, 52.3708], [22.0048, 52.3907], [22.0134, 52.3914], [22.0263, 52.3903], [21.9976, 52.4022], [21.9882, 52.3845], [21.9993, 52.3866], [22.0375, 52.3946], [22.0133, 52.3908], [22.0263, 52.3778], [21.9932, 52.408], [22.0515, 52.3935], [22.0363, 52.3908], [25.3718, 51.0474], [25.4437, 51.0401], [25.4382, 51.0304], [25.3677, 51.1063], [22.0106, 52.3971], [22.0093, 52.3903], [22.0221, 52.3944], [21.9989, 52.3974], [21.9912, 52.3855], [22.0064, 52.3866], [25.4218, 51.0582], [25.3512, 51.0947], [25.3677, 51.1063], [25.4602, 51.0512], [21.9687, 52.3935], [21.996, 52.4218], [22.0093, 52.4093], [25.4686, 51.0576], [25.4635, 51.0531], [25.4602, 51.0512], [25.4382, 51.0304]]]}}, {"type": "Feature", "properties": {"regionId": "39"}, "geometry": {"type": "Polygon", "coordinates": [[[25.1386, 50.1598], [21.9513, 52.4287], [22.0853, 52.43], [22.0335, 52.4583], [22.0151, 52.4144], [21.9791, 52.4252], [22.0114, 52.4292], [22.0157, 52.4186], [22.0121, 52.3937], [22.0263, 52.3889], [22.0174, 52.4012], [22.0364, 52.4145], [22.0185, 52.4255], [22.0019, 52.4161], [21.9743, 52.4047], [21.968, 52.4093], [22.0015, 52.4153], [21.9931, 52.4364], [21.9737, 52.4338], [21.9842, 52.4008], [22.0008, 52.4186], [22.0093, 52.4153], [21.9926, 52.4194], [21.9647, 52.4178], [21.936, 52.4296], [22.0205, 52.4064], [22.0866, 52.3748], [22.0683, 52.438], [21.9831, 52.4158], [21.9539, 52.4215], [21.9644, 52.4463], [22.016, 52.3901], [22.0386, 52.395], [22.0583, 52.3968], [22.0309, 52.3887], [22.1163, 52.3673], [22.1359, 52.4056], [22.0243, 52.429], [21.9801, 52.4202], [21.9886, 52.4375], [21.9836, 52.4158], [21.9859, 52.466], [22.0242, 52.4204], [22.0441, 52.4057], [22.0929, 52.3756], [22.0583, 52.418], [21.9993, 52.4065], [21.9579, 52.4032], [21.9758, 52.4097], [22.0018, 52.4091], [21.9966, 52.399], [21.9893, 52.4023], [22.0047, 52.4028], [21.9974, 52.4082], [22.0043, 52.4083], [22.0003, 52.3913], [22.0061, 52.4055], [22.0164, 52.4051], [22.0007, 52.3923], [22.0132, 52.4006], [22.0157, 52.4042], [22.0031, 52.415], [21.9753, 52.4544], [22.0078, 52.4194], [22.024, 52.3822], [22.0653, 52.3798], [22.0754, 52.4032], [22.0269, 52.3803], [22.0979, 52.4317], [22.1288, 52.4167], [21.9999, 52.4274], [22.0067, 52.4173], [22.0498, 52.4213], [22.0524, 52.4139], [22.0448, 52.4008], [22.059, 52.3769], [22.0287, 52.3868], [21.9909, 52.3846], [22.0064, 52.3764], [22.0952, 52.4086], [22.0784, 52.3913], [22.1181, 52.3463], [22.015, 52.4108], [22.0145, 52.4137], [21.9964, 52.4227], [22.0055, 52.4248], [22.0562, 52.4462], [22.0519, 52.475], [21.9879, 52.4406], [22.0222, 52.4793], [22.0235, 52.5199], [22.0283, 52.4035], [22.0482, 52.3972], [22.0726, 52.3944], [22.0101, 52.3971], [22.0533, 52.394], [22.0527, 52.4042], [22.0192, 52.417], [22.0054, 52.4447], [21.9744, 52.4347], [21.9797, 52.4147], [22.0048, 52.4555], [22.0007, 52.4759], [21.9943, 52.4094], [21.9442, 52.4239], [21.9836, 52.4273], [22.0322, 52.4028], [22.0677, 52.4114], [22.101, 52.4125], [21.9776, 52.425], [22.0221, 52.4288], [22.0192, 52.4426], [21.9992, 52.4423], [21.9326, 52.4776], [21.8726, 52.4662], [21.9774, 52.4032], [21.9584, 52.4069], [21.9722, 52.4204], [22.0054, 52.4094], [21.9799, 52.4143], [21.9922, 52.4227], [22.0422, 52.4063], [22.0775, 52.4114], [22.1174, 52.4245], [22.0343, 52.4294], [21.9719, 52.464], [21.9367, 52.4889], [21.9615, 52.4049], [21.9073, 52.3952], [21.879, 52.3783], [21.9533, 52.3875], [21.88, 52.388], [21.9011, 52.3569], [21.9983, 52.3877], [22.0243, 52.3693], [21.9907, 52.3764], [21.9622, 52.4099], [21.8771, 52.4104], [21.8719, 52.4171], [21.9165, 52.4008], [21.8771, 52.3845], [21.815, 52.3986], [25.4624, 51.0286], [25.4099, 51.0194], [25.3599, 51.0124], [21.9941, 52.4121], [21.9619, 52.4284], [21.9594, 52.4079], [21.98, 52.4034], [21.9627, 52.4081], [21.9594, 52.3931], [21.989, 52.3864], [21.9971, 52.3722], [21.9915, 52.3607], [21.9797, 52.394], [21.9737, 52.3876], [21.9609, 52.3764], [25.2199, 50.9483], [25.2161, 50.9268], [25.2126, 50.9439], [21.9885, 52.4044], [21.9467, 52.4007], [21.9509, 52.3866], [21.9603, 52.3917], [21.909, 52.4045], [21.8698, 52.3852], [21.9531, 52.4125], [21.9101, 52.3823], [21.8677, 52.3815], [21.965, 52.3997], [21.9389, 52.4047], [21.963, 52.3769], [21.993, 52.3827], [22.0179, 52.3949], [22.0249, 52.3847], [22.0214, 52.3968], [22.0407, 52.3543], [22.0114, 52.369], [22.0007, 52.4094], [21.94, 52.4111], [21.9502, 52.3991], [22.0133, 52.3894], [21.9923, 52.3786], [22.0028, 52.3694], [21.9817, 52.3568], [22.0107, 52.3559], [22.0648, 52.3338], [22.0095, 52.3699], [22.1149, 52.2268], [21.9815, 52.2704], [21.972, 52.3737], [22.015, 52.3638], [22.0007, 52.3408], [21.9803, 52.3965], [21.9693, 52.3717], [22.0014, 52.3759], [21.9854, 52.3877], [21.9636, 52.3769], [21.9481, 52.3639], [22.0298, 52.3669], [21.9404, 52.3682], [21.9103, 52.3718], [22.0136, 52.4266], [21.9705, 52.42], [21.9459, 52.4157], [21.9818, 52.3958], [21.9622, 52.4117], [21.9545, 52.3963], [21.9913, 52.3656], [21.9405, 52.3797], [21.9139, 52.375], [22.0292, 52.3917], [22.0218, 52.3908], [22.0085, 52.3727], [21.9872, 52.3988], [21.9719, 52.4171], [21.9865, 52.4014], [22.0078, 52.3815], [22.004, 52.3646], [22.0157, 52.3533], [22.0234, 52.4024], [22.0271, 52.4065], [22.0313, 52.3893], [22.0127, 52.3938], [21.9802, 52.3295], [22.0249, 52.3287], [22.2068, 52.3744], [21.9777, 52.3002], [22.232, 52.3403], [22.0731, 52.426], [21.9927, 52.3872], [22.0882, 52.3944], [21.9858, 52.4957], [22.0506, 52.3885], [22.1203, 52.394], [25.0832, 50.1829], [25.068, 50.1662], [25.1386, 50.1598], [24.6099, 50.3722], [21.9975, 52.4059], [21.9995, 52.4076], [22.0078, 52.4037], [24.6206, 50.3729], [24.6121, 50.3738], [24.6099, 50.3722], [25.1386, 50.1598]]]}}, {"type": "Feature", "properties": {"regionId": "102"}, "geometry": {"type": "Polygon", "coordinates": [[[29.7074, 45.5062], [22.1727, 52.5171], [22.3874, 52.6094], [22.5763, 52.7166], [22.1186, 52.4989], [22.2375, 52.5861], [22.3444, 52.6819], [21.9844, 52.4357], [21.9091, 52.374], [21.8904, 52.3496], [21.9609, 52.4495], [21.9351, 52.5072], [21.8527, 52.5296], [21.9106, 52.4243], [22.0053, 52.4782], [21.9801, 52.5129], [21.9499, 52.411], [21.9851, 52.448], [21.9424, 52.4653], [21.9701, 52.4198], [21.9606, 52.3951], [21.9374, 52.3986], [21.9941, 52.3956], [22.0108, 52.3857], [22.0, 52.3801], [21.9442, 52.3913], [21.8566, 52.3103], [21.825, 52.3708], [21.866, 52.4455], [21.9413, 52.3338], [21.8072, 52.4014], [22.0356, 52.4106], [21.9934, 52.425], [21.9815, 52.4324], [22.0045, 52.4213], [21.9787, 52.4387], [21.9538, 52.4505], [21.9858, 52.2987], [21.8906, 52.4299], [21.9324, 52.3134], [22.0002, 52.3488], [21.8729, 52.3774], [21.8912, 52.4333], [21.8766, 52.4006], [21.965, 52.4432], [21.8818, 52.4778], [21.8918, 52.3397], [21.9739, 52.3191], [22.0356, 52.2685], [21.9551, 52.3855], [21.8467, 52.3648], [21.9537, 52.3533], [22.1715, 52.3454], [22.1657, 52.4278], [22.1814, 52.332], [22.0422, 52.3343], [21.9209, 52.3638], [21.8648, 52.3583], [22.0087, 52.3718], [21.9625, 52.3453], [22.0306, 52.3583], [22.072, 52.3916], [21.9507, 52.282], [22.0156, 52.2963], [22.0465, 52.4073], [22.0209, 52.3335], [22.0313, 52.3097], [22.1055, 52.3961], [21.9521, 52.3509], [21.9039, 52.3708], [21.9347, 52.3616], [22.0422, 52.2673], [21.9915, 52.2759], [21.9043, 52.4259], [21.9969, 52.3442], [21.8648, 52.3528], [21.9752, 52.3571], [22.0417, 52.3593], [22.0961, 52.369], [22.0032, 52.3796], [22.0065, 52.3679], [22.0434, 52.3773], [21.9915, 52.3676], [22.0446, 52.3688], [22.0263, 52.3486], [22.0112, 52.388], [22.0425, 52.4072], [22.0683, 52.4032], [21.9793, 52.4236], [22.0492, 52.431], [22.0534, 52.4134], [29.6685, 45.568], [29.6246, 45.5234], [29.7074, 45.5062]]]}}, {"type": "Feature", "properties": {"regionId": "69"}, "geometry": {"type": "Polygon", "coordinates": [[[25.1087, 48.0265], [22.02, 52.3956], [21.9754, 52.4443], [22.0463, 52.4167], [22.0259, 52.4097], [21.9978, 52.4255], [21.985, 52.4324], [22.0153, 52.4097], [21.9881, 52.4111], [21.9943, 52.4148], [22.0176, 52.4049], [22.0243, 52.4153], [22.0406, 52.4222], [22.0192, 52.3978], [22.0341, 52.3978], [22.0455, 52.4097], [22.0168, 52.419], [22.041, 52.433], [22.0498, 52.4565], [22.0325, 52.4009], [22.0381, 52.4299], [22.0633, 52.4421], [21.9868, 52.4181], [21.9275, 52.4027], [21.9431, 52.4389], [21.983, 52.3943], [21.9659, 52.4045], [21.9488, 52.4037], [21.9837, 52.4009], [21.9726, 52.4191], [21.9502, 52.4079], [21.963, 52.3632], [21.9497, 52.4274], [21.8911, 52.3995], [21.9889, 52.392], [21.997, 52.4119], [21.9858, 52.4093], [21.9844, 52.4062], [21.9635, 52.4034], [21.9623, 52.4176], [21.9677, 52.4114], [21.9446, 52.3905], [21.9167, 52.3972], [21.9847, 52.4036], [21.9597, 52.4161], [21.9388, 52.3972], [21.9866, 52.4087], [21.9668, 52.4089], [21.9481, 52.4144], [21.9966, 52.4042], [21.9973, 52.4156], [21.9872, 52.4111], [21.9992, 52.3785], [21.9148, 52.3872], [21.9317, 52.3495], [21.9883, 52.3601], [22.0415, 52.383], [22.0292, 52.3509], [21.9893, 52.394], [22.0184, 52.3755], [22.0085, 52.369], [21.9726, 52.3885], [21.9872, 52.3743], [21.9836, 52.3588], [21.9974, 52.3951], [21.9685, 52.3923], [21.9737, 52.3894], [22.0113, 52.3981], [22.0204, 52.4148], [22.0235, 52.3986], [22.015, 52.3976], [21.9927, 52.3755], [22.0278, 52.3843], [22.0346, 52.4052], [22.0122, 52.4029], [22.0156, 52.3829], [21.9983, 52.37], [22.0371, 52.4022], [22.0569, 52.3894], [22.025, 52.3987], [22.0452, 52.3689], [22.0776, 52.3699], [21.998, 52.4275], [22.0422, 52.409], [22.0455, 52.4278], [22.022, 52.3997], [22.008, 52.3778], [22.0342, 52.3727], [22.0208, 52.4173], [22.0598, 52.3957], [22.0484, 52.3806], [25.07, 48.0313], [25.1019, 48.0351], [25.1087, 48.0265]]]}}, {"type": "Feature", "properties": {"regionId": "95"}, "geometry": {"type": "Polygon", "coordinates": [[[30.8416, 47.5252], [22.0303, 52.4047], [22.0016, 52.3812], [22.0, 52.3769], [21.9836, 52.4005], [22.014, 52.3736], [21.9971, 52.3745], [22.0134, 52.3832], [21.9319, 52.372], [21.9964, 52.3574], [21.9942, 52.3858], [22.1383, 52.3982], [22.1067, 52.3764], [22.0135, 52.3737], [21.9752, 52.3765], [21.9765, 52.3542], [22.0279, 52.3714], [21.9587, 52.3304], [22.0341, 52.3459], [22.0034, 52.3727], [21.974, 52.3481], [22.0157, 52.3278], [22.0169, 52.3826], [21.9433, 52.3934], [21.9701, 52.3676], [22.0576, 52.3915], [21.9979, 52.341], [22.1203, 52.3718], [22.0228, 52.3335], [22.0395, 52.356], [22.1352, 52.3722], [22.1046, 52.4184], [22.0026, 52.3552], [22.0306, 52.3241], [21.9753, 52.3884], [21.9531, 52.414], [21.953, 52.4014], [21.9904, 52.3579], [22.0313, 52.379], [22.089, 52.3731], [22.0063, 52.473], [22.2266, 52.3092], [22.1736, 52.4333], [21.9975, 52.4277], [21.9843, 52.4429], [21.953, 52.4481], [22.032, 52.409], [22.1012, 52.4117], [22.0811, 52.4398], [21.9897, 52.4542], [22.1286, 52.3904], [22.1636, 52.406], [22.0191, 52.4198], [22.0524, 52.4343], [22.0982, 52.4467], [21.9671, 52.4162], [21.892, 52.448], [21.9509, 52.4625], [21.9884, 52.4115], [21.9616, 52.4345], [21.9957, 52.4403], [22.0418, 52.4069], [22.0707, 52.3852], [22.116, 52.4074], [21.9922, 52.422], [22.021, 52.4276], [22.0206, 52.4514], [22.0181, 52.4148], [22.0594, 52.4223], [22.0512, 52.443], [21.9771, 52.412], [21.9856, 52.4118], [21.9858, 52.4301], [22.0179, 52.4065], [22.0326, 52.3926], [22.0178, 52.3843], [22.0436, 52.4062], [22.075, 52.4057], [22.1003, 52.3949], [22.0479, 52.4138], [22.0403, 52.3841], [22.0719, 52.387], [22.0337, 52.3933], [22.0671, 52.3956], [22.1139, 52.4065], [22.0253, 52.4061], [22.0373, 52.4175], [22.027, 52.4328], [22.0146, 52.4079], [22.0546, 52.3994], [22.0377, 52.4227], [22.0087, 52.4194], [22.0287, 52.3959], [22.0249, 52.3824], [22.0319, 52.4029], [22.0587, 52.4027], [22.042, 52.4287], [21.947, 52.3936], [21.9776, 52.4618], [21.9594, 52.487], [22.0581, 52.3883], [22.0507, 52.4555], [22.0078, 52.4458], [21.9778, 52.3913], [21.9736, 52.4074], [21.9708, 52.4037], [21.9896, 52.3949], [21.9807, 52.3854], [21.9801, 52.3995], [21.9606, 52.3882], [21.9931, 52.436], [21.9537, 52.4241], [21.9923, 52.4274], [21.9615, 52.4315], [21.9246, 52.4324], [21.947, 52.3958], [21.9145, 52.3746], [21.8584, 52.3713], [21.9431, 52.3849], [21.9382, 52.438], [21.995, 52.4365], [21.9535, 52.4515], [22.033, 52.4237], [22.0149, 52.4685], [21.9993, 52.4301], [21.9625, 52.415], [21.9666, 52.4435], [22.0015, 52.4418], [21.9484, 52.4123], [21.9246, 52.4194], [22.0014, 52.396], [21.9919, 52.3847], [21.9808, 52.3875], [21.9901, 52.4107], [21.9612, 52.4809], [21.9836, 52.4898], [22.0732, 52.396], [22.0395, 52.4841], [21.9716, 52.4579], [21.9699, 52.388], [21.9805, 52.4244], [21.9673, 52.4236], [21.9478, 52.3856], [21.9638, 52.4264], [21.9061, 52.4083], [21.9877, 52.3406], [21.9769, 52.4014], [21.9552, 52.3746], [22.0272, 52.3556], [21.9749, 52.3787], [21.9651, 52.3537], [21.9757, 52.3842], [21.9903, 52.418], [21.9623, 52.4074], [21.9913, 52.4195], [22.0285, 52.4187], [22.0271, 52.4301], [22.0121, 52.4386], [21.9333, 52.4423], [21.9224, 52.4176], [21.9599, 52.3889], [21.9976, 52.3326], [21.9851, 52.3084], [22.0521, 52.3741], [22.0487, 52.2924], [22.0733, 52.2366], [21.9811, 52.3931], [21.9591, 52.3985], [21.9722, 52.3773], [22.0093, 52.3802], [21.9836, 52.3732], [22.0014, 52.35], [21.9505, 52.3836], [21.9707, 52.4268], [21.9217, 52.4102], [22.0018, 52.3903], [22.0191, 52.3705], [21.99, 52.3732], [21.932, 52.3771], [21.8766, 52.4112], [21.8961, 52.4579], [22.0129, 52.4116], [22.0505, 52.4012], [22.0341, 52.4255], [22.001, 52.3968], [22.0106, 52.3861], [22.0128, 52.3926], [21.983, 52.4019], [21.9965, 52.4227], [21.9858, 52.4144], [21.9312, 52.3865], [21.9766, 52.4656], [21.9103, 52.4643], [21.9761, 52.403], [21.9142, 52.3904], [21.8883, 52.3852], [22.0036, 52.3893], [22.0367, 52.3732], [22.0021, 52.3759], [21.9825, 52.4425], [21.924, 52.3682], [21.899, 52.3977], [21.9623, 52.3884], [21.9146, 52.38], [21.8762, 52.3782], [21.9845, 52.3835], [21.954, 52.3733], [21.9103, 52.3695], [21.9684, 52.3967], [22.0248, 52.3636], [21.968, 52.3676], [21.9983, 52.3673], [22.0395, 52.3866], [22.0399, 52.3556], [30.8073, 47.5822], [30.7972, 47.5847], [30.8416, 47.5252]]]}}, {"type": "Feature", "properties": {"regionId": "106"}, "geometry": {"type": "Polygon", "coordinates": [[[32.7663, 49.5215], [22.0067, 52.3986], [22.0216, 52.4271], [22.0135, 52.4245], [22.0259, 52.4179], [22.028, 52.4333], [22.0213, 52.4528], [22.0333, 52.4031], [22.0513, 52.4114], [22.0975, 52.419], [22.0117, 52.4147], [21.9737, 52.4325], [22.0142, 52.4296], [22.0063, 52.4081], [22.0172, 52.3966], [22.0192, 52.4088], [21.9928, 52.4051], [22.0, 52.4058], [22.0064, 52.4051], [21.9976, 52.404], [21.9839, 52.4055], [21.9986, 52.4042], [21.9996, 52.4055], [22.0025, 52.4039], [22.0149, 52.4056], [21.9993, 52.3931], [21.9982, 52.3847], [22.0057, 52.3782], [21.9992, 52.4121], [22.0338, 52.408], [22.0392, 52.3898], [22.0125, 52.3913], [22.0394, 52.3898], [22.0562, 52.3843], [21.9936, 52.3956], [21.9948, 52.3818], [22.0078, 52.3889], [22.0417, 52.4129], [22.0642, 52.3883], [22.0783, 52.3639], [22.0326, 52.3847], [22.0658, 52.386], [22.0946, 52.3773], [21.9857, 52.3874], [21.9875, 52.3538], [22.0235, 52.3579], [22.0188, 52.3905], [22.0103, 52.4063], [22.0157, 52.4144], [22.0159, 52.3965], [22.0483, 52.3987], [22.0626, 52.3954], [22.0099, 52.4004], [22.0119, 52.3786], [22.0335, 52.3782], [22.0203, 52.4113], [22.0646, 52.405], [22.096, 52.4185], [22.011, 52.3816], [22.0775, 52.3883], [22.0584, 52.3676], [22.1081, 52.3576], [22.0379, 52.4484], [22.074, 52.4824], [22.0435, 52.4196], [22.0105, 52.4606], [22.0505, 52.4694], [22.0471, 52.4338], [21.9936, 52.4695], [21.9239, 52.4828], [21.9728, 52.4019], [21.9745, 52.3928], [21.9495, 52.3949], [21.999, 52.429], [21.9362, 52.4318], [21.926, 52.4504], [22.0291, 52.404], [21.9905, 52.415], [22.0093, 52.4227], [22.0177, 52.4187], [21.9839, 52.438], [21.9452, 52.4514], [21.9836, 52.4084], [21.9859, 52.4189], [21.9616, 52.4171], [22.0135, 52.4017], [22.0164, 52.408], [22.0135, 52.4208], [22.0177, 52.399], [22.0311, 52.3994], [22.0334, 52.4106], [22.0402, 52.4002], [22.0495, 52.4132], [22.0598, 52.438], [21.9911, 52.413], [22.0272, 52.4226], [22.0114, 52.4338], [21.9651, 52.3969], [21.9962, 52.4328], [21.9943, 52.4491], [22.0044, 52.4136], [21.9775, 52.3967], [21.9758, 52.4019], [22.0226, 52.4072], [21.9815, 52.426], [21.9744, 52.4273], [21.9968, 52.4093], [22.0069, 52.4156], [21.995, 52.4236], [21.9816, 52.4222], [21.9714, 52.3921], [21.9481, 52.394], [21.9801, 52.3842], [21.991, 52.3557], [21.9523, 52.3556], [22.0117, 52.4124], [21.9672, 52.402], [21.9858, 52.418], [21.9836, 52.4132], [21.9556, 52.4219], [21.9253, 52.431], [22.0066, 52.4126], [22.0093, 52.4609], [21.9779, 52.4551], [21.9851, 52.4097], [22.0274, 52.4536], [21.985, 52.4449], [21.9814, 52.3917], [21.9912, 52.4232], [21.9815, 52.4287], [21.999, 52.4186], [21.962, 52.4056], [21.973, 52.4213], [21.9493, 52.3938], [21.9943, 52.4243], [21.9822, 52.4296], [21.9986, 52.4132], [21.9848, 52.3916], [21.9886, 52.4116], [21.9605, 52.4126], [21.9576, 52.4039], [21.9751, 52.4315], [21.9831, 52.4063], [21.982, 52.4049], [21.9872, 52.4171], [21.973, 52.3963], [21.9555, 52.3887], [21.9416, 52.4069], [21.9773, 52.3988], [21.9591, 52.3953], [21.9715, 52.3773], [21.9642, 52.3845], [21.8955, 52.3645], [21.8705, 52.3556], [22.0331, 52.3711], [21.9755, 52.385], [21.958, 52.393], [21.9881, 52.3859], [21.9189, 52.4101], [21.899, 52.4088], [21.9769, 52.3796], [21.9212, 52.4003], [21.8883, 52.3806], [21.9788, 52.393], [21.9702, 52.4224], [21.9495, 52.4217], [22.0042, 52.4059], [22.004, 52.4191], [22.0064, 52.4241], [22.0096, 52.4096], [21.9855, 52.4071], [21.9772, 52.4046], [21.9819, 52.3949], [21.9341, 52.4239], [21.9281, 52.4097], [21.968, 52.4067], [21.9589, 52.432], [21.9224, 52.418], [21.9894, 52.3874], [22.0203, 52.3775], [21.9858, 52.3764], [21.9873, 52.3915], [21.9797, 52.3786], [21.9722, 52.3718], [21.9791, 52.3997], [21.9648, 52.4009], [21.9858, 52.3875], [21.9942, 52.3964], [21.9821, 52.3874], [21.9979, 52.3921], [22.0112, 52.3905], [21.9588, 52.3935], [21.9566, 52.4046], [21.9482, 52.3944], [21.9258, 52.3972], [21.9232, 52.3625], [21.9867, 52.3936], [21.985, 52.3914], [21.9971, 52.3824], [21.9898, 52.3908], [21.9371, 52.3824], [21.9488, 52.3741], [22.0242, 52.4024], [21.9986, 52.373], [22.0, 52.3667], [22.0088, 52.3884], [22.0517, 52.3799], [22.0228, 52.3648], [22.0412, 52.3856], [22.0484, 52.3555], [22.0882, 52.3468], [22.0537, 52.3948], [22.1685, 52.3649], [22.0548, 52.3537], [21.9866, 52.3952], [22.0175, 52.3857], [22.0235, 52.3815], [21.9625, 52.3811], [22.0177, 52.3564], [22.037, 52.3403], [22.0128, 52.4075], [22.0284, 52.4326], [22.0327, 52.4051], [22.0124, 52.3857], [22.0325, 52.3613], [22.0327, 52.3361], [22.0125, 52.3918], [22.0539, 52.386], [22.0477, 52.3727], [21.9906, 52.3754], [22.0, 52.3753], [21.9879, 52.3486], [22.0382, 52.3754], [21.9923, 52.374], [21.9716, 52.3769], [21.9738, 52.3896], [22.0297, 52.3679], [22.037, 52.3532], [22.0202, 52.3839], [22.0182, 52.3506], [22.0626, 52.3667], [22.0366, 52.4052], [22.0139, 52.359], [22.0712, 52.3708], [22.0258, 52.2842], [22.05, 52.3465], [22.1338, 52.2857], [33.2822, 49.7469], [22.024, 52.4152], [22.001, 52.4277], [22.0099, 52.4393], [21.9987, 52.4131], [22.0522, 52.4203], [22.0463, 52.4352], [22.0168, 52.4133], [22.0231, 52.3994], [22.0377, 52.4014], [22.014, 52.4198], [22.0446, 52.3996], [22.0199, 52.3926], [21.9847, 52.3986], [21.9789, 52.3895], [21.9794, 52.381], [21.9783, 52.3965], [21.9687, 52.4083], [21.9566, 52.3935], [33.3338, 49.7749], [33.325, 49.685], [33.2822, 49.7469], [32.7663, 49.5215]]]}}, {"type": "Feature", "properties": {"regionId": "61"}, "geometry": {"type": "Polygon", "coordinates": [[[23.2801, 47.9677], [21.996, 52.423], [22.0176, 52.4635], [21.9637, 52.4509], [21.9852, 52.4124], [21.9655, 52.4241], [21.9402, 52.4315], [21.9775, 52.409], [21.9905, 52.4229], [21.9687, 52.4329], [21.9748, 52.4103], [21.96, 52.4373], [21.9523, 52.4069], [21.9609, 52.3807], [21.9749, 52.4255], [21.9573, 52.4333], [21.9767, 52.3991], [22.0045, 52.4186], [21.968, 52.4116], [21.9857, 52.3911], [21.9255, 52.3734], [21.921, 52.3866], [22.0365, 52.4553], [22.0989, 52.4024], [22.0868, 52.4407], [21.9801, 52.395], [21.9575, 52.4279], [21.963, 52.4338], [21.9716, 52.3971], [21.9436, 52.4389], [21.926, 52.3968], [21.9849, 52.4004], [21.9649, 52.3883], [21.9907, 52.3949], [21.9953, 52.3963], [21.9764, 52.3903], [21.9893, 52.3875], [21.9967, 52.3917], [22.0055, 52.3627], [21.9893, 52.3727], [21.9758, 52.404], [22.0, 52.4214], [21.9694, 52.4208], [21.9921, 52.4348], [22.0426, 52.4106], [22.0114, 52.4454], [21.9901, 52.4112], [21.9901, 52.3958], [21.9908, 52.3907], [22.0114, 52.3905], [21.9715, 52.3947], [21.9879, 52.4005], [21.9948, 52.4025], [21.9903, 52.4041], [21.9843, 52.4037], [22.0096, 52.381], [21.9918, 52.3892], [21.9843, 52.369], [21.9716, 52.4005], [21.9772, 52.3866], [21.9758, 52.3782], [21.8838, 52.3827], [21.8844, 52.4327], [21.8399, 52.4403], [22.0043, 52.389], [21.9916, 52.3802], [21.9744, 52.3815], [21.9855, 52.4009], [22.0222, 52.4163], [21.9993, 52.4083], [21.9853, 52.4098], [21.9814, 52.406], [21.9658, 52.4162], [21.9991, 52.3907], [21.9583, 52.3864], [21.9829, 52.3824], [22.0553, 52.4062], [21.9854, 52.3679], [21.9587, 52.3778], [21.967, 52.4123], [22.0473, 52.4361], [22.0192, 52.4611], [21.9757, 52.4018], [21.9438, 52.4446], [21.9424, 52.4167], [22.0213, 52.3923], [21.9737, 52.4007], [21.973, 52.3981], [21.9581, 52.433], [21.8965, 52.3763], [21.9118, 52.4264], [21.9666, 52.4109], [21.9905, 52.3825], [21.9843, 52.375], [21.9723, 52.3943], [21.9711, 52.3868], [21.9716, 52.3685], [22.0003, 52.3825], [21.9943, 52.3709], [22.0192, 52.3616], [22.0, 52.3718], [22.0253, 52.3522], [22.0484, 52.3287], [22.0301, 52.4372], [22.0648, 52.3944], [22.106, 52.4185], [22.0263, 52.3863], [22.0289, 52.3557], [22.0818, 52.3431], [21.9889, 52.3852], [21.9987, 52.3645], [22.0206, 52.3583], [22.0011, 52.3877], [22.0067, 52.3714], [21.9986, 52.356], [22.029, 52.3973], [22.0512, 52.3871], [22.0832, 52.3843], [22.0199, 52.4075], [22.0348, 52.4229], [22.0583, 52.4231], [22.0029, 52.4072], [22.0161, 52.4012], [22.0249, 52.4051], [22.0072, 52.3973], [22.0034, 52.3877], [22.0164, 52.3889], [22.003, 52.4294], [22.0053, 52.3974], [22.0292, 52.413], [22.0091, 52.3525], [22.0157, 52.44], [22.0342, 52.3653], [22.0026, 52.386], [22.0072, 52.4007], [22.0157, 52.394], [22.0121, 52.3947], [22.0139, 52.3842], [22.0107, 52.3778], [22.0384, 52.3945], [22.0132, 52.365], [21.9907, 52.3472], [21.9774, 52.3869], [21.9932, 52.3751], [22.0149, 52.3727], [22.0123, 52.3981], [22.0055, 52.3823], [22.0249, 52.3912], [22.0005, 52.3795], [22.0157, 52.3922], [22.0292, 52.3921], [22.0417, 52.3992], [22.0219, 52.435], [22.0, 52.4463], [22.0069, 52.4256], [22.076, 52.3949], [22.0939, 52.3843], [22.0167, 52.4048], [22.0415, 52.4181], [22.0655, 52.4167], [22.0268, 52.3912], [22.005, 52.4159], [22.027, 52.4227], [22.0087, 52.4074], [21.9977, 52.4079], [21.9929, 52.4134], [22.0104, 52.4046], [22.0183, 52.4137], [22.0085, 52.419], [22.0007, 52.4059], [22.0163, 52.411], [22.0149, 52.4148], [22.0027, 52.4058], [21.9829, 52.4101], [22.0057, 52.413], [22.02, 52.4044], [22.0252, 52.4261], [22.0448, 52.4255], [22.0145, 52.4055], [22.014, 52.385], [22.0178, 52.3801], [23.2346, 47.9576], [23.2552, 47.9624], [23.2801, 47.9677], [22.9136, 48.1149], [22.0061, 52.3972], [22.0094, 52.4007], [22.0114, 52.3944], [22.9342, 48.1064], [22.8918, 48.1002], [22.9136, 48.1149], [23.2801, 47.9677]]]}}, {"type": "Feature", "properties": {"regionId": "44"}, "geometry": {"type": "Polygon", "coordinates": [[[34.2733, 47.8399], [22.0263, 52.3682], [22.0839, 52.4307], [22.1188, 52.4028], [22.0007, 52.3861], [22.0038, 52.35], [22.0356, 52.3607], [21.988, 52.3702], [22.1063, 52.4044], [22.0569, 52.4005], [21.9956, 52.3961], [21.9726, 52.3939], [21.9779, 52.406], [22.053, 52.4017], [22.0643, 52.4298], [22.0775, 52.388], [22.0399, 52.3904], [22.188, 52.4475], [22.1537, 52.4801], [22.03, 52.4102], [22.1492, 52.4352], [22.1387, 52.3875], [22.015, 52.3773], [22.083, 52.4129], [22.1067, 52.4171], [21.9722, 52.446], [22.034, 52.4272], [22.0242, 52.456], [21.9889, 52.4477], [21.9657, 52.4647], [22.0455, 52.4588], [21.9884, 52.3604], [22.0053, 52.3553], [22.0712, 52.3667], [22.0014, 52.3873], [22.045, 52.4006], [22.0526, 52.4041], [22.0064, 52.42], [22.0334, 52.4191], [22.0548, 52.4278], [22.0417, 52.4012], [22.1281, 52.3889], [22.0911, 52.4352], [22.0015, 52.418], [22.0117, 52.4377], [22.0164, 52.4551], [22.0053, 52.4146], [21.9668, 52.4422], [21.9971, 52.4426], [22.0247, 52.3774], [22.0495, 52.4076], [22.0519, 52.4264], [21.9953, 52.4159], [22.0098, 52.419], [22.0242, 52.4301], [22.0169, 52.4284], [21.9559, 52.4127], [22.0206, 52.4379], [22.0345, 52.4052], [21.9809, 52.4281], [21.9694, 52.437], [21.9757, 52.4211], [22.036, 52.389], [21.9879, 52.4255], [21.9558, 52.4103], [22.0391, 52.4128], [22.0527, 52.4157], [21.9841, 52.414], [21.9768, 52.4303], [22.0085, 52.4324], [21.9892, 52.4177], [21.9988, 52.4096], [22.0064, 52.4204], [21.9545, 52.4016], [21.9575, 52.3827], [21.9438, 52.4273], [21.9693, 52.3902], [21.9825, 52.4168], [21.9687, 52.4264], [21.9759, 52.4006], [21.9337, 52.4416], [21.921, 52.4315], [21.9762, 52.4092], [22.0126, 52.4133], [22.0228, 52.4204], [21.9879, 52.4076], [21.9891, 52.4156], [21.9964, 52.4255], [22.006, 52.41], [22.0095, 52.4235], [22.0213, 52.431], [22.0095, 52.3982], [22.0299, 52.3914], [22.0178, 52.4046], [21.9343, 52.4002], [21.9662, 52.3954], [21.9303, 52.4356], [22.0597, 52.4377], [21.9697, 52.4431], [21.9324, 52.4555], [21.9721, 52.3952], [21.9633, 52.3526], [21.936, 52.3412], [21.9807, 52.4002], [21.9746, 52.4173], [21.9687, 52.4217], [21.9883, 52.4127], [21.972, 52.3898], [21.9594, 52.3852], [21.9924, 52.4039], [21.9859, 52.4139], [21.995, 52.4157], [21.9903, 52.4173], [22.0775, 52.3873], [21.995, 52.4352], [22.014, 52.4085], [22.0383, 52.4168], [22.0199, 52.4273], [22.0148, 52.4191], [21.9974, 52.4156], [21.9808, 52.4032], [21.9398, 52.4315], [22.0162, 52.4534], [21.9232, 52.444], [21.9735, 52.3942], [22.0079, 52.38], [21.9843, 52.3732], [21.9743, 52.3843], [22.0117, 52.38], [21.9872, 52.3657], [21.9882, 52.3846], [21.9724, 52.3965], [21.9587, 52.3889], [22.0192, 52.422], [21.9817, 52.4306], [21.9893, 52.4523], [21.9964, 52.4635], [21.9156, 52.4374], [22.0157, 52.5014], [21.994, 52.4212], [21.9168, 52.4277], [21.9679, 52.4384], [21.9795, 52.4408], [21.9638, 52.4916], [21.8982, 52.5046], [22.0678, 52.4211], [21.9886, 52.449], [21.9659, 52.4685], [21.9838, 52.3894], [21.9752, 52.3934], [21.968, 52.388], [21.9948, 52.3921], [22.0125, 52.3815], [21.9936, 52.3856], [21.9656, 52.4039], [22.0018, 52.3665], [21.973, 52.3607], [21.9749, 52.3945], [21.9618, 52.4297], [21.9417, 52.4065], [21.9636, 52.4125], [21.9456, 52.4069], [21.9018, 52.4324], [22.0294, 52.3516], [21.9676, 52.3452], [21.9288, 52.3148], [22.033, 52.3682], [21.9826, 52.3489], [21.9729, 52.3042], [21.9797, 52.3677], [22.0601, 52.3552], [22.0406, 52.3301], [21.9687, 52.4052], [21.9738, 52.3846], [21.9993, 52.3829], [21.9894, 52.3928], [21.9739, 52.3966], [21.9523, 52.3954], [21.9839, 52.3472], [22.0393, 52.3815], [22.0399, 52.3597], [21.9659, 52.3862], [21.988, 52.3739], [21.9644, 52.3602], [22.0, 52.3963], [22.0056, 52.3828], [21.9893, 52.3824], [22.0117, 52.4208], [21.9895, 52.3975], [22.0021, 52.3907], [22.0143, 52.3861], [22.0444, 52.4002], [22.0591, 52.3889], [21.994, 52.3683], [22.0179, 52.3587], [22.0633, 52.3472], [22.0613, 52.3991], [21.9861, 52.3537], [22.1003, 52.3324], [22.0216, 52.3882], [22.0485, 52.3818], [22.042, 52.4069], [21.9877, 52.4045], [21.9637, 52.4242], [21.9915, 52.4167], [22.0047, 52.4284], [22.0699, 52.3695], [22.0427, 52.4162], [22.082, 52.4163], [21.924, 52.3446], [22.0099, 52.3731], [22.0187, 52.3966], [22.0342, 52.42], [22.0334, 52.3963], [21.9771, 52.3974], [21.9644, 52.4049], [21.9481, 52.3968], [21.9804, 52.3963], [21.9528, 52.3652], [21.9687, 52.3542], [22.0189, 52.4106], [22.0506, 52.3792], [22.0313, 52.3972], [22.0259, 52.3866], [22.066, 52.4057], [22.0968, 52.3944], [22.0232, 52.3879], [21.9925, 52.3901], [21.9865, 52.3968], [21.9929, 52.3933], [22.0343, 52.3918], [22.0391, 52.3833], [22.0308, 52.3897], [22.0372, 52.3768], [22.0619, 52.3634], [22.0123, 52.3879], [21.9839, 52.3427], [21.9659, 52.3866], [21.9645, 52.42], [21.9809, 52.4045], [21.968, 52.3893], [21.9578, 52.4235], [21.9474, 52.4265], [21.931, 52.3995], [21.9982, 52.418], [21.9422, 52.3861], [21.9502, 52.4162], [21.9713, 52.4021], [21.9655, 52.3828], [21.9303, 52.3912], [22.0087, 52.3654], [22.063, 52.3779], [22.0662, 52.3204], [22.0497, 52.346], [21.9664, 52.3511], [22.0107, 52.3357], [22.0194, 52.3816], [22.0256, 52.3794], [21.9993, 52.3736], [22.0178, 52.3631], [21.9833, 52.359], [21.9644, 52.3894], [21.9618, 52.3986], [21.9681, 52.3692], [21.9217, 52.3907], [21.9892, 52.3786], [21.9858, 52.3724], [21.9509, 52.3708], [22.0213, 52.3573], [21.9982, 52.3544], [21.958, 52.3718], [22.0012, 52.3404], [22.0309, 52.3632], [22.0712, 52.3616], [21.9942, 52.3863], [21.9306, 52.3847], [21.9737, 52.3741], [21.9905, 52.3682], [21.8945, 52.4009], [21.8513, 52.3699], [22.0328, 52.3515], [21.9556, 52.3663], [21.9153, 52.3584], [21.9999, 52.386], [22.0767, 52.3717], [22.0263, 52.3597], [34.2949, 47.88], [34.295, 47.8487], [34.2733, 47.8399]]]}}, {"type": "Feature", "properties": {"regionId": "86"}, "geometry": {"type": "Polygon", "coordinates": [[[38.9382, 48.9124], [21.9764, 52.5095], [22.2089, 52.4453], [22.3052, 52.4449], [22.0199, 52.3954], [22.019, 52.4034], [22.0214, 52.4139], [21.9945, 52.427], [22.0639, 52.393], [22.0968, 52.413], [22.0264, 52.3939], [21.975, 52.3863], [21.9922, 52.3768], [22.031, 52.3691], [22.0729, 52.4088], [22.106, 52.3847], [22.0793, 52.371], [22.1071, 52.3488], [22.1131, 52.4083], [21.9895, 52.4172], [22.0241, 52.4093], [22.0171, 52.3954], [21.9997, 52.3895], [22.0291, 52.3986], [22.0399, 52.3972], [21.9805, 52.3763], [22.0392, 52.3396], [22.0306, 52.3028], [22.0574, 52.3638], [22.0843, 52.4339], [22.1153, 52.3912], [22.0083, 52.4007], [22.0137, 52.4017], [22.0213, 52.4051], [22.0013, 52.4112], [21.9989, 52.4338], [22.0135, 52.4458], [21.9661, 52.4255], [22.0562, 52.4085], [22.0825, 52.4065], [22.0457, 52.4433], [22.1599, 52.3987], [22.1772, 52.4287], [22.0025, 52.4648], [22.0985, 52.5063], [22.1644, 52.5407], [22.0138, 52.446], [22.0824, 52.4152], [22.1167, 52.4407], [22.0158, 52.4211], [21.9483, 52.4264], [21.9602, 52.4532], [22.0382, 52.4444], [21.9802, 52.467], [21.9274, 52.4861], [21.7751, 52.5567], [22.0953, 52.5536], [22.0434, 52.5953], [21.9756, 52.4288], [21.9834, 52.4408], [21.9288, 52.4208], [21.9721, 52.3995], [21.9364, 52.4032], [21.899, 52.3968], [21.9131, 52.3686], [21.9533, 52.3567], [21.8257, 52.3579], [21.8334, 52.5032], [21.8476, 52.3999], [21.7837, 52.5786], [21.7258, 52.4567], [21.878, 52.378], [21.6876, 52.4217], [21.9369, 52.4324], [21.9501, 52.4876], [21.9047, 52.5301], [21.9497, 52.4038], [21.9293, 52.3452], [21.8805, 52.3334], [21.9433, 52.4118], [21.883, 52.3665], [21.8513, 52.3852], [21.9714, 52.4464], [21.9215, 52.3707], [21.8719, 52.3732], [22.0164, 52.3814], [21.9591, 52.3435], [21.9986, 52.3315], [22.0315, 52.3916], [22.0438, 52.4174], [22.0683, 52.413], [22.0303, 52.3977], [22.076, 52.3798], [22.0953, 52.3472], [21.9986, 52.3918], [21.9639, 52.3742], [21.9893, 52.382], [22.0027, 52.3899], [21.9993, 52.3859], [21.9836, 52.3866], [22.0035, 52.3938], [22.0254, 52.3891], [22.0149, 52.3829], [21.9189, 52.4043], [21.9618, 52.3278], [21.9751, 52.2931], [21.9929, 52.3658], [21.9586, 52.3411], [21.9438, 52.3097], [22.0768, 52.3765], [22.0205, 52.3452], [21.9566, 52.3449], [21.967, 52.3807], [21.9305, 52.3809], [21.889, 52.3963], [21.9249, 52.3804], [22.0081, 52.4676], [21.926, 52.4662], [21.8813, 52.3538], [22.0069, 52.3758], [21.9836, 52.3181], [21.9936, 52.3897], [21.9802, 52.3848], [21.9637, 52.3889], [21.9953, 52.383], [21.9931, 52.3551], [21.9658, 52.3477], [22.0053, 52.3782], [21.9554, 52.4003], [21.9253, 52.3926], [22.0021, 52.3852], [22.0162, 52.3742], [22.0014, 52.3611], [22.0403, 52.3863], [22.027, 52.365], [22.0399, 52.3523], [22.0067, 52.4032], [22.0188, 52.42], [22.0299, 52.4019], [22.1486, 52.4075], [22.0253, 52.3689], [22.0961, 52.3769], [22.0181, 52.4018], [22.0177, 52.3847], [22.042, 52.387], [22.0108, 52.3864], [22.0043, 52.3615], [22.0085, 52.3445], [21.9901, 52.3794], [22.0409, 52.3889], [22.0292, 52.3607], [21.9758, 52.4034], [21.9598, 52.3907], [21.9708, 52.3787], [22.0104, 52.413], [22.0124, 52.4006], [22.0242, 52.3968], [38.8654, 48.9127], [38.89, 48.9169], [38.9382, 48.9124]]]}}, {"type": "Feature", "properties": {"regionId": "112"}, "geometry": {"type": "Polygon", "coordinates": [[[26.1454, 50.1139], [22.0668, 52.372], [22.0499, 52.4195], [22.1039, 52.4241], [22.0096, 52.3956], [21.9967, 52.3539], [21.9723, 52.363], [22.0026, 52.3902], [21.9821, 52.369], [22.0042, 52.363], [22.0018, 52.389], [22.0322, 52.392], [22.0363, 52.3782], [22.0143, 52.3983], [22.0214, 52.4098], [22.0334, 52.407], [22.0466, 52.4004], [22.0406, 52.4394], [22.0676, 52.4532], [22.0275, 52.4101], [22.053, 52.4384], [22.0847, 52.4315], [22.0128, 52.3987], [22.0383, 52.3977], [22.0463, 52.4074], [22.0026, 52.3914], [21.9868, 52.3911], [22.01, 52.3884], [22.0148, 52.4201], [22.0399, 52.3905], [22.027, 52.4185], [22.0046, 52.4124], [22.0127, 52.4055], [22.0185, 52.4083], [21.9881, 52.4001], [22.0014, 52.4162], [22.0107, 52.412], [22.0032, 52.4014], [21.9917, 52.4232], [22.0078, 52.4111], [22.0121, 52.4034], [22.0168, 52.4028], [22.0107, 52.412], [22.021, 52.396], [22.0232, 52.4025], [22.0093, 52.412], [22.0345, 52.4041], [22.039, 52.42], [22.0498, 52.4393], [22.066, 52.3955], [22.0357, 52.4065], [22.0669, 52.4232], [22.0348, 52.3907], [22.0028, 52.4428], [22.0448, 52.4268], [22.0075, 52.4095], [21.9918, 52.4335], [22.0164, 52.4282], [22.022, 52.4018], [21.9872, 52.4333], [22.0164, 52.4361], [21.9941, 52.3705], [22.0182, 52.386], [22.0413, 52.388], [22.0088, 52.415], [21.9875, 52.4021], [21.9751, 52.4028], [21.9971, 52.4069], [22.0135, 52.4106], [22.0036, 52.419], [22.021, 52.4026], [22.0082, 52.4109], [22.0228, 52.4148], [22.0322, 52.3935], [22.0289, 52.4061], [22.0398, 52.4204], [22.0369, 52.3708], [22.0424, 52.4073], [22.0726, 52.4241], [22.0391, 52.378], [22.097, 52.3689], [22.1146, 52.4042], [22.0037, 52.4185], [22.0392, 52.3954], [22.0598, 52.4005], [21.9832, 52.4291], [22.0158, 52.4291], [22.0391, 52.4421], [22.0271, 52.4043], [22.0103, 52.3813], [22.0192, 52.3681], [22.0687, 52.4031], [22.0994, 52.3921], [22.0939, 52.4393], [22.0097, 52.4114], [21.9367, 52.4261], [21.9758, 52.4287], [22.0044, 52.4078], [22.0141, 52.4144], [22.0121, 52.4282], [22.0077, 52.4057], [21.9773, 52.4065], [21.995, 52.413], [22.0507, 52.4081], [22.0381, 52.4202], [22.0626, 52.4468], [22.0127, 52.4086], [21.9993, 52.4244], [21.9964, 52.4324], [21.9949, 52.4038], [22.0142, 52.4186], [22.0014, 52.4208], [21.9884, 52.4014], [21.9666, 52.4085], [21.9744, 52.4213], [21.9975, 52.4147], [21.9891, 52.4215], [21.9972, 52.438], [22.0063, 52.4107], [21.9906, 52.4158], [21.9993, 52.4273], [22.0187, 52.4123], [22.0025, 52.4355], [22.0149, 52.4444], [21.9971, 52.4304], [21.9334, 52.4172], [21.9808, 52.4504], [22.002, 52.4132], [21.9858, 52.432], [21.973, 52.4505], [21.9777, 52.4094], [21.9594, 52.4177], [21.9452, 52.4324], [21.9682, 52.4164], [22.0091, 52.446], [21.9452, 52.4449], [21.951, 52.4405], [21.8683, 52.496], [21.7709, 52.4727], [22.0039, 52.427], [21.9233, 52.39], [21.9289, 52.4134], [21.9815, 52.4133], [21.9895, 52.3811], [21.9708, 52.3833], [21.9911, 52.3878], [21.9897, 52.4032], [21.9779, 52.4005], [22.0015, 52.3936], [21.9982, 52.3886], [21.995, 52.3968], [21.9812, 52.4085], [21.9609, 52.3527], [21.9232, 52.3746], [21.9696, 52.4078], [22.0096, 52.4068], [22.0043, 52.412], [21.9864, 52.4201], [21.9952, 52.4408], [21.9623, 52.4523], [22.012, 52.4448], [21.9278, 52.4141], [21.8954, 52.4019], [21.9353, 52.3709], [21.9387, 52.3515], [22.0, 52.325], [22.0083, 52.3908], [21.9791, 52.3982], [21.9715, 52.3954], [21.9991, 52.3844], [21.9745, 52.4071], [21.9637, 52.4037], [21.9467, 52.4081], [22.0473, 52.3827], [22.0406, 52.369], [22.0133, 52.3933], [22.0113, 52.3672], [21.9957, 52.3815], [22.0145, 52.4003], [22.0076, 52.4134], [22.0, 52.4181], [21.9408, 52.4218], [22.0039, 52.3678], [21.9651, 52.3653], [22.0037, 52.4098], [21.9752, 52.4181], [21.968, 52.4245], [21.8434, 52.3933], [21.9775, 52.4367], [21.8733, 52.4491], [21.9858, 52.4291], [21.9733, 52.3868], [21.9516, 52.4208], [21.9766, 52.3953], [21.9732, 52.4017], [21.9566, 52.3926], [22.0016, 52.4185], [21.9774, 52.4321], [21.9779, 52.4477], [21.985, 52.3963], [21.9592, 52.3864], [21.9595, 52.4134], [21.9997, 52.4013], [21.8771, 52.3923], [21.9402, 52.4148], [22.0641, 52.4282], [21.9351, 52.4238], [21.9701, 52.3926], [21.9749, 52.3938], [22.0151, 52.38], [21.9979, 52.369], [21.9617, 52.3804], [21.9189, 52.3789], [21.8755, 52.3708], [21.9982, 52.3252], [22.0727, 52.3854], [22.1501, 52.3287], [22.0333, 52.3585], [21.9809, 52.3535], [21.9936, 52.3195], [21.9666, 52.3989], [21.9312, 52.3904], [21.899, 52.3875], [21.9603, 52.396], [22.0114, 52.3827], [22.0164, 52.3727], [21.9981, 52.3797], [21.9932, 52.3482], [21.9907, 52.3278], [22.0202, 52.3981], [22.0447, 52.3959], [22.0484, 52.3755], [21.9774, 52.3943], [21.9954, 52.3755], [21.963, 52.3801], [21.9594, 52.4002], [21.9414, 52.4072], [21.9068, 52.4097], [21.9675, 52.3638], [21.9732, 52.3019], [21.9602, 52.2593], [21.9949, 52.3812], [21.9694, 52.3649], [21.9523, 52.3486], [22.0096, 52.3867], [22.0294, 52.3854], [22.0064, 52.3722], [21.9681, 52.3771], [21.9884, 52.381], [22.0199, 52.3894], [22.0254, 52.3948], [22.0459, 52.3845], [22.0633, 52.381], [22.0015, 52.3705], [21.9977, 52.3653], [22.0299, 52.3431], [22.0177, 52.4188], [22.0727, 52.3997], [22.0356, 52.387], [21.9893, 52.3821], [22.045, 52.3874], [22.0569, 52.3847], [22.0562, 52.4309], [22.0671, 52.4403], [22.0669, 52.3894], [21.9957, 52.3952], [22.0026, 52.3676], [21.9886, 52.3787], [21.9819, 52.4091], [21.9908, 52.3829], [21.9794, 52.3769], [21.9825, 52.3978], [21.9926, 52.3798], [22.0086, 52.3759], [21.9942, 52.3835], [21.9877, 52.3798], [21.9822, 52.3676], [22.0219, 52.3506], [21.9123, 52.4072], [21.8847, 52.3893], [21.9796, 52.4093], [21.9687, 52.3978], [21.995, 52.3931], [21.9853, 52.3902], [21.9898, 52.3797], [22.0043, 52.3731], [22.0466, 52.3941], [22.0402, 52.3504], [22.0861, 52.3273], [26.0988, 50.1202], [26.1888, 50.1743], [26.1454, 50.1139]]]}}, {"type": "Feature", "properties": {"regionId": "48"}, "geometry": {"type": "Polygon", "coordinates": [[[36.6897, 47.7201], [22.0041, 52.4388], [21.9549, 52.4216], [21.9566, 52.4569], [22.027, 52.4032], [22.0498, 52.4016], [22.0534, 52.4157], [22.0421, 52.39], [22.0498, 52.4032], [22.0377, 52.4282], [22.0037, 52.4266], [21.943, 52.3889], [21.9502, 52.4185], [21.9852, 52.4183], [22.0153, 52.4378], [21.9858, 52.4407], [22.0228, 52.4062], [22.028, 52.416], [22.0057, 52.4278], [22.0111, 52.4084], [22.0164, 52.4328], [22.0086, 52.4361], [21.984, 52.4054], [22.0322, 52.4051], [22.0178, 52.4116], [22.0076, 52.4035], [22.0238, 52.395], [22.0292, 52.3954], [22.0, 52.4088], [22.0104, 52.4033], [22.0221, 52.4051], [22.0039, 52.4071], [21.9712, 52.4027], [21.9907, 52.4065], [22.0149, 52.4056], [22.0121, 52.4037], [22.0206, 52.3926], [22.0183, 52.4091], [22.043, 52.3849], [22.0562, 52.3968], [22.0082, 52.3897], [22.0121, 52.3843], [22.0285, 52.3787], [21.9983, 52.397], [21.9885, 52.3845], [22.0085, 52.388], [22.0083, 52.4089], [22.013, 52.4006], [22.0206, 52.3977], [22.0093, 52.4017], [22.0193, 52.4035], [22.0299, 52.4037], [21.9992, 52.3819], [22.0349, 52.3886], [22.0498, 52.3829], [22.003, 52.4053], [21.9967, 52.4217], [22.0121, 52.4167], [22.0595, 52.4198], [21.9872, 52.5174], [22.0163, 52.5259], [22.0123, 52.393], [22.0098, 52.4065], [22.01, 52.4111], [22.0055, 52.3977], [22.0154, 52.3951], [22.0107, 52.4009], [22.0673, 52.3989], [22.0041, 52.48], [22.0085, 52.5153], [21.959, 52.3927], [21.9503, 52.4143], [21.9039, 52.4032], [21.9977, 52.4162], [21.9866, 52.456], [22.005, 52.4523], [22.0189, 52.4107], [21.98, 52.4399], [22.0142, 52.4412], [21.9848, 52.4067], [21.9919, 52.4062], [22.0007, 52.413], [22.038, 52.3939], [21.9871, 52.4353], [21.9943, 52.4565], [22.0509, 52.4226], [21.9857, 52.4465], [22.0761, 52.4426], [21.9896, 52.4342], [21.9413, 52.4548], [21.8805, 52.4458], [21.9924, 52.4186], [21.9992, 52.4417], [21.9573, 52.4292], [21.9958, 52.4207], [21.997, 52.4354], [21.958, 52.4255], [21.8761, 52.3834], [21.9143, 52.3627], [21.7773, 52.4412], [21.9819, 52.3836], [21.9684, 52.3657], [21.9374, 52.3704], [22.0211, 52.3953], [22.0238, 52.3938], [22.0085, 52.3819], [22.0314, 52.3939], [21.9925, 52.4016], [21.9908, 52.3926], [21.9686, 52.3783], [21.9733, 52.3611], [21.9552, 52.3426], [21.9959, 52.3941], [21.9672, 52.3728], [21.9793, 52.3894], [21.9367, 52.4398], [21.8976, 52.3307], [21.8577, 52.3098], [21.9808, 52.4035], [21.9824, 52.3837], [21.9651, 52.3898], [21.9802, 52.4045], [21.9722, 52.4013], [21.9445, 52.3912], [22.0009, 52.3847], [21.9601, 52.3935], [21.9836, 52.4102], [21.9904, 52.4084], [21.9757, 52.4029], [21.9609, 52.4093], [21.9806, 52.402], [21.9733, 52.4193], [21.9858, 52.3944], [22.0926, 52.2623], [22.0009, 52.329], [21.8527, 52.3621], [21.9789, 52.4098], [21.9392, 52.396], [21.9758, 52.3907], [21.9881, 52.3895], [21.9385, 52.3927], [21.9402, 52.3769], [22.0073, 52.3872], [21.9993, 52.3838], [21.9808, 52.3838], [21.9971, 52.3895], [22.0213, 52.3574], [21.9986, 52.357], [21.9716, 52.4016], [21.9837, 52.3878], [21.9851, 52.375], [21.9835, 52.4017], [21.9527, 52.4111], [21.9708, 52.4176], [22.0118, 52.4023], [21.9915, 52.4074], [21.9879, 52.4093], [22.002, 52.4069], [22.0097, 52.4083], [22.0028, 52.4162], [22.0197, 52.4179], [21.9529, 52.4038], [21.9481, 52.4069], [21.9725, 52.4206], [21.9931, 52.4327], [22.0028, 52.4468], [22.0105, 52.3772], [22.0233, 52.39], [22.0455, 52.4019], [21.9541, 52.4314], [22.053, 52.401], [22.032, 52.4305], [22.0048, 52.418], [22.0149, 52.4353], [21.9751, 52.4505], [21.9806, 52.4108], [21.9542, 52.3834], [21.9403, 52.4005], [21.9902, 52.4153], [21.9703, 52.4294], [21.9516, 52.4093], [21.9453, 52.4213], [22.0163, 52.4621], [21.9573, 52.4648], [22.017, 52.3791], [21.9798, 52.3836], [21.9601, 52.3773], [21.9959, 52.3877], [21.9995, 52.3798], [21.9673, 52.3783], [22.0077, 52.4484], [21.809, 52.4487], [21.8591, 52.4083], [21.8548, 52.4286], [22.0457, 52.3457], [21.9274, 52.3199], [21.9896, 52.4134], [21.9075, 52.4144], [21.921, 52.4005], [22.0642, 52.3642], [21.9918, 52.3909], [22.0228, 52.3704], [22.0312, 52.3836], [22.0607, 52.363], [22.0135, 52.3583], [21.9692, 52.3938], [22.0019, 52.3799], [22.0021, 52.3704], [21.9828, 52.3952], [21.9629, 52.3795], [21.9694, 52.375], [21.9877, 52.3139], [21.9088, 52.4063], [21.9466, 52.3352], [21.9909, 52.3252], [21.9582, 52.2932], [22.1032, 52.3111], [22.0392, 52.3769], [22.0796, 52.3795], [22.1209, 52.3667], [22.0002, 52.3832], [22.04, 52.4], [22.0583, 52.3898], [22.0257, 52.3952], [22.0485, 52.4037], [22.047, 52.3769], [22.059, 52.4196], [22.1243, 52.4411], [22.18, 52.4643], [22.0149, 52.392], [22.032, 52.3463], [22.0534, 52.3588], [22.0181, 52.3936], [22.0513, 52.4061], [22.0527, 52.3954], [21.9968, 52.3363], [22.1409, 52.4174], [22.1757, 52.3935], [22.0135, 52.3896], [21.9754, 52.3916], [21.9907, 52.3806], [21.9924, 52.3841], [22.0121, 52.4034], [22.0142, 52.3898], [21.9617, 52.366], [22.0882, 52.4318], [22.0782, 52.369], [21.9321, 52.3924], [22.0106, 52.3764], [22.005, 52.3482], [21.9691, 52.3966], [21.9748, 52.3801], [22.0036, 52.3935], [22.0083, 52.383], [22.0016, 52.354], [22.0356, 52.3769], [22.0074, 52.3815], [22.0188, 52.3554], [22.0221, 52.3477], [21.973, 52.332], [21.9314, 52.4287], [21.9253, 52.3806], [22.0305, 52.368], [22.0905, 52.3754], [22.1409, 52.3908], [21.9602, 52.3502], [22.0779, 52.3974], [22.0783, 52.3593], [22.038, 52.3993], [22.0635, 52.3971], [22.0533, 52.4218], [36.5208, 47.6985], [36.6012, 47.692], [36.6897, 47.7201]]]}}, {"type": "Feature", "properties": {"regionId": "56"}, "geometry": {"type": "Polygon", "coordinates": [[[37.8303, 47.9668], [21.9856, 52.3961], [22.0044, 52.3942], [22.0128, 52.3926], [37.8438, 47.9663], [37.8375, 47.9652], [37.8303, 47.9668]]]}}, {"type": "Feature", "properties": {"regionId": "51"}, "geometry": {"type": "Polygon", "coordinates": [[[38.1292, 48.0325], [22.0095, 52.3854], [22.021, 52.4026], [22.0235, 52.3958], [22.0008, 52.3635], [22.0316, 52.395], [22.0591, 52.3995], [22.0123, 52.4038], [22.0318, 52.3828], [22.0448, 52.3912], [22.0176, 52.4045], [22.0035, 52.3877], [22.0213, 52.3898], [22.0011, 52.4102], [22.0232, 52.4059], [22.0178, 52.3958], [22.0002, 52.3929], [22.0263, 52.3999], [22.027, 52.3921], [22.022, 52.3874], [21.9905, 52.4002], [21.9765, 52.3935], [21.9967, 52.4031], [21.9477, 52.4316], [21.9274, 52.4051], [21.9841, 52.3964], [21.9729, 52.385], [21.9722, 52.3755], [22.0097, 52.3934], [22.0138, 52.3631], [22.0356, 52.3727], [22.0247, 52.4046], [22.0509, 52.4221], [22.074, 52.4093], [22.0202, 52.3995], [22.0323, 52.3723], [22.0377, 52.3856], [22.0038, 52.4142], [21.9827, 52.4098], [21.9801, 52.4153], [22.0164, 52.4038], [22.0192, 52.4147], [22.0455, 52.4157], [21.9874, 52.413], [21.9875, 52.4334], [22.0192, 52.419], [21.9987, 52.4117], [22.0025, 52.4038], [22.0128, 52.4037], [22.0146, 52.394], [22.0003, 52.4129], [22.0149, 52.4019], [22.0217, 52.3916], [22.0041, 52.3866], [21.9957, 52.3806], [21.989, 52.3972], [22.0112, 52.3979], [22.0149, 52.4], [22.0101, 52.3894], [21.9957, 52.3894], [21.9957, 52.3857], [22.0245, 52.3934], [22.0291, 52.4076], [22.0313, 52.381], [21.9764, 52.3972], [21.9395, 52.4122], [21.9224, 52.3935], [22.0069, 52.3872], [22.019, 52.4008], [22.0256, 52.4009], [22.018, 52.3976], [22.0444, 52.4013], [22.0306, 52.3806], [22.0526, 52.3844], [22.027, 52.3472], [22.0768, 52.3181], [21.9866, 52.3882], [22.0549, 52.3831], [22.064, 52.3731], [22.0097, 52.402], [22.0275, 52.4271], [22.0441, 52.413], [22.0068, 52.3971], [22.0119, 52.4121], [22.0199, 52.4046], [22.0021, 52.3826], [22.0065, 52.3771], [22.0391, 52.3759], [22.0013, 52.4131], [21.9844, 52.4338], [22.0164, 52.4296], [22.0413, 52.4012], [21.998, 52.335], [22.0633, 52.3681], [22.0156, 52.397], [22.0251, 52.3717], [22.0626, 52.3921], [22.0867, 52.3873], [21.9854, 52.3358], [22.1067, 52.3551], [22.0193, 52.3969], [22.0334, 52.3914], [22.0519, 52.3907], [22.021, 52.3998], [22.0146, 52.4133], [22.0313, 52.4093], [22.0493, 52.3986], [22.1258, 52.3943], [22.185, 52.3958], [21.9707, 52.4571], [22.0641, 52.4646], [21.9658, 52.4847], [22.0445, 52.4971], [21.8159, 52.4238], [21.7837, 52.4717], [22.0178, 52.4098], [21.9985, 52.4044], [21.995, 52.406], [22.0105, 52.4035], [21.9953, 52.4087], [21.9915, 52.4116], [22.0035, 52.4038], [22.0109, 52.4036], [22.0092, 52.4097], [22.0144, 52.4005], [22.0032, 52.418], [22.0086, 52.4227], [21.9916, 52.3936], [21.9916, 52.3804], [21.9765, 52.3884], [21.9939, 52.4039], [22.0064, 52.4285], [22.0128, 52.4458], [21.9714, 52.4034], [21.9606, 52.4136], [21.9381, 52.4157], [21.9836, 52.4061], [21.9281, 52.4051], [21.9331, 52.4217], [22.0056, 52.4078], [21.9858, 52.4016], [21.9794, 52.4037], [21.9939, 52.4026], [22.0024, 52.4086], [21.9822, 52.406], [21.9458, 52.3982], [21.9392, 52.413], [21.958, 52.438], [21.9873, 52.414], [21.9687, 52.4292], [21.9787, 52.4491], [21.9717, 52.4474], [21.7745, 52.3909], [21.8499, 52.4634], [21.977, 52.4216], [22.0169, 52.4295], [22.0292, 52.4338], [21.9925, 52.4199], [22.03, 52.3963], [21.9971, 52.4278], [21.942, 52.3883], [21.9935, 52.4737], [21.9502, 52.4639], [21.9857, 52.396], [21.9717, 52.3908], [21.9779, 52.3806], [22.0105, 52.3886], [21.9747, 52.3916], [21.9602, 52.3935], [21.9927, 52.4066], [21.999, 52.3865], [21.9829, 52.3954], [21.9924, 52.4005], [22.0316, 52.3596], [21.9886, 52.3893], [21.9892, 52.3975], [21.979, 52.3819], [21.9637, 52.3907], [21.9822, 52.3937], [21.9879, 52.4065], [21.9673, 52.4032], [21.9674, 52.4016], [22.0286, 52.368], [21.9907, 52.369], [21.9165, 52.3746], [21.9767, 52.4645], [21.9246, 52.4407], [21.986, 52.378], [21.9663, 52.4058], [21.9338, 52.3884], [21.9881, 52.3978], [21.9971, 52.4135], [21.9858, 52.4157], [21.9718, 52.4067], [21.965, 52.4059], [21.9424, 52.4065], [21.9906, 52.3962], [22.0191, 52.3879], [22.0114, 52.3838], [21.9771, 52.4078], [21.9889, 52.3939], [21.9879, 52.3861], [21.9917, 52.4008], [21.9776, 52.392], [21.9794, 52.4019], [21.9864, 52.39], [21.9844, 52.4136], [21.9851, 52.4176], [21.9856, 52.4022], [22.0093, 52.4063], [22.0064, 52.4019], [22.0118, 52.3987], [22.0102, 52.3735], [22.0121, 52.3986], [22.0062, 52.4041], [22.008, 52.4101], [22.0043, 52.4171], [21.9909, 52.4185], [21.9807, 52.3824], [21.9723, 52.4037], [21.9748, 52.3997], [22.0291, 52.4174], [22.022, 52.4366], [22.0139, 52.4002], [22.0031, 52.4047], [21.9986, 52.406], [22.0115, 52.411], [21.9907, 52.4079], [21.9879, 52.4005], [22.0009, 52.3676], [21.9249, 52.4064], [21.9566, 52.3398], [21.9845, 52.3811], [22.0407, 52.3808], [22.0199, 52.3621], [21.9864, 52.401], [22.0016, 52.3929], [21.9922, 52.3926], [21.9805, 52.4065], [21.9822, 52.397], [21.9694, 52.3921], [21.993, 52.4064], [21.9803, 52.4025], [21.99, 52.3958], [21.9818, 52.4037], [21.9623, 52.4033], [21.9772, 52.3884], [22.0301, 52.392], [22.0389, 52.3812], [21.9922, 52.382], [22.0085, 52.3876], [21.9996, 52.3849], [21.9815, 52.3861], [21.9985, 52.3883], [22.0091, 52.3828], [22.0192, 52.3801], [22.0056, 52.3885], [21.9951, 52.3698], [22.0213, 52.3727], [22.0076, 52.3858], [21.9535, 52.3998], [21.9637, 52.3852], [21.9973, 52.3758], [22.0297, 52.3956], [22.0477, 52.3838], [21.9948, 52.3816], [21.9736, 52.3819], [22.0192, 52.3815], [21.9914, 52.3806], [22.0234, 52.3897], [22.0455, 52.3857], [21.9914, 52.3901], [22.0157, 52.386], [21.9986, 52.3801], [38.1286, 48.0399], [38.1259, 48.0384], [38.1292, 48.0325], [38.1437, 48.0414], [38.1428, 48.0411], [38.1292, 48.0325], [38.2437, 48.0353], [22.0093, 52.4015], [22.0171, 52.3911], [22.0128, 52.387], [38.2561, 48.0278], [38.2442, 48.0322], [38.2437, 48.0353], [38.2565, 48.039], [22.0043, 52.3943], [22.0167, 52.3817], [22.0242, 52.3792], [38.2679, 48.0195], [38.2512, 48.0293], [38.2565, 48.039], [38.248, 47.9584], [38.2649, 47.939], [38.2267, 47.9595], [38.248, 47.9584], [38.2202, 47.9695], [22.0196, 52.4015], [22.0079, 52.3975], [21.9964, 52.3958], [38.2047, 47.9661], [38.2159, 47.9733], [38.2202, 47.9695], [38.2231, 47.9867], [22.0006, 52.3987], [22.0051, 52.3955], [22.0007, 52.3954], [38.2227, 47.9829], [38.2202, 47.9863], [38.2231, 47.9867], [38.3191, 47.9885], [22.0029, 52.3956], [21.9793, 52.3853], [21.9808, 52.3917], [38.3022, 47.9839], [38.3158, 47.982], [38.3191, 47.9885], [38.2857, 47.9917], [22.0077, 52.3934], [22.015, 52.3797], [22.0007, 52.3769], [21.9924, 52.4127], [21.946, 52.3865], [21.9616, 52.3995], [22.0225, 52.407], [22.0482, 52.4098], [22.0135, 52.4093], [38.261, 47.9837], [38.2814, 47.9935], [38.2857, 47.9917], [38.3234, 48.0038], [22.0055, 52.3917], [22.0223, 52.3995], [22.0135, 52.388], [38.3258, 47.9883], [38.3078, 48.0132], [38.3234, 48.0038], [38.1292, 48.0325]]]}}, {"type": "Feature", "properties": {"regionId": "78"}, "geometry": {"type": "Polygon", "coordinates": [[[31.7893, 49.7164], [22.0059, 52.4194], [22.0371, 52.4404], [22.0562, 52.4463], [21.9913, 52.4175], [21.9995, 52.4264], [22.0213, 52.4361], [22.026, 52.4851], [22.1421, 52.3683], [22.121, 52.4518], [22.0059, 52.4075], [21.9824, 52.4319], [21.9914, 52.4361], [22.0041, 52.4081], [22.06, 52.4303], [22.0733, 52.419], [22.0244, 52.4258], [21.938, 52.4198], [21.9274, 52.4167], [21.9917, 52.426], [22.008, 52.4572], [22.0548, 52.4666], [22.0248, 52.4023], [21.9979, 52.4277], [21.9843, 52.4167], [21.9858, 52.42], [21.9835, 52.4256], [22.0192, 52.4153], [22.007, 52.4192], [22.0376, 52.4375], [22.0278, 52.4509], [22.0236, 52.41], [22.0315, 52.3969], [22.0484, 52.3884], [22.0263, 52.3971], [22.0495, 52.4345], [22.069, 52.4393], [22.0056, 52.401], [21.964, 52.4296], [21.9908, 52.4491], [21.9864, 52.4031], [21.9761, 52.4094], [21.9985, 52.4111], [22.0603, 52.4171], [22.0363, 52.4568], [22.0598, 52.4856], [21.9778, 52.4243], [21.9382, 52.392], [21.9153, 52.4032], [21.9629, 52.4138], [21.9058, 52.4334], [21.953, 52.381], [22.0263, 52.3623], [21.906, 52.4265], [21.8655, 52.4139], [21.9652, 52.4235], [21.9349, 52.4455], [21.8812, 52.4347], [21.9367, 52.4169], [21.9576, 52.3326], [21.9025, 52.3209], [21.976, 52.3989], [22.001, 52.3652], [21.9936, 52.3523], [21.9773, 52.4056], [21.967, 52.3952], [21.9573, 52.3838], [21.9183, 52.371], [21.99, 52.47], [21.8726, 52.4421], [21.981, 52.3967], [22.0197, 52.376], [21.9737, 52.3824], [21.9795, 52.4004], [21.9982, 52.39], [21.9908, 52.3838], [21.9855, 52.403], [22.0016, 52.4085], [21.9872, 52.4134], [21.9836, 52.4094], [21.9771, 52.3782], [21.9587, 52.3681], [21.9913, 52.4219], [21.9232, 52.4249], [21.9481, 52.4009], [22.0289, 52.3738], [22.1124, 52.2813], [21.9908, 52.3176], [21.965, 52.4074], [21.9036, 52.3742], [21.9175, 52.4157], [21.8701, 52.3849], [21.9467, 52.4416], [21.9353, 52.4917], [21.9871, 52.422], [21.8874, 52.4279], [21.9559, 52.4722], [22.0053, 52.4156], [22.0282, 52.4117], [22.0484, 52.4106], [21.9782, 52.4205], [22.0159, 52.4201], [22.0078, 52.4292], [21.9872, 52.4309], [22.0146, 52.4625], [21.9217, 52.4588], [21.9654, 52.4393], [21.9187, 52.4338], [21.8669, 52.4222], [21.9789, 52.3907], [22.0004, 52.4154], [21.9822, 52.4083], [21.9741, 52.4105], [21.9731, 52.3997], [21.9466, 52.3968], [22.0269, 52.3846], [21.9398, 52.3954], [21.9281, 52.363], [21.9981, 52.4058], [21.9477, 52.4077], [21.9623, 52.3949], [22.0373, 52.379], [21.9766, 52.3575], [21.9452, 52.3634], [22.0086, 52.3826], [21.9605, 52.3676], [21.9438, 52.387], [21.973, 52.392], [22.0147, 52.3501], [21.953, 52.3718], [22.0071, 52.4045], [21.997, 52.4047], [21.995, 52.4051], [22.0173, 52.4206], [21.9878, 52.401], [21.968, 52.4014], [22.0043, 52.3936], [21.9984, 52.3763], [21.9986, 52.3764], [21.9926, 52.4043], [21.9935, 52.4144], [21.9815, 52.4097], [21.9985, 52.3832], [22.029, 52.3434], [22.0555, 52.3287], [21.9897, 52.3921], [21.9805, 52.3792], [22.005, 52.3778], [22.0181, 52.4118], [22.0641, 52.3837], [22.0334, 52.3722], [22.0012, 52.3859], [22.0252, 52.3956], [22.0263, 52.3815], [22.025, 52.3183], [22.1415, 52.3591], [22.1864, 52.2898], [21.9915, 52.3757], [22.0362, 52.3794], [22.0434, 52.3616], [21.9943, 52.3646], [22.0688, 52.3505], [22.0925, 52.3222], [22.0741, 52.3871], [22.1059, 52.3992], [22.1387, 52.3588], [22.0704, 52.371], [22.1173, 52.4085], [22.0982, 52.4301], [22.3007, 52.4498], [22.0128, 52.3384], [22.2234, 52.263], [21.9935, 52.436], [22.0409, 52.4217], [22.0562, 52.4486], [22.0286, 52.4396], [22.058, 52.3968], [22.0448, 52.3634], [31.719, 49.7259], [31.7568, 49.7149], [31.7893, 49.7164]]]}}, {"type": "Feature", "properties": {"regionId": "144"}, "geometry": {"type": "Polygon", "coordinates": [[[32.646, 51.3678], [22.0069, 52.4018], [21.9981, 52.4046], [21.9957, 52.406], [32.6405, 51.3709], [32.6407, 51.3684], [32.646, 51.3678]]]}}, {"type": "Feature", "properties": {"regionId": "126"}, "geometry": {"type": "Polygon", "coordinates": [[[35.034, 50.0214], [21.9601, 52.3579], [22.0578, 52.3296], [21.9972, 52.3079], [21.9835, 52.3718], [21.8868, 52.324], [21.9345, 52.3009], [22.0179, 52.3901], [21.9753, 52.3897], [21.9858, 52.3824], [22.0599, 52.399], [22.1097, 52.3031], [22.1765, 52.3398], [22.0623, 52.4005], [21.9984, 52.3879], [22.0199, 52.3787], [22.0319, 52.3801], [22.0764, 52.3949], [22.111, 52.3861], [22.0156, 52.3866], [22.0406, 52.3857], [22.0555, 52.3755], [21.9885, 52.3878], [22.0153, 52.371], [21.9872, 52.3741], [21.9951, 52.3865], [22.0061, 52.368], [22.0028, 52.3505], [22.0232, 52.3514], [22.0812, 52.4131], [22.037, 52.3375], [22.0226, 52.3853], [22.051, 52.3972], [22.0797, 52.3898], [22.0224, 52.3709], [22.0603, 52.3867], [22.101, 52.388], [22.0172, 52.4109], [22.0435, 52.3923], [22.0491, 52.3972], [22.016, 52.4011], [22.031, 52.4], [22.0491, 52.394], [22.0275, 52.369], [22.1177, 52.3863], [22.0996, 52.4287], [22.1046, 52.4082], [22.0601, 52.4077], [22.0576, 52.4528], [21.9871, 52.4094], [21.9605, 52.4017], [21.9936, 52.4194], [22.0142, 52.4481], [22.0608, 52.3721], [22.0263, 52.4597], [22.0305, 52.4088], [22.0429, 52.403], [22.064, 52.4157], [22.0242, 52.3919], [22.0025, 52.3818], [22.0171, 52.3796], [22.0359, 52.3977], [22.0395, 52.3838], [22.0413, 52.4065], [22.0341, 52.4084], [21.9749, 52.4222], [22.0192, 52.443], [22.0393, 52.4047], [22.0271, 52.4123], [22.0334, 52.4287], [22.0052, 52.4088], [21.9921, 52.4097], [22.0021, 52.4199], [21.9948, 52.4021], [21.9908, 52.3971], [21.9822, 52.4042], [21.9904, 52.4023], [21.9805, 52.4071], [21.9673, 52.4065], [22.0025, 52.4058], [22.0055, 52.4129], [21.9922, 52.4125], [21.9865, 52.3821], [21.976, 52.3946], [21.9964, 52.4079], [21.9843, 52.3976], [21.972, 52.4166], [21.9744, 52.3991], [22.011, 52.3965], [21.9548, 52.3964], [21.9715, 52.4051], [22.0353, 52.393], [22.0628, 52.4269], [22.0498, 52.4444], [21.99, 52.4094], [22.0404, 52.3955], [22.0185, 52.406], [22.012, 52.4112], [21.9692, 52.397], [21.9772, 52.4079], [21.994, 52.4051], [21.9916, 52.4255], [21.9801, 52.412], [21.9833, 52.4041], [22.0366, 52.4232], [22.0263, 52.4278], [21.979, 52.4006], [21.9936, 52.4024], [22.005, 52.4069], [22.013, 52.4065], [22.0064, 52.4141], [22.0285, 52.413], [21.9826, 52.405], [21.9799, 52.416], [21.9879, 52.4273], [21.9964, 52.41], [21.9743, 52.4159], [21.9865, 52.4287], [22.0391, 52.4097], [22.0192, 52.368], [22.0491, 52.3583], [22.0015, 52.4097], [22.0109, 52.3995], [22.0221, 52.4037], [22.0134, 52.4167], [22.0429, 52.4101], [22.0548, 52.4153], [21.987, 52.4135], [21.9952, 52.4123], [22.0199, 52.412], [22.0548, 52.3944], [22.0078, 52.4113], [22.0249, 52.4296], [22.0547, 52.3871], [22.0155, 52.4614], [22.0897, 52.444], [21.9965, 52.4177], [21.9905, 52.4302], [21.9587, 52.4324], [22.0166, 52.4085], [22.0669, 52.4083], [22.0569, 52.4236], [21.9762, 52.4192], [22.007, 52.4043], [22.0156, 52.4042], [22.0138, 52.4047], [22.0248, 52.4182], [22.0306, 52.4287], [22.0118, 52.41], [22.0341, 52.4145], [22.0363, 52.4305], [21.9767, 52.4097], [21.9947, 52.4347], [21.9765, 52.4343], [22.0334, 52.4007], [22.0208, 52.4239], [21.995, 52.4296], [21.9936, 52.3897], [21.951, 52.4098], [21.9772, 52.4167], [22.126, 52.4384], [21.9694, 52.4889], [21.9032, 52.4741], [21.9511, 52.3958], [21.914, 52.3776], [21.8726, 52.3903], [21.9768, 52.4057], [21.9769, 52.3746], [21.9523, 52.3912], [21.9856, 52.3957], [21.9796, 52.3944], [21.9772, 52.4051], [21.9748, 52.3858], [21.9552, 52.3866], [21.9744, 52.3699], [21.9717, 52.3666], [21.9269, 52.3399], [21.8655, 52.3486], [21.961, 52.3922], [22.0494, 52.3949], [22.0107, 52.3796], [21.9644, 52.3768], [21.9672, 52.3674], [21.9331, 52.3907], [21.9677, 52.4065], [21.9384, 52.389], [21.8982, 52.3912], [22.0547, 52.3519], [21.952, 52.3869], [21.9225, 52.3995], [21.9927, 52.4159], [21.9796, 52.4231], [21.9708, 52.4042], [21.9593, 52.3988], [21.9752, 52.3952], [21.9723, 52.3731], [21.9636, 52.4165], [21.9426, 52.4347], [21.9203, 52.4009], [21.9825, 52.3918], [22.0162, 52.3861], [22.0221, 52.3815], [22.0133, 52.3939], [21.9608, 52.3804], [21.9459, 52.387], [21.9844, 52.4004], [21.9898, 52.3794], [21.9893, 52.3722], [21.9948, 52.3945], [21.9736, 52.3996], [21.9701, 52.3907], [21.9809, 52.4006], [21.9634, 52.4159], [21.9616, 52.3996], [21.9573, 52.4191], [21.9445, 52.405], [21.9111, 52.3856], [21.9565, 52.3951], [21.9658, 52.3723], [21.9374, 52.35], [21.9763, 52.3976], [22.0014, 52.4195], [21.9687, 52.419], [35.0002, 50.0562], [35.1177, 50.0307], [35.034, 50.0214]]]}}, {"type": "Feature", "properties": {"regionId": "125"}, "geometry": {"type": "Polygon", "coordinates": [[[36.8263, 48.6643], [22.0235, 52.3978], [22.0486, 52.3874], [22.0704, 52.3958], [21.9796, 52.3792], [22.0233, 52.3716], [22.0491, 52.3713], [22.0058, 52.4485], [22.0834, 52.417], [22.1274, 52.4208], [22.0241, 52.3861], [22.0385, 52.3696], [22.0648, 52.357], [22.0516, 52.4165], [21.943, 52.4235], [21.9751, 52.4468], [22.027, 52.4353], [22.0751, 52.3956], [22.0939, 52.4528], [22.0394, 52.4027], [22.0844, 52.3427], [22.0954, 52.3792], [22.0073, 52.4204], [21.9825, 52.4505], [22.0156, 52.4565], [22.0145, 52.4158], [22.0141, 52.4247], [22.0448, 52.4217], [22.0362, 52.4278], [22.0861, 52.399], [22.0754, 52.4292], [21.9733, 52.4021], [21.9785, 52.4113], [21.9922, 52.419], [21.9912, 52.3996], [21.9768, 52.4067], [21.9893, 52.4102], [21.9944, 52.4016], [21.9747, 52.3995], [21.9893, 52.406], [21.9983, 52.4062], [22.0126, 52.41], [22.0171, 52.4051], [21.9955, 52.4057], [22.0172, 52.406], [22.0021, 52.4074], [21.9736, 52.4055], [22.0288, 52.4059], [22.0256, 52.418], [22.0172, 52.3995], [22.0104, 52.3871], [22.0228, 52.3884], [22.0141, 52.4081], [21.9909, 52.4409], [22.0256, 52.4329], [21.9975, 52.4071], [21.9852, 52.4206], [21.9979, 52.4255], [22.0227, 52.4007], [22.0278, 52.4125], [22.0491, 52.4116], [22.0028, 52.3896], [22.017, 52.407], [22.0107, 52.3935], [22.0077, 52.3991], [22.0228, 52.4029], [22.0306, 52.4023], [22.0744, 52.4338], [21.945, 52.4381], [22.079, 52.4592], [22.0507, 52.414], [22.0029, 52.417], [21.9836, 52.4292], [22.0113, 52.4065], [22.0212, 52.3866], [22.0214, 52.3981], [22.005, 52.4257], [21.9617, 52.4289], [21.9445, 52.4393], [22.0222, 52.468], [22.1697, 52.4478], [22.2547, 52.4264], [22.0336, 52.3953], [22.0615, 52.3923], [22.0861, 52.3954], [22.0101, 52.4317], [22.0264, 52.4439], [22.0655, 52.4546], [21.9678, 52.4179], [22.0209, 52.4208], [22.0413, 52.4231], [22.0204, 52.436], [21.8993, 52.4163], [21.9296, 52.4555], [22.0122, 52.4338], [22.0226, 52.5132], [21.9616, 52.5083], [22.0013, 52.4169], [22.0144, 52.4411], [21.9943, 52.4495], [22.0042, 52.4031], [22.0106, 52.4131], [22.0021, 52.4028], [21.9886, 52.3953], [21.9646, 52.4073], [21.9623, 52.3944], [21.9688, 52.4087], [21.9538, 52.4137], [21.9224, 52.4245], [21.9494, 52.4015], [21.9343, 52.3467], [21.9061, 52.3329], [21.9766, 52.399], [21.9596, 52.3897], [21.936, 52.3843], [22.0011, 52.4186], [21.9723, 52.4079], [21.953, 52.4153], [21.9885, 52.4331], [21.921, 52.4236], [21.899, 52.4648], [21.9766, 52.4183], [21.9395, 52.3758], [21.9666, 52.4305], [21.9576, 52.4122], [21.906, 52.359], [21.8527, 52.3963], [21.9777, 52.4037], [21.9521, 52.4047], [21.9281, 52.4028], [21.9958, 52.4205], [22.0096, 52.4797], [21.9452, 52.4472], [21.9814, 52.3822], [21.9677, 52.3999], [21.9587, 52.4093], [21.964, 52.457], [21.9812, 52.4171], [21.9281, 52.425], [21.9875, 52.4469], [21.9171, 52.4058], [21.9146, 52.3764], [21.9839, 52.3986], [21.9734, 52.4046], [21.973, 52.3903], [21.9232, 52.4227], [22.0064, 52.4536], [21.9068, 52.4468], [22.0025, 52.3725], [21.9482, 52.3665], [21.9175, 52.3532], [21.9753, 52.3813], [21.9658, 52.3792], [21.916, 52.3949], [21.9758, 52.4016], [21.9545, 52.3686], [21.9295, 52.3579], [21.9669, 52.4079], [21.9514, 52.4025], [21.9395, 52.3805], [21.9845, 52.3961], [21.9817, 52.4083], [21.9708, 52.4107], [21.9849, 52.3975], [21.9395, 52.408], [21.9751, 52.3972], [21.9891, 52.3939], [21.9696, 52.3987], [21.9815, 52.3801], [22.018, 52.3951], [22.0413, 52.3965], [22.0462, 52.3921], [22.0023, 52.4194], [22.0163, 52.4092], [22.0313, 52.4009], [22.017, 52.3978], [22.0091, 52.3862], [22.0149, 52.3773], [21.9839, 52.4006], [21.9707, 52.3979], [21.9722, 52.3856], [21.9883, 52.4055], [21.9833, 52.4101], [21.9658, 52.4014], [22.0509, 52.3726], [21.9387, 52.3157], [22.0206, 52.3111], [22.0274, 52.3941], [22.0345, 52.3834], [22.0405, 52.3722], [22.0105, 52.3959], [22.0296, 52.4079], [22.0292, 52.3958], [21.9801, 52.353], [22.0724, 52.3623], [22.0555, 52.3287], [21.994, 52.3917], [21.9653, 52.4157], [21.9601, 52.394], [21.9834, 52.3906], [22.0028, 52.3982], [22.0085, 52.3912], [22.0164, 52.3951], [22.0055, 52.382], [22.0228, 52.3764], [22.042, 52.3898], [22.0509, 52.3848], [22.0334, 52.3565], [22.0733, 52.3909], [21.9252, 52.3112], [21.973, 52.2889], [22.0168, 52.3879], [22.0081, 52.4079], [22.0213, 52.4037], [22.0161, 52.3996], [21.9995, 52.3952], [22.0036, 52.3894], [22.0089, 52.3633], [22.0044, 52.3208], [22.0562, 52.3468], [22.0129, 52.3928], [22.0296, 52.4086], [22.0384, 52.4014], [21.9917, 52.38], [22.049, 52.4008], [22.0242, 52.3792], [21.9729, 52.3837], [22.012, 52.3867], [22.0185, 52.3755], [22.0041, 52.3693], [22.0259, 52.3419], [22.0427, 52.3269], [22.004, 52.3664], [21.9633, 52.3966], [21.9395, 52.3727], [21.9842, 52.3708], [21.9736, 52.389], [21.9495, 52.3787], [36.7902, 48.7089], [36.7716, 48.6674], [36.8263, 48.6643]]]}}, {"type": "Feature", "properties": {"regionId": "85"}, "geometry": {"type": "Polygon", "coordinates": [[[38.3234, 48.9526], [21.9832, 52.3968], [21.975, 52.388], [21.9986, 52.3921], [38.3374, 48.9349], [38.3251, 48.9503], [38.3234, 48.9526], [37.9883, 49.092], [21.9969, 52.3707], [22.0415, 52.3855], [22.064, 52.3824], [22.0146, 52.3977], [21.9719, 52.3899], [21.9843, 52.3893], [22.026, 52.374], [21.9071, 52.3597], [22.0256, 52.3333], [22.0091, 52.4023], [22.1017, 52.3682], [22.0939, 52.4023], [22.0016, 52.4128], [21.9848, 52.4115], [22.0093, 52.425], [21.9958, 52.4287], [22.0701, 52.3967], [22.0441, 52.4259], [22.0508, 52.4181], [22.0865, 52.3807], [22.1188, 52.3884], [22.0263, 52.4132], [21.9984, 52.3629], [22.0107, 52.3903], [22.0419, 52.4243], [22.0977, 52.4057], [22.1523, 52.4134], [21.9998, 52.404], [22.0418, 52.4089], [22.0121, 52.4153], [22.0088, 52.4007], [22.034, 52.4086], [22.0164, 52.4116], [21.9298, 52.3793], [21.9575, 52.4298], [21.9573, 52.4509], [22.0332, 52.402], [22.076, 52.4172], [22.0647, 52.4356], [21.9991, 52.4079], [22.0272, 52.4142], [22.0178, 52.3995], [22.012, 52.3973], [22.0253, 52.407], [22.0356, 52.4009], [21.9902, 52.3719], [22.0558, 52.391], [22.0747, 52.3815], [22.0051, 52.4185], [22.0368, 52.4379], [22.0334, 52.463], [22.046, 52.3915], [22.0392, 52.4279], [22.0349, 52.4472], [21.9252, 52.4081], [21.9958, 52.4451], [22.0285, 52.4435], [22.0672, 52.398], [21.9896, 52.3154], [22.0633, 52.3361], [22.0417, 52.3848], [22.0776, 52.3843], [22.111, 52.4037], [22.0248, 52.4118], [22.0816, 52.3933], [22.0712, 52.4213], [22.0408, 52.4171], [21.9296, 52.4403], [21.995, 52.4625], [22.0657, 52.466], [21.996, 52.4867], [22.0149, 52.5463], [22.0, 52.4275], [22.0223, 52.4181], [22.0463, 52.4231], [21.965, 52.4324], [22.016, 52.4023], [21.9915, 52.4315], [22.0518, 52.4217], [21.9538, 52.4689], [21.9367, 52.4671], [21.9952, 52.392], [21.9824, 52.4058], [21.9701, 52.4037], [21.9982, 52.3809], [21.9788, 52.3982], [21.9722, 52.3875], [21.9448, 52.3794], [21.9735, 52.4275], [21.968, 52.4435], [22.0219, 52.4073], [21.9986, 52.4298], [22.0463, 52.4287], [22.016, 52.4161], [22.0472, 52.4387], [22.0797, 52.4352], [21.9906, 52.405], [22.0008, 52.4136], [22.0014, 52.4176], [21.9986, 52.4096], [21.9848, 52.4159], [22.0021, 52.4204], [22.006, 52.4051], [21.9976, 52.4033], [21.9929, 52.4042], [21.9962, 52.4035], [21.9927, 52.4133], [21.9844, 52.4097], [21.9835, 52.3982], [21.9646, 52.3965], [21.9488, 52.3968], [21.9853, 52.4185], [21.957, 52.4133], [21.9381, 52.4162], [21.9939, 52.4109], [21.9823, 52.4169], [21.9637, 52.4153], [21.9814, 52.4139], [21.9844, 52.4355], [21.9488, 52.4384], [21.9728, 52.436], [22.0514, 52.4472], [21.9936, 52.4722], [21.9521, 52.2965], [21.9554, 52.4056], [21.8541, 52.3565], [21.9292, 52.3819], [21.945, 52.4379], [21.8897, 52.4384], [21.9862, 52.3738], [21.976, 52.3859], [21.9473, 52.3954], [21.9567, 52.4052], [21.9806, 52.4262], [21.9659, 52.4449], [21.9785, 52.4138], [21.9988, 52.4448], [21.9666, 52.4486], [21.9609, 52.3779], [21.9088, 52.3881], [21.8641, 52.3903], [22.0085, 52.3632], [22.0083, 52.3259], [22.0434, 52.2986], [21.9718, 52.3949], [21.9742, 52.3752], [21.9424, 52.3727], [22.0002, 52.392], [22.0125, 52.3883], [21.9936, 52.3843], [21.9889, 52.396], [21.9746, 52.3874], [21.9687, 52.3861], [22.0147, 52.4426], [21.8243, 52.3897], [21.9659, 52.3218], [21.9738, 52.3826], [21.8743, 52.3987], [21.9367, 52.3551], [22.0512, 52.3806], [21.9855, 52.3746], [21.9687, 52.3505], [21.985, 52.3959], [21.9814, 52.4059], [21.9801, 52.4134], [21.9844, 52.3955], [21.9644, 52.3636], [21.9801, 52.3514], [22.0115, 52.3797], [22.0546, 52.4099], [22.0584, 52.3875], [21.9717, 52.3949], [22.0005, 52.3711], [22.0149, 52.3602], [21.994, 52.3973], [21.9951, 52.3918], [22.0029, 52.3935], [22.0331, 52.3949], [21.9573, 52.3921], [21.9516, 52.381], [22.0195, 52.3817], [21.9859, 52.3893], [21.9872, 52.3727], [21.9914, 52.3931], [21.9605, 52.4024], [21.9673, 52.3801], [21.9784, 52.3972], [22.0059, 52.3835], [22.0114, 52.3759], [21.9868, 52.3913], [21.9515, 52.4055], [21.9452, 52.3986], [21.9602, 52.3644], [22.0507, 52.3914], [22.0192, 52.3639], [21.8833, 52.3696], [21.9416, 52.3834], [21.926, 52.3107], [22.0493, 52.4087], [22.0274, 52.3711], [22.0519, 52.3523], [22.0036, 52.372], [21.9576, 52.3189], [22.005, 52.3125], [22.0808, 52.3904], [22.0584, 52.373], [21.9979, 52.3588], [38.0506, 49.1066], [37.9596, 49.1147], [37.9883, 49.092], [38.3234, 48.9526]]]}}, {"type": "Feature", "properties": {"regionId": "146"}, "geometry": {"type": "Polygon", "coordinates": [[[34.607, 47.0133], [22.0628, 52.3971], [21.9936, 52.453], [22.079, 52.444], [22.0129, 52.3214], [22.2117, 52.435], [22.264, 52.3908], [21.9798, 52.378], [22.0659, 52.382], [22.0982, 52.3875], [21.9877, 52.3133], [22.0788, 52.3418], [22.1494, 52.3588], [22.0283, 52.3635], [22.0364, 52.4259], [22.0719, 52.4199], [22.0044, 52.4152], [21.9877, 52.4374], [22.0313, 52.4347], [22.0161, 52.3666], [22.0716, 52.3804], [22.0776, 52.4199], [22.0601, 52.3866], [22.0203, 52.4326], [22.0548, 52.4199], [22.0539, 52.3692], [22.0481, 52.4193], [22.1096, 52.3889], [22.069, 52.3227], [22.0377, 52.47], [22.0782, 52.4588], [22.0153, 52.4321], [22.0495, 52.415], [22.0641, 52.4315], [21.9718, 52.4039], [22.0148, 52.4284], [22.0192, 52.4324], [21.935, 52.4321], [22.0509, 52.4834], [22.0768, 52.5171], [21.8494, 52.3883], [21.899, 52.4983], [21.8655, 52.5689], [21.9139, 52.3946], [21.8762, 52.4075], [21.8492, 52.4472], [21.9577, 52.3887], [21.9448, 52.4194], [21.9267, 52.4176], [21.9883, 52.3939], [21.9467, 52.3775], [21.9545, 52.3597], [22.0193, 52.354], [21.9281, 52.4149], [21.9004, 52.375], [21.9645, 52.2303], [21.6216, 52.3339], [21.4571, 52.3551], [21.9067, 52.4134], [21.8392, 52.3659], [21.7488, 52.3667], [21.9061, 52.4007], [21.8352, 52.3588], [21.7438, 52.3528], [22.0603, 52.3821], [22.1123, 52.4092], [22.1081, 52.3482], [22.01, 52.3521], [22.0375, 52.3151], [22.0456, 52.2607], [22.0067, 52.378], [22.0276, 52.4015], [22.0384, 52.4102], [22.0468, 52.3993], [22.0565, 52.3909], [22.0896, 52.4097], [21.9647, 52.4303], [22.0932, 52.436], [22.0911, 52.4282], [21.9977, 52.3914], [22.0153, 52.3881], [21.9872, 52.387], [21.971, 52.4047], [21.9868, 52.3686], [21.9957, 52.3653], [22.0304, 52.4077], [22.0223, 52.3956], [22.0342, 52.3875], [34.5627, 47.1112], [34.5944, 47.087], [34.607, 47.0133]]]}}, {"type": "Feature", "properties": {"regionId": "54"}, "geometry": {"type": "Polygon", "coordinates": [[[37.9484, 48.1774], [22.0154, 52.4053], [21.9832, 52.4012], [21.9915, 52.3972], [37.94, 48.1746], [37.9485, 48.1777], [37.9484, 48.1774], [37.8773, 48.188], [21.9884, 52.4012], [21.9894, 52.3873], [22.0, 52.3861], [37.8643, 48.181], [37.8791, 48.1828], [37.8773, 48.188], [37.9484, 48.1774]]]}}, {"type": "Feature", "properties": {"regionId": "134"}, "geometry": {"type": "Polygon", "coordinates": [[[26.2422, 49.0248], [22.002, 52.4108], [22.0181, 52.4039], [22.0064, 52.3977], [22.0055, 52.3992], [22.0114, 52.4083], [22.0107, 52.3977], [22.022, 52.3881], [22.0293, 52.3694], [22.0334, 52.3528], [22.0274, 52.3977], [21.9833, 52.4252], [22.0128, 52.4213], [21.9948, 52.4091], [21.9795, 52.4256], [22.0121, 52.4069], [22.0032, 52.4051], [22.0001, 52.4396], [22.027, 52.4259], [22.0143, 52.3987], [22.0227, 52.4089], [22.0413, 52.3898], [22.0033, 52.378], [22.0545, 52.3911], [22.0733, 52.3843], [22.0464, 52.3832], [21.9699, 52.3651], [22.0171, 52.3352], [22.0136, 52.3569], [22.1663, 52.3728], [22.1046, 52.3269], [21.9894, 52.3851], [22.0159, 52.3951], [22.0221, 52.3894], [22.0212, 52.3898], [22.0868, 52.3743], [22.0462, 52.4005], [21.9822, 52.4091], [21.9744, 52.4038], [21.9744, 52.4148], [22.039, 52.4147], [22.032, 52.3581], [22.0825, 52.4116], [22.0178, 52.4067], [21.9886, 52.4218], [21.9851, 52.4273], [22.0108, 52.4078], [22.0358, 52.4133], [22.0142, 52.4204], [22.0281, 52.4083], [22.0613, 52.4005], [22.0889, 52.406], [22.0246, 52.3935], [22.0381, 52.3872], [22.0555, 52.3856], [22.0086, 52.4118], [22.0117, 52.415], [22.032, 52.4139], [22.011, 52.3905], [22.0313, 52.3757], [22.0569, 52.3718], [21.9787, 52.3865], [22.0238, 52.3604], [22.032, 52.3778], [21.9986, 52.4238], [22.0156, 52.4028], [22.0292, 52.3977], [22.0211, 52.3841], [22.0349, 52.3944], [22.0512, 52.3884], [22.0022, 52.3899], [22.0049, 52.3803], [22.0278, 52.3843], [21.9899, 52.3768], [22.0606, 52.411], [22.0676, 52.3852], [22.0061, 52.3845], [21.9917, 52.3734], [22.0192, 52.3648], [21.986, 52.4134], [22.0117, 52.4041], [22.0299, 52.4065], [22.0653, 52.394], [21.9928, 52.3654], [22.1032, 52.3695], [22.0295, 52.3866], [22.0245, 52.3887], [22.0334, 52.4], [22.0066, 52.4064], [22.0103, 52.4082], [22.0214, 52.406], [22.0072, 52.4038], [22.0031, 52.4103], [22.0142, 52.4088], [22.0261, 52.4018], [22.0562, 52.3772], [22.0697, 52.3991], [21.9944, 52.4095], [22.0134, 52.422], [22.0213, 52.4194], [21.9977, 52.4164], [21.9862, 52.4235], [21.9772, 52.4412], [21.9809, 52.4134], [22.015, 52.4398], [22.0249, 52.4593], [22.0144, 52.4103], [22.0299, 52.4232], [22.0733, 52.4139], [22.0241, 52.4015], [21.9944, 52.4118], [21.9879, 52.4171], [22.0074, 52.4109], [22.0394, 52.4218], [22.0121, 52.4352], [22.0137, 52.4189], [22.0469, 52.3939], [22.0434, 52.4167], [22.0183, 52.3888], [22.0574, 52.3749], [22.0598, 52.4014], [21.9899, 52.4353], [22.0606, 52.4306], [22.0868, 52.4074], [22.0125, 52.3924], [22.0221, 52.393], [22.037, 52.3982], [22.0041, 52.403], [22.0279, 52.3899], [22.0235, 52.3981], [22.0121, 52.4047], [22.0184, 52.4136], [22.0107, 52.4181], [22.0111, 52.4023], [22.021, 52.4004], [22.0228, 52.4088], [22.0215, 52.4008], [21.9861, 52.432], [22.0121, 52.4162], [22.0198, 52.3846], [22.0048, 52.3918], [22.027, 52.4037], [22.0119, 52.3888], [22.0129, 52.3912], [22.0356, 52.3884], [22.0067, 52.382], [22.0359, 52.4068], [22.0505, 52.4083], [22.0046, 52.4337], [21.962, 52.4208], [21.9594, 52.45], [22.0194, 52.4107], [22.0074, 52.4157], [21.9907, 52.4278], [22.0149, 52.419], [22.0102, 52.4317], [22.0064, 52.4528], [22.0139, 52.4261], [21.9613, 52.4307], [21.9559, 52.4514], [22.0373, 52.4006], [22.0015, 52.4073], [21.9993, 52.4153], [22.0203, 52.411], [22.0221, 52.4205], [22.0391, 52.4389], [22.0045, 52.4233], [21.975, 52.3888], [21.9666, 52.4097], [21.9903, 52.4128], [21.9791, 52.4009], [21.9666, 52.4093], [21.8817, 52.4035], [22.0805, 52.4577], [21.9623, 52.4537], [21.9742, 52.4033], [21.9978, 52.4624], [22.027, 52.4287], [22.0315, 52.4022], [22.008, 52.4224], [22.0206, 52.4319], [21.9947, 52.414], [21.9558, 52.4147], [21.9673, 52.4301], [22.1088, 52.4718], [22.0142, 52.4443], [22.0014, 52.5152], [22.0471, 52.3965], [22.104, 52.4485], [22.0349, 52.4319], [21.9641, 52.3978], [21.9607, 52.4373], [21.9175, 52.4384], [21.9639, 52.4072], [22.0433, 52.4332], [21.995, 52.4417], [21.9825, 52.4009], [21.9788, 52.3931], [21.958, 52.3995], [21.9956, 52.3789], [21.9861, 52.396], [21.9758, 52.4042], [21.9979, 52.414], [21.9718, 52.4239], [21.9829, 52.4398], [21.9766, 52.4081], [21.9968, 52.4353], [21.9915, 52.444], [21.9791, 52.3913], [21.9675, 52.4046], [21.9552, 52.4148], [21.9936, 52.4099], [21.9695, 52.3757], [21.9751, 52.4], [21.9688, 52.4021], [21.9667, 52.3969], [21.9701, 52.3764], [21.923, 52.3685], [21.9516, 52.4622], [21.8869, 52.3917], [21.9655, 52.3758], [21.953, 52.4067], [21.9559, 52.4259], [21.9727, 52.4085], [21.9668, 52.429], [21.9538, 52.4028], [21.9699, 52.3982], [21.9669, 52.374], [21.9324, 52.3782], [22.007, 52.4174], [21.9788, 52.4046], [21.9594, 52.4125], [21.9511, 52.4074], [22.0236, 52.4351], [21.9922, 52.4389], [21.9131, 52.4117], [21.9713, 52.3915], [21.9424, 52.3847], [21.9413, 52.3928], [21.9783, 52.413], [21.9872, 52.4245], [21.9961, 52.4084], [21.9721, 52.3954], [21.9666, 52.4028], [21.9973, 52.4095], [21.9936, 52.3909], [21.9801, 52.3945], [21.9867, 52.4055], [21.9704, 52.3896], [21.9616, 52.3838], [21.9791, 52.4048], [21.957, 52.4034], [21.9324, 52.4009], [21.9774, 52.3942], [22.0317, 52.3814], [21.9908, 52.3806], [21.9667, 52.3974], [21.9473, 52.3888], [21.9488, 52.3639], [21.9799, 52.4172], [21.9359, 52.4088], [21.9324, 52.4259], [21.9496, 52.405], [21.961, 52.4162], [21.9281, 52.4208], [21.9852, 52.4044], [21.9587, 52.3672], [21.9587, 52.3917], [21.9673, 52.4006], [21.9589, 52.378], [21.9139, 52.3833], [21.9703, 52.4187], [22.059, 52.4547], [21.9644, 52.4652], [21.9891, 52.3594], [21.898, 52.4068], [21.8833, 52.3755], [21.9735, 52.3734], [22.0069, 52.3879], [22.0235, 52.3704], [21.988, 52.3766], [21.9809, 52.3896], [21.9431, 52.3884], [21.9886, 52.4172], [21.9856, 52.381], [21.9637, 52.3977], [21.9969, 52.4144], [21.9862, 52.4185], [21.9658, 52.4241], [21.9847, 52.4003], [21.9965, 52.4185], [21.9844, 52.4153], [21.9647, 52.4079], [21.9838, 52.3817], [21.9516, 52.3903], [21.9974, 52.3802], [21.973, 52.3835], [21.9872, 52.363], [21.9365, 52.3979], [21.8241, 52.3865], [21.8776, 52.3408], [22.0293, 52.3813], [22.0326, 52.3568], [22.0441, 52.3347], [22.0119, 52.3772], [21.9637, 52.3765], [21.9537, 52.356], [21.9859, 52.3924], [22.0217, 52.3911], [22.0285, 52.3866], [22.0184, 52.3915], [22.0249, 52.3777], [22.0427, 52.3685], [22.011, 52.3838], [21.993, 52.382], [21.9972, 52.3653], [21.9916, 52.3892], [21.9676, 52.4087], [21.9673, 52.3944], [21.9967, 52.3853], [21.965, 52.3805], [21.9715, 52.369], [22.0209, 52.3858], [22.0004, 52.3681], [22.0178, 52.3523], [21.9886, 52.3779], [21.9764, 52.4127], [21.968, 52.3982], [21.9632, 52.3821], [21.9412, 52.349], [21.9922, 52.3343], [22.0249, 52.3778], [21.9997, 52.3326], [22.0391, 52.3292], [22.0145, 52.3858], [22.0176, 52.374], [22.0028, 52.3588], [22.0202, 52.3958], [22.0277, 52.3918], [22.01, 52.3819], [22.0047, 52.3965], [22.0211, 52.3938], [22.0085, 52.3875], [21.9711, 52.4132], [21.9882, 52.3711], [22.01, 52.3662], [22.0029, 52.3899], [21.9933, 52.3852], [22.01, 52.3773], [21.9907, 52.3966], [21.9853, 52.3962], [21.9972, 52.3893], [21.9853, 52.3973], [21.9787, 52.3969], [22.0014, 52.3852], [21.9823, 52.3949], [21.9928, 52.3753], [21.9772, 52.381], [21.9588, 52.4066], [21.9679, 52.39], [21.9644, 52.3745], [21.9846, 52.4027], [21.9963, 52.3846], [21.9822, 52.3759], [26.2364, 49.0414], [26.2126, 49.0276], [26.2422, 49.0248]]]}}, {"type": "Feature", "properties": {"regionId": "65"}, "geometry": {"type": "Polygon", "coordinates": [[[22.5002, 48.2486], [22.0046, 52.3854], [22.032, 52.3814], [22.0477, 52.3653], [21.9987, 52.3772], [21.9177, 52.3362], [22.0128, 52.3514], [22.0291, 52.4139], [22.033, 52.422], [21.995, 52.4213], [22.0285, 52.4272], [22.0394, 52.3991], [22.0633, 52.4028], [22.0022, 52.3937], [21.9826, 52.3861], [22.0064, 52.3894], [22.053, 52.4543], [22.0076, 52.3741], [22.1345, 52.3741], [22.0729, 52.4068], [22.0166, 52.4043], [22.0533, 52.4245], [22.0182, 52.3964], [22.0127, 52.4187], [22.0313, 52.4171], [22.0078, 52.4042], [21.9765, 52.4194], [22.0071, 52.4125], [22.0112, 52.383], [22.0166, 52.3962], [22.0185, 52.4106], [22.0577, 52.3566], [21.9552, 52.391], [22.015, 52.3394], [21.9893, 52.3937], [22.0163, 52.3894], [22.0206, 52.388], [22.0072, 52.4051], [21.9858, 52.4171], [22.0043, 52.4208], [21.9949, 52.4121], [21.99, 52.4141], [22.0078, 52.4218], [21.9828, 52.3914], [21.9829, 52.4085], [22.0, 52.4014], [22.016, 52.4076], [22.0182, 52.4239], [22.0391, 52.425], [21.9939, 52.4064], [21.9947, 52.4202], [21.9844, 52.4227], [21.9867, 52.4009], [21.9826, 52.4139], [22.0007, 52.4093], [21.9883, 52.4164], [21.9811, 52.4261], [21.9545, 52.4236], [21.9898, 52.4078], [21.9839, 52.4131], [21.9836, 52.4213], [21.9773, 52.397], [21.9786, 52.423], [21.9986, 52.4093], [22.0099, 52.3928], [22.0163, 52.4032], [22.0028, 52.4037], [22.01, 52.3982], [22.0144, 52.4112], [22.0157, 52.4046], [22.0165, 52.3991], [21.9789, 52.3896], [22.0093, 52.3782], [22.0293, 52.3944], [22.023, 52.4197], [22.0285, 52.4287], [22.0272, 52.4121], [22.0291, 52.4407], [22.0655, 52.4426], [22.0137, 52.3851], [22.0361, 52.3854], [22.0605, 52.3829], [22.0207, 52.3952], [22.0308, 52.3793], [22.0498, 52.3755], [22.0175, 52.4048], [22.0505, 52.3869], [22.0448, 52.3968], [22.0375, 52.4197], [22.0189, 52.4372], [22.0135, 52.4551], [21.9839, 52.4901], [22.0463, 52.4439], [22.0399, 52.5069], [21.9941, 52.4153], [21.9768, 52.3936], [21.9658, 52.3958], [21.9926, 52.4068], [21.9798, 52.408], [21.9744, 52.4083], [22.0112, 52.3994], [21.9959, 52.411], [22.0085, 52.4032], [22.0125, 52.4018], [22.0094, 52.3876], [22.0228, 52.3926], [22.0025, 52.4128], [22.017, 52.4085], [21.9971, 52.4171], [22.0043, 52.4088], [22.0348, 52.3933], [22.0221, 52.4074], [22.0021, 52.4074], [22.015, 52.3963], [22.0221, 52.3963], [22.0072, 52.4027], [22.0062, 52.4091], [22.0178, 52.4042], [22.0155, 52.4117], [22.0178, 52.4184], [22.0363, 52.4324], [22.042, 52.4158], [22.0193, 52.4261], [22.0341, 52.4477], [22.0355, 52.4034], [22.0175, 52.4457], [21.9886, 52.4546], [21.9895, 52.3817], [21.9248, 52.3765], [21.9089, 52.3931], [21.9832, 52.4237], [21.9794, 52.459], [21.9381, 52.4662], [22.0039, 52.4164], [21.9942, 52.4181], [21.9701, 52.4227], [21.9888, 52.4118], [21.9758, 52.3918], [21.9587, 52.3935], [21.9825, 52.3957], [21.9542, 52.3984], [21.9402, 52.3824], [21.9578, 52.3909], [21.9825, 52.444], [21.9459, 52.4458], [21.9774, 52.4119], [21.9398, 52.4203], [21.936, 52.4444], [21.9681, 52.3941], [21.9757, 52.3783], [21.963, 52.362], [21.9573, 52.3877], [22.0191, 52.3692], [22.0256, 52.3505], [22.0086, 52.3866], [21.9974, 52.3758], [22.0078, 52.3616], [21.9995, 52.3855], [22.0045, 52.3796], [22.0121, 52.362], [21.9996, 52.3917], [21.9826, 52.3908], [21.9751, 52.3889], [22.0077, 52.3896], [21.9932, 52.3843], [21.9915, 52.375], [22.0145, 52.3868], [21.9861, 52.3706], [21.9907, 52.3574], [22.002, 52.3853], [22.0033, 52.3738], [21.9957, 52.3583], [22.0151, 52.396], [22.0134, 52.3801], [21.9993, 52.3759], [21.9622, 52.3899], [21.9608, 52.4118], [21.9324, 52.4204], [21.9764, 52.4019], [21.9553, 52.3904], [21.9352, 52.4019], [22.7166, 48.5056], [22.6763, 48.5198], [22.6817, 48.4972], [21.9914, 52.3884], [21.9768, 52.3785], [21.9808, 52.3634], [21.9834, 52.3936], [21.9783, 52.3874], [21.9744, 52.3769], [21.9844, 52.4021], [21.9617, 52.3923], [21.9481, 52.3884], [21.9841, 52.3837], [21.9669, 52.402], [21.9779, 52.3861], [21.9907, 52.3742], [22.0312, 52.3697], [22.0285, 52.3482], [21.9848, 52.4008], [21.9704, 52.3943], [21.9744, 52.3824], [21.985, 52.4056], [21.9613, 52.4141], [21.9445, 52.4116], [22.494, 48.3583], [22.4894, 48.3474], [22.4789, 48.3417], [21.9649, 52.3918], [21.9348, 52.4188], [21.9068, 52.4005], [21.9446, 52.4047], [22.0843, 52.344], [22.0768, 52.3472], [22.4769, 48.2582], [22.5236, 48.2802], [22.5002, 48.2486]]]}}, {"type": "Feature", "properties": {"regionId": "141"}, "geometry": {"type": "Polygon", "coordinates": [[[32.8894, 51.5354], [21.9868, 52.4035], [21.9844, 52.3893], [21.9986, 52.3903], [32.8882, 51.5288], [32.9007, 51.5357], [32.8894, 51.5354]]]}}, {"type": "Feature", "properties": {"regionId": "59"}, "geometry": {"type": "Polygon", "coordinates": [[[27.9641, 49.6293], [22.0254, 52.4168], [21.9547, 52.4089], [21.9673, 52.4273], [21.9975, 52.4257], [21.9865, 52.4422], [22.0078, 52.468], [22.0009, 52.4119], [22.0175, 52.4175], [22.0334, 52.419], [21.9977, 52.4157], [22.0222, 52.4217], [22.0413, 52.4236], [22.0025, 52.4119], [21.9878, 52.4219], [22.0142, 52.4148], [22.0252, 52.3967], [22.0447, 52.3769], [22.0861, 52.3852], [22.0154, 52.3723], [22.0001, 52.3375], [22.064, 52.3532], [21.9849, 52.3852], [22.0094, 52.3805], [22.0078, 52.3958], [22.0133, 52.4043], [21.9889, 52.4031], [21.9964, 52.4069], [22.0076, 52.4033], [22.0069, 52.4107], [22.0192, 52.4116], [22.0159, 52.4138], [22.0363, 52.4169], [22.0633, 52.4171], [22.0072, 52.4125], [22.0434, 52.4291], [22.064, 52.4352], [22.0197, 52.3825], [22.0793, 52.3762], [22.1053, 52.425], [21.9974, 52.4351], [22.0141, 52.4546], [22.0413, 52.4805], [22.0278, 52.414], [22.0316, 52.3892], [22.0398, 52.4227], [22.0281, 52.3962], [22.0417, 52.4058], [22.0662, 52.3995], [22.0164, 52.3982], [22.0627, 52.378], [22.0648, 52.394], [22.0278, 52.4109], [22.0385, 52.3924], [22.0612, 52.4028], [22.032, 52.4375], [22.0698, 52.4021], [22.1131, 52.3935], [21.9957, 52.4316], [22.0325, 52.4332], [22.0491, 52.4528], [22.0113, 52.3892], [22.0369, 52.3917], [22.0477, 52.3995], [22.0093, 52.403], [22.007, 52.4103], [21.9929, 52.4125], [22.0015, 52.4093], [22.0296, 52.4275], [22.0448, 52.4338], [22.0107, 52.4032], [22.0387, 52.4272], [22.0584, 52.4139], [21.9919, 52.3795], [21.9659, 52.3666], [21.9872, 52.3509], [21.9767, 52.3989], [21.9841, 52.3892], [21.9851, 52.3806], [21.9915, 52.3838], [21.9859, 52.3682], [22.0235, 52.3681], [22.0497, 52.4207], [22.0537, 52.4391], [22.1074, 52.4148], [22.0115, 52.417], [22.0212, 52.4055], [22.0334, 52.3968], [22.006, 52.4078], [22.0131, 52.4111], [22.0213, 52.4028], [22.0247, 52.4042], [22.0052, 52.4245], [22.0356, 52.4273], [22.0337, 52.4074], [21.9768, 52.4647], [22.0455, 52.4583], [21.9788, 52.3792], [22.0486, 52.3913], [22.0278, 52.3658], [22.0071, 52.3857], [22.061, 52.3919], [22.0462, 52.3574], [21.9371, 52.375], [22.0817, 52.368], [21.9972, 52.3361], [22.0585, 52.2874], [21.8764, 52.4361], [21.9787, 52.2801], [21.9694, 52.3894], [22.0148, 52.3901], [22.0007, 52.3694], [22.05, 52.4086], [22.0458, 52.3767], [22.074, 52.3694], [22.019, 52.4168], [21.9825, 52.4316], [22.0335, 52.4273], [22.0445, 52.3983], [22.0229, 52.3447], [22.0619, 52.3537], [22.0167, 52.4117], [22.0152, 52.3905], [22.0313, 52.3889], [22.0199, 52.4204], [22.0239, 52.399], [22.0398, 52.4042], [22.0097, 52.4049], [22.0026, 52.436], [22.027, 52.4245], [22.0351, 52.3806], [22.0234, 52.3983], [22.0441, 52.406], [22.0213, 52.4025], [22.0401, 52.4037], [22.0455, 52.4194], [22.0178, 52.3924], [22.0212, 52.4032], [22.0299, 52.4079], [22.1009, 52.4301], [21.8818, 52.38], [22.1025, 52.4819], [21.9784, 52.4212], [22.0059, 52.4175], [21.9758, 52.4287], [22.0184, 52.4125], [21.9605, 52.4216], [21.9865, 52.4343], [21.9526, 52.4104], [22.0007, 52.4345], [21.9986, 52.4551], [22.0132, 52.4182], [21.9161, 52.4491], [21.9701, 52.4528], [21.958, 52.4149], [22.0406, 52.4267], [22.0214, 52.4449], [21.9864, 52.4079], [21.9436, 52.419], [21.9623, 52.4315], [22.0258, 52.4076], [22.0241, 52.4413], [22.0491, 52.4435], [21.9866, 52.4176], [21.9736, 52.4335], [21.9666, 52.4467], [22.0518, 52.4053], [21.9854, 52.4099], [22.0263, 52.45], [21.9807, 52.3913], [21.9056, 52.4091], [21.9281, 52.4213], [22.02, 52.4051], [22.0256, 52.4293], [22.01, 52.4296], [21.9919, 52.3859], [21.9538, 52.4031], [21.9552, 52.4167], [22.0027, 52.4762], [21.8718, 52.39], [21.8556, 52.4268], [22.0208, 52.4076], [22.0663, 52.4027], [22.0541, 52.4361], [21.9485, 52.3888], [21.9349, 52.4332], [21.9872, 52.4093], [22.0384, 52.4106], [22.0314, 52.4456], [21.9915, 52.4528], [21.9788, 52.4037], [21.9903, 52.41], [21.9907, 52.419], [21.976, 52.4161], [22.0153, 52.409], [22.0228, 52.4102], [22.0202, 52.4158], [22.0156, 52.4396], [22.0036, 52.4588], [21.9937, 52.4098], [21.9371, 52.424], [21.963, 52.4287], [21.9949, 52.4107], [22.0105, 52.3996], [22.0171, 52.4046], [21.9738, 52.4081], [22.0308, 52.4153], [22.0043, 52.425], [22.0054, 52.4134], [22.0257, 52.4063], [22.0413, 52.4097], [22.0187, 52.4058], [22.0123, 52.4242], [22.0299, 52.4282], [22.0193, 52.4033], [22.06, 52.4307], [22.0448, 52.4431], [21.9826, 52.4207], [21.9842, 52.3983], [21.9922, 52.3893], [21.991, 52.3901], [21.9775, 52.3841], [21.9737, 52.3732], [21.9816, 52.3975], [21.9325, 52.4226], [21.9345, 52.4268], [22.0021, 52.4037], [22.0199, 52.4293], [22.0021, 52.4139], [21.9953, 52.3932], [21.9965, 52.4024], [21.9929, 52.4042], [21.9585, 52.4198], [22.0201, 52.3743], [21.9829, 52.3806], [21.9735, 52.4391], [21.991, 52.3956], [21.9402, 52.4069], [22.0109, 52.3834], [21.9873, 52.3766], [21.9651, 52.3773], [21.9981, 52.3937], [22.0002, 52.3844], [21.9843, 52.3843], [21.9676, 52.3802], [21.9463, 52.4094], [21.9267, 52.3977], [22.0413, 52.3847], [21.9671, 52.3654], [21.9566, 52.3546], [21.9914, 52.411], [21.9817, 52.4178], [21.9601, 52.4185], [22.0028, 52.4117], [21.9899, 52.4182], [21.973, 52.4204], [21.9711, 52.4134], [21.9717, 52.3811], [21.9402, 52.3824], [21.9837, 52.3884], [21.8811, 52.3918], [21.9352, 52.4051], [22.0296, 52.4007], [22.025, 52.4059], [21.9922, 52.4065], [21.9863, 52.413], [21.9767, 52.4181], [21.9694, 52.4329], [21.9675, 52.4133], [21.9423, 52.4053], [21.9111, 52.4065], [21.9999, 52.4256], [21.9263, 52.4044], [21.9281, 52.3912], [21.9775, 52.3872], [22.0036, 52.3734], [21.9851, 52.3616], [21.9754, 52.4071], [21.9279, 52.4268], [21.9054, 52.4232], [21.9955, 52.387], [21.9707, 52.332], [21.9701, 52.3755], [21.9717, 52.4049], [21.9507, 52.4109], [21.9936, 52.4245], [22.0032, 52.413], [22.0035, 52.4257], [22.0242, 52.4315], [21.9705, 52.393], [21.9362, 52.4029], [21.9331, 52.4056], [22.0094, 52.407], [22.0337, 52.4338], [22.0256, 52.4315], [21.9522, 52.4152], [21.9503, 52.367], [21.9032, 52.3861], [21.988, 52.4143], [21.9643, 52.3969], [21.9438, 52.3991], [21.9967, 52.4089], [21.9863, 52.4227], [21.9694, 52.4194], [21.9797, 52.4326], [21.9826, 52.3754], [21.9523, 52.3833], [21.9831, 52.4018], [21.9738, 52.4189], [21.9523, 52.4046], [21.9865, 52.4082], [21.9596, 52.4106], [21.9231, 52.4097], [21.9248, 52.3992], [21.9595, 52.3894], [21.9381, 52.3574], [21.9861, 52.4033], [21.9779, 52.4098], [21.9794, 52.3954], [21.9941, 52.3995], [21.9746, 52.4008], [21.9836, 52.394], [22.0289, 52.3805], [22.0532, 52.3656], [22.0099, 52.3458], [21.9897, 52.373], [21.9325, 52.3649], [21.9018, 52.3505], [21.9362, 52.3883], [21.9567, 52.3697], [21.8854, 52.3875], [22.0268, 52.353], [21.9832, 52.3636], [21.9694, 52.3366], [21.9524, 52.4169], [22.017, 52.3823], [21.9274, 52.3783], [22.0194, 52.3963], [21.9712, 52.3663], [21.9943, 52.3653], [22.0061, 52.3895], [22.0007, 52.3702], [22.0114, 52.3574], [21.9938, 52.398], [21.9793, 52.3959], [21.985, 52.3898], [22.0101, 52.4019], [22.0314, 52.3814], [22.0192, 52.3759], [21.9927, 52.3978], [21.9705, 52.4119], [21.9722, 52.4014], [22.0421, 52.3828], [22.1011, 52.3982], [22.1267, 52.3741], [21.9479, 52.3768], [22.0943, 52.3433], [21.9345, 52.35], [21.9935, 52.3636], [21.9922, 52.3391], [21.9288, 52.3607], [21.9837, 52.3794], [21.9483, 52.3843], [21.953, 52.3546], [22.0094, 52.3861], [21.9804, 52.3662], [21.995, 52.3935], [21.9659, 52.3984], [21.9433, 52.416], [21.9125, 52.4107], [21.9365, 52.3916], [22.0116, 52.3966], [22.0043, 52.3741], [21.9785, 52.3945], [21.9506, 52.4165], [21.9388, 52.3968], [22.0012, 52.3863], [21.9873, 52.3938], [21.9723, 52.3931], [21.9868, 52.4066], [22.0308, 52.4275], [21.9922, 52.4181], [21.9559, 52.4009], [22.0187, 52.3792], [21.9901, 52.3796], [21.9884, 52.4124], [21.9929, 52.4072], [21.9815, 52.3986], [21.9906, 52.3932], [22.0234, 52.3892], [21.9971, 52.3861], [22.0202, 52.3912], [22.0014, 52.3755], [22.0228, 52.3634], [22.0129, 52.3844], [21.9454, 52.3903], [21.9587, 52.3722], [21.987, 52.3929], [21.9959, 52.3829], [22.0064, 52.3787], [21.989, 52.4003], [21.9767, 52.3916], [21.99, 52.3866], [21.9614, 52.3731], [22.0404, 52.3839], [22.0455, 52.3671], [22.0015, 52.3854], [22.02, 52.3539], [21.9829, 52.3551], [21.9951, 52.4282], [21.9615, 52.3907], [21.9538, 52.3796], [21.9658, 52.4248], [21.9074, 52.4056], [21.9488, 52.3778], [22.0084, 52.3682], [22.0133, 52.372], [21.9964, 52.3505], [21.9787, 52.4008], [21.9905, 52.3402], [22.0107, 52.3741], [22.0233, 52.3884], [22.0264, 52.377], [22.0576, 52.382], [21.982, 52.386], [21.9888, 52.3662], [22.0021, 52.3574], [21.9888, 52.3869], [22.0094, 52.3776], [22.0135, 52.3681], [22.0017, 52.3896], [22.015, 52.3813], [22.0228, 52.3764], [21.9976, 52.4153], [22.0757, 52.4193], [22.0605, 52.3949], [21.9658, 52.3811], [21.991, 52.3735], [22.0249, 52.3662], [22.0125, 52.3911], [22.0203, 52.3749], [22.0391, 52.3704], [22.0223, 52.3954], [22.047, 52.4166], [22.0491, 52.4278], [27.9182, 49.6076], [27.9346, 49.6299], [27.9641, 49.6293]]]}}, {"type": "Feature", "properties": {"regionId": "142"}, "geometry": {"type": "Polygon", "coordinates": [[[31.9309, 50.5143], [22.0306, 52.4072], [22.028, 52.4108], [22.0235, 52.4259], [22.0367, 52.401], [22.0018, 52.4268], [22.0335, 52.4416], [22.0043, 52.4186], [22.0195, 52.409], [22.0384, 52.4046], [22.0055, 52.4269], [22.0423, 52.4051], [22.0548, 52.3991], [22.0566, 52.3973], [22.026, 52.4834], [22.0968, 52.4625], [22.0266, 52.4037], [21.9694, 52.4321], [22.0093, 52.4417], [21.95, 52.4255], [21.9739, 52.4583], [21.931, 52.4741], [21.998, 52.4058], [22.0262, 52.4093], [22.0099, 52.4213], [22.008, 52.407], [22.0158, 52.399], [22.0121, 52.4097], [21.9653, 52.4168], [22.0131, 52.4434], [22.0263, 52.4495], [22.0354, 52.4027], [21.9601, 52.4437], [22.0498, 52.4421], [22.062, 52.4113], [22.0161, 52.4608], [22.0818, 52.4319], [22.0147, 52.4042], [22.0295, 52.4036], [22.0377, 52.4111], [22.0136, 52.3878], [21.9558, 52.3871], [21.9765, 52.3861], [22.0252, 52.4001], [22.0306, 52.4017], [22.0327, 52.381], [22.0233, 52.4041], [22.0166, 52.4191], [22.0477, 52.412], [21.9954, 52.4059], [22.0101, 52.4237], [22.0192, 52.4157], [22.0378, 52.3913], [22.0161, 52.348], [22.037, 52.3894], [22.0341, 52.398], [22.0411, 52.3976], [22.0213, 52.4185], [22.009, 52.411], [22.0288, 52.4279], [22.0434, 52.4352], [22.105, 52.4613], [22.066, 52.334], [22.138, 52.3472], [22.0282, 52.3905], [22.033, 52.4199], [22.0683, 52.3995], [22.0997, 52.3872], [22.0067, 52.3266], [22.0882, 52.3195], [22.0406, 52.3954], [22.0295, 52.3641], [22.0463, 52.3454], [22.0216, 52.4063], [22.041, 52.3834], [22.0512, 52.375], [22.037, 52.3988], [22.1212, 52.4314], [22.1494, 52.4569], [21.9762, 52.4127], [22.0037, 52.4111], [22.0192, 52.4116], [22.0129, 52.4076], [21.9684, 52.4231], [21.9858, 52.4403], [22.0374, 52.4294], [22.0676, 52.4317], [22.0932, 52.4662], [22.0309, 52.4032], [21.9763, 52.4167], [21.9965, 52.4393], [21.9642, 52.4074], [21.9262, 52.4229], [21.8783, 52.4185], [21.9936, 52.4257], [22.0792, 52.4558], [22.0121, 52.4787], [22.0248, 52.4288], [22.0326, 52.4388], [22.0819, 52.4449], [21.9827, 52.43], [22.0206, 52.4446], [22.0249, 52.4662], [22.0004, 52.4083], [22.0151, 52.4201], [22.0036, 52.4222], [21.985, 52.388], [22.0009, 52.4076], [21.9836, 52.3991], [21.9687, 52.4009], [22.0208, 52.4097], [22.0014, 52.4106], [21.9855, 52.4034], [22.0423, 52.4146], [22.0135, 52.4343], [21.9911, 52.3899], [21.9993, 52.3969], [21.9851, 52.3972], [21.9951, 52.3867], [21.9942, 52.405], [21.9844, 52.4032], [22.0025, 52.3856], [21.9913, 52.4071], [21.9765, 52.3972], [22.0166, 52.3832], [21.9962, 52.3932], [21.9851, 52.4005], [21.9844, 52.412], [21.9827, 52.3993], [21.9651, 52.4009], [21.9811, 52.4155], [22.0275, 52.423], [22.032, 52.4347], [21.9822, 52.397], [21.9083, 52.4379], [21.9459, 52.4347], [22.009, 52.411], [21.9904, 52.4045], [21.9808, 52.4046], [21.9933, 52.404], [21.9844, 52.4128], [21.9829, 52.4023], [22.0009, 52.3883], [21.9882, 52.4038], [21.9993, 52.4079], [21.9947, 52.4155], [21.9714, 52.4026], [21.9609, 52.3958], [22.0086, 52.4106], [21.9784, 52.4059], [21.9822, 52.4107], [22.0112, 52.3938], [21.9993, 52.4044], [22.0093, 52.4009], [22.0015, 52.4068], [21.9896, 52.3992], [21.9836, 52.4023], [21.9944, 52.4083], [21.9427, 52.4313], [21.9381, 52.4102], [22.0028, 52.4064], [21.9941, 52.4013], [21.9886, 52.4009], [21.9942, 52.4038], [21.9845, 52.4097], [21.9772, 52.4014], [21.9714, 52.4118], [21.9874, 52.4266], [21.9616, 52.4088], [21.9761, 52.4007], [21.9617, 52.4111], [21.9424, 52.4111], [21.9885, 52.4018], [21.9793, 52.4161], [21.9658, 52.4093], [21.9884, 52.3824], [21.9783, 52.4002], [21.9609, 52.4], [22.0001, 52.3849], [21.9905, 52.4119], [21.9787, 52.3949], [22.0001, 52.3832], [22.0217, 52.4002], [22.0334, 52.3931], [22.022, 52.3985], [22.0294, 52.3708], [22.0014, 52.3685], [21.9896, 52.4053], [21.98, 52.3943], [21.9701, 52.3912], [21.9872, 52.3997], [21.9813, 52.406], [21.968, 52.4014], [21.994, 52.4038], [21.9906, 52.3951], [21.9886, 52.3921], [21.9917, 52.4011], [21.9908, 52.4028], [21.995, 52.3972], [21.9982, 52.3955], [21.9934, 52.407], [21.9851, 52.394], [21.9876, 52.416], [21.9803, 52.3943], [21.9623, 52.3917], [21.9528, 52.3942], [21.9071, 52.4173], [21.9317, 52.4403], [21.9877, 52.4021], [21.976, 52.3951], [21.968, 52.387], [21.9929, 52.4131], [21.9914, 52.3998], [21.9943, 52.3912], [21.9926, 52.4021], [21.9735, 52.4118], [21.9509, 52.406], [21.9972, 52.4031], [21.9785, 52.411], [21.9844, 52.4051], [21.9841, 52.3912], [21.995, 52.3955], [21.995, 52.387], [21.979, 52.3954], [21.9412, 52.399], [21.9324, 52.3745], [22.0186, 52.3886], [21.9894, 52.4001], [21.9808, 52.3944], [21.9719, 52.4064], [21.9659, 52.4262], [21.931, 52.4273], [21.9983, 52.408], [21.9789, 52.3948], [21.9708, 52.3921], [21.9961, 52.4087], [21.9871, 52.3935], [21.9794, 52.394], [21.9902, 52.4092], [21.9959, 52.3993], [21.9929, 52.3958], [21.9881, 52.3954], [21.9348, 52.4028], [21.9516, 52.3884], [22.006, 52.3709], [21.9628, 52.4154], [21.9687, 52.3893], [21.9791, 52.381], [22.077, 52.3619], [21.9865, 52.3477], [22.0137, 52.3778], [21.9937, 52.379], [21.9723, 52.3857], [21.9887, 52.3857], [21.9676, 52.4034], [21.963, 52.3806], [21.9941, 52.3807], [21.9599, 52.377], [21.963, 52.3551], [21.9828, 52.3947], [21.9903, 52.4117], [21.9694, 52.4069], [21.9769, 52.3788], [21.9527, 52.3918], [21.894, 52.4042], [21.98, 52.3872], [21.9578, 52.4029], [21.9431, 52.3847], [21.9671, 52.3843], [21.9541, 52.4042], [21.931, 52.4097], [21.9478, 52.397], [21.8916, 52.385], [21.8662, 52.3593], [22.0139, 52.3959], [22.0409, 52.4009], [22.0356, 52.3866], [21.9376, 52.4004], [21.9082, 52.3855], [21.8976, 52.3495], [21.9898, 52.3915], [21.9939, 52.3891], [21.9986, 52.3824], [21.9907, 52.3904], [21.956, 52.4048], [21.9672, 52.3782], [21.9689, 52.3787], [21.9523, 52.3971], [21.926, 52.3986], [22.0024, 52.3819], [21.9639, 52.3733], [21.9666, 52.362], [22.0545, 52.382], [22.0288, 52.3688], [21.9851, 52.3602], [22.0331, 52.3831], [22.0651, 52.3607], [22.1018, 52.3602], [22.0039, 52.3887], [21.9916, 52.3909], [21.9801, 52.3801], [22.0031, 52.3854], [21.9811, 52.3875], [21.9744, 52.381], [21.9784, 52.3917], [22.0245, 52.3938], [22.0199, 52.3889], [22.0233, 52.3897], [22.0079, 52.3844], [21.9893, 52.3875], [21.9808, 52.3927], [21.9655, 52.3765], [21.9843, 52.3718], [21.9932, 52.3928], [21.9747, 52.3995], [21.9829, 52.3875], [21.9849, 52.3744], [22.0339, 52.3792], [22.0093, 52.3704], [21.9709, 52.3932], [21.9647, 52.3703], [21.9452, 52.3528], [21.976, 52.392], [21.9507, 52.3896], [21.9303, 52.3745], [22.0628, 52.3555], [22.0526, 52.3682], [22.0149, 52.3394], [21.9883, 52.4106], [21.9354, 52.3866], [21.9901, 52.3903], [21.9898, 52.3702], [22.0691, 52.3622], [22.0114, 52.3278], [22.0634, 52.3054], [21.9703, 52.3855], [21.963, 52.3329], [22.0242, 52.3976], [22.0248, 52.3845], [22.0484, 52.3796], [22.0424, 52.4028], [22.0378, 52.3844], [22.0484, 52.3685], [22.0837, 52.3993], [22.049, 52.3433], [22.0868, 52.375], [22.0206, 52.4405], [22.0671, 52.3889], [22.0932, 52.3852], [22.0118, 52.4082], [22.0455, 52.4212], [22.0704, 52.4227], [22.0125, 52.3932], [22.0115, 52.4076], [22.0121, 52.4139], [22.0066, 52.3906], [22.0358, 52.3752], [22.0477, 52.387], [22.1155, 52.3926], [22.0396, 52.4158], [22.1167, 52.4403], [31.9196, 50.4188], [31.8055, 50.4982], [31.9309, 50.5143], [32.646, 51.3678], [21.9946, 52.4006], [21.9945, 52.403], [21.9957, 52.406], [32.6441, 51.3724], [32.653, 51.3696], [32.646, 51.3678], [31.9309, 50.5143]]]}}, {"type": "Feature", "properties": {"regionId": "70"}, "geometry": {"type": "Polygon", "coordinates": [[[24.8092, 48.319], [22.0079, 52.3858], [22.0626, 52.3673], [22.074, 52.381], [22.0229, 52.411], [22.0382, 52.3918], [22.0512, 52.3958], [22.0254, 52.3905], [22.0495, 52.4145], [22.0804, 52.4018], [22.0005, 52.3806], [22.0478, 52.3922], [22.0463, 52.3708], [22.0557, 52.4323], [22.0749, 52.3749], [22.1003, 52.3954], [22.0117, 52.4037], [22.0308, 52.4211], [22.0455, 52.4042], [22.0178, 52.3935], [22.0322, 52.396], [22.0548, 52.3907], [22.0183, 52.397], [22.0085, 52.3953], [22.0185, 52.3801], [22.0102, 52.3869], [22.015, 52.3977], [22.0285, 52.3917], [22.0374, 52.3818], [22.0864, 52.4361], [22.138, 52.4241], [22.0256, 52.411], [22.0584, 52.4103], [22.101, 52.406], [22.0187, 52.3832], [22.0986, 52.363], [22.0996, 52.3935], [21.9961, 52.406], [22.0045, 52.4143], [22.0007, 52.4213], [21.9986, 52.4002], [21.9774, 52.3945], [21.9865, 52.4005], [22.009, 52.4255], [21.9926, 52.456], [21.9943, 52.4856], [22.0202, 52.446], [21.9825, 52.4861], [21.9865, 52.5338], [22.0123, 52.4219], [22.0756, 52.4283], [22.0349, 52.4416], [22.0195, 52.4157], [22.0571, 52.4342], [21.9971, 52.438], [21.9719, 52.4109], [22.0166, 52.4181], [22.0221, 52.4268], [21.9814, 52.4195], [21.9345, 52.4372], [21.9082, 52.4574], [21.9738, 52.4032], [21.9489, 52.4038], [21.9338, 52.4213], [25.4411, 48.6912], [25.5329, 48.7166], [25.4652, 48.73], [21.9808, 52.3992], [21.9949, 52.3864], [22.0, 52.3806], [22.0007, 52.376], [21.9428, 52.4062], [21.9246, 52.4065], [21.9782, 52.402], [21.9655, 52.3925], [21.9779, 52.3801], [21.9881, 52.4006], [21.9847, 52.3951], [21.9744, 52.3884], [21.9034, 52.4018], [21.9459, 52.3911], [21.9082, 52.3556], [22.0338, 52.385], [22.0212, 52.3676], [22.0384, 52.3523], [21.9715, 52.3904], [21.9281, 52.3744], [21.9701, 52.3611], [22.0177, 52.3797], [21.9981, 52.3533], [21.9687, 52.3579], [21.964, 52.372], [21.9411, 52.4155], [21.9054, 52.4222], [21.98, 52.3975], [21.9748, 52.4161], [21.958, 52.4157], [21.9862, 52.4126], [21.9901, 52.4259], [21.973, 52.438], [21.9916, 52.4086], [21.9605, 52.4039], [21.9708, 52.4162], [21.9907, 52.4052], [21.9922, 52.3875], [21.9829, 52.3991], [22.0042, 52.4229], [21.9685, 52.4187], [21.9986, 52.3958], [22.0203, 52.3905], [21.9713, 52.381], [21.9794, 52.4005], [21.9858, 52.4146], [21.9539, 52.4082], [21.9488, 52.4264], [21.9797, 52.4107], [21.9922, 52.3872], [21.9751, 52.3907], [21.9716, 52.4131], [21.9474, 52.4052], [21.926, 52.4305], [21.9974, 52.403], [21.9844, 52.4042], [21.9865, 52.4019], [22.0097, 52.3994], [22.003, 52.3854], [21.9986, 52.3991], [21.9755, 52.3965], [21.9672, 52.3884], [21.9594, 52.3764], [21.9993, 52.407], [21.9594, 52.41], [21.9822, 52.4014], [22.0131, 52.3891], [21.9801, 52.3707], [21.9616, 52.369], [22.0152, 52.3935], [22.0151, 52.3871], [22.0164, 52.3787], [22.0204, 52.3956], [22.0388, 52.3829], [22.0555, 52.3866], [22.0026, 52.3809], [22.0295, 52.385], [22.0335, 52.3732], [21.9869, 52.3702], [22.0366, 52.3438], [21.968, 52.35], [22.005, 52.3765], [21.9846, 52.3718], [21.9808, 52.3519], [22.0236, 52.3858], [22.0164, 52.3795], [22.0178, 52.363], [22.01, 52.398], [21.998, 52.3939], [21.9972, 52.3898], [21.998, 52.4049], [21.99, 52.4118], [21.9886, 52.4005], [21.9848, 52.4014], [22.0069, 52.4206], [21.9907, 52.413], [21.9889, 52.3942], [21.9898, 52.3883], [21.9886, 52.3815], [21.9934, 52.4041], [21.9731, 52.4092], [21.9865, 52.4005], [22.0258, 52.3951], [22.0284, 52.3783], [22.0455, 52.3681], [24.7827, 48.3416], [24.784, 48.3294], [24.8092, 48.319]]]}}, {"type": "Feature", "properties": {"regionId": "101"}, "geometry": {"type": "Polygon", "coordinates": [[[28.5938, 45.5534], [21.9177, 52.4002], [21.9636, 52.3601], [21.9701, 52.325], [21.9655, 52.3994], [21.8973, 52.3692], [21.9125, 52.4093], [21.9507, 52.4093], [21.8843, 52.4527], [21.8449, 52.4171], [21.8799, 52.3166], [21.9985, 52.3641], [22.0121, 52.3014], [22.0002, 52.3291], [22.0957, 52.289], [22.1907, 52.2709], [22.0549, 52.3795], [22.108, 52.3602], [22.1729, 52.363], [22.0269, 52.396], [22.0575, 52.3727], [22.0847, 52.3856], [22.1248, 52.4249], [22.03, 52.4119], [22.022, 52.4542], [22.0243, 52.405], [22.0857, 52.4157], [22.0313, 52.4315], [21.9964, 52.4298], [22.0483, 52.4111], [22.0683, 52.3977], [22.0277, 52.4041], [22.0387, 52.3876], [22.0569, 52.3773], [22.0783, 52.3584], [22.0084, 52.4437], [22.0818, 52.437], [22.0788, 52.439], [22.177, 52.4479], [22.2512, 52.4926], [22.0411, 52.3938], [22.0608, 52.3955], [22.0904, 52.4153], [22.0275, 52.387], [22.0594, 52.3861], [22.0904, 52.3935], [22.0217, 52.399], [22.0388, 52.3844], [22.0626, 52.381], [22.0929, 52.3925], [22.1818, 52.3393], [22.1914, 52.2783], [22.0141, 52.3826], [21.9989, 52.3772], [21.9886, 52.363], [22.0032, 52.3853], [22.0122, 52.3576], [22.0356, 52.3569], [21.9969, 52.4125], [22.0232, 52.4048], [22.0278, 52.4037], [22.049, 52.4227], [22.0296, 52.4147], [22.0327, 52.4569], [22.0465, 52.4501], [21.988, 52.5022], [22.0299, 52.5574], [22.0112, 52.4569], [21.9532, 52.4027], [21.9594, 52.4379], [22.0036, 52.426], [21.9599, 52.3759], [21.9459, 52.3875], [21.9906, 52.3999], [21.9854, 52.386], [21.9801, 52.3995], [22.015, 52.4024], [21.9955, 52.4104], [21.9872, 52.4097], [21.9859, 52.3905], [21.9573, 52.412], [21.9658, 52.4241], [22.0091, 52.4137], [22.0434, 52.4249], [22.0064, 52.4333], [21.9125, 52.4152], [22.0407, 52.516], [21.9345, 52.5009], [21.9772, 52.3949], [21.9959, 52.3707], [21.9466, 52.3773], [21.9714, 52.383], [21.98, 52.404], [21.9772, 52.4185], [21.9664, 52.3898], [21.9781, 52.4189], [21.9708, 52.4319], [21.9479, 52.3961], [21.9487, 52.4374], [21.8648, 52.4134], [22.0124, 52.4787], [21.8947, 52.3955], [21.8854, 52.4245], [21.9668, 52.4166], [21.985, 52.4625], [21.9552, 52.4917], [21.941, 52.3957], [21.9424, 52.3752], [21.8968, 52.368], [22.0197, 52.3708], [21.9906, 52.3805], [21.9765, 52.3584], [21.9383, 52.4127], [22.0054, 52.3638], [21.9594, 52.3662], [21.9685, 52.4017], [21.9666, 52.3969], [21.9772, 52.3778], [22.0266, 52.3664], [21.9299, 52.389], [21.9673, 52.3574], [21.9545, 52.395], [21.9323, 52.379], [21.8926, 52.3722], [21.9747, 52.3981], [21.9027, 52.4009], [21.8989, 52.3834], [22.0095, 52.3741], [22.0199, 52.345], [22.0292, 52.319], [21.9562, 52.4022], [21.8707, 52.3465], [21.8776, 52.3898], [22.0547, 52.4601], [21.8923, 52.431], [21.8961, 52.4889], [28.7575, 45.4507], [22.0075, 52.3943], [22.0095, 52.3939], [22.0036, 52.3889], [28.7594, 45.4424], [28.7545, 45.4488], [28.7575, 45.4507], [28.5938, 45.5534]]]}}, {"type": "Feature", "properties": {"regionId": "37"}, "geometry": {"type": "Polygon", "coordinates": [[[29.1175, 48.0607], [22.0252, 52.3966], [22.0458, 52.3712], [22.0697, 52.3579], [22.0111, 52.4063], [22.0297, 52.3963], [22.0164, 52.3903], [21.9791, 52.3957], [22.0481, 52.3982], [22.0598, 52.3917], [21.9979, 52.413], [22.0177, 52.4069], [22.0313, 52.4065], [22.0125, 52.418], [22.0141, 52.397], [22.0214, 52.3898], [21.9886, 52.3969], [21.9789, 52.4016], [21.973, 52.3903], [21.9918, 52.4052], [21.9553, 52.4048], [21.9751, 52.3949], [22.0144, 52.3757], [22.0623, 52.4127], [22.0555, 52.3796], [22.0284, 52.3937], [22.0541, 52.3943], [22.0825, 52.4005], [22.0181, 52.3939], [22.0338, 52.394], [22.047, 52.4185], [22.1046, 52.4256], [22.0672, 52.3762], [22.1772, 52.3857], [22.0025, 52.4092], [22.0244, 52.3951], [22.0149, 52.4106], [21.9965, 52.4026], [22.0202, 52.4121], [22.0178, 52.4227], [22.0363, 52.397], [22.0296, 52.3784], [22.0569, 52.3778], [22.017, 52.3959], [22.0017, 52.4075], [21.9993, 52.4102], [22.011, 52.3974], [22.0142, 52.4057], [22.0178, 52.4102], [21.9851, 52.4067], [22.0106, 52.426], [21.9957, 52.4324], [22.0116, 52.406], [21.9696, 52.4289], [21.9893, 52.4315], [22.0283, 52.3856], [22.0491, 52.4107], [22.084, 52.406], [22.0452, 52.3921], [22.0272, 52.4121], [22.0306, 52.4245], [22.013, 52.4178], [21.9947, 52.4482], [21.9744, 52.4611], [22.0009, 52.4152], [22.0204, 52.4039], [22.0242, 52.4204], [22.0073, 52.4088], [22.0119, 52.4206], [22.0306, 52.4217], [21.9949, 52.416], [22.0162, 52.4243], [21.9865, 52.4329], [22.0372, 52.4324], [22.0925, 52.4682], [22.1458, 52.4764], [22.0316, 52.4134], [22.0266, 52.4218], [22.032, 52.4477], [22.0238, 52.3996], [22.0399, 52.4017], [22.0398, 52.4218], [21.997, 52.4031], [21.9727, 52.3973], [21.9858, 52.4065], [22.0415, 52.3961], [22.0284, 52.4134], [22.0149, 52.4287], [21.9965, 52.4202], [21.993, 52.4369], [21.9488, 52.4347], [21.9681, 52.4386], [22.0413, 52.4135], [22.0363, 52.4481], [21.9706, 52.4229], [21.889, 52.4511], [21.8698, 52.4791], [21.9837, 52.4318], [22.0408, 52.4055], [22.0021, 52.4467], [21.9353, 52.4183], [21.8801, 52.4218], [21.8954, 52.4875], [21.9548, 52.4], [21.9782, 52.4368], [21.953, 52.4467], [21.9844, 52.4078], [22.0111, 52.4043], [22.0178, 52.4116], [21.847, 52.4307], [21.9701, 52.4622], [21.9509, 52.5088], [22.0013, 52.4182], [21.9908, 52.4075], [21.9708, 52.4005], [21.9666, 52.3886], [21.9708, 52.4323], [21.9488, 52.4403], [21.9884, 52.3898], [21.9941, 52.3926], [21.9658, 52.3921], [21.9588, 52.3974], [21.9789, 52.4439], [21.9509, 52.4653], [21.9758, 52.4172], [21.9818, 52.3835], [21.9566, 52.3991], [22.0253, 52.4142], [21.9703, 52.4204], [21.9922, 52.4111], [21.9881, 52.3856], [21.9563, 52.3696], [21.9353, 52.3616], [22.0003, 52.3825], [22.0122, 52.3432], [21.9737, 52.3699], [21.9297, 52.3718], [22.0299, 52.3685], [21.9239, 52.3546], [21.9374, 52.341], [21.9457, 52.3953], [21.8961, 52.3639], [21.9706, 52.3503], [21.8686, 52.4951], [21.8335, 52.3792], [21.9879, 52.3962], [21.9356, 52.3869], [21.9509, 52.3769], [22.0296, 52.4026], [22.014, 52.3756], [21.9922, 52.3907], [22.0147, 52.3798], [22.0254, 52.3937], [21.9893, 52.3792], [21.9931, 52.3838], [21.9798, 52.3365], [22.0242, 52.3551], [22.0321, 52.4092], [21.976, 52.3622], [22.0655, 52.3787], [22.0177, 52.4079], [22.1062, 52.3975], [22.0797, 52.3792], [21.9903, 52.4049], [21.9711, 52.41], [21.9651, 52.4005], [22.0344, 52.3657], [21.9983, 52.3682], [21.9744, 52.3394], [22.0136, 52.3785], [22.0427, 52.3831], [22.0683, 52.3708], [21.9753, 52.3682], [21.9351, 52.4215], [21.9203, 52.3972], [22.0137, 52.3903], [22.0166, 52.3611], [22.0456, 52.3681], [22.02, 52.4109], [22.0177, 52.3845], [22.0377, 52.3857], [22.0568, 52.4071], [21.9963, 52.3599], [22.0171, 52.3426], [21.9681, 52.3967], [21.9852, 52.3842], [21.9801, 52.3718], [22.0021, 52.3935], [22.0124, 52.3957], [22.0093, 52.3894], [21.9887, 52.4004], [21.9822, 52.4124], [21.9737, 52.4042], [21.977, 52.4171], [21.9475, 52.4071], [21.9324, 52.4051], [21.9786, 52.3909], [22.0182, 52.3927], [22.0128, 52.382], [21.9884, 52.4075], [21.9897, 52.3988], [21.9751, 52.4005], [21.9927, 52.4083], [21.9576, 52.3967], [21.9673, 52.3921], [21.9781, 52.3902], [21.8883, 52.4134], [21.8669, 52.382], [21.9834, 52.3866], [22.0022, 52.3709], [22.0327, 52.3829], [22.0072, 52.395], [22.0077, 52.3751], [22.0213, 52.3857], [22.0203, 52.4199], [22.0342, 52.4061], [22.0263, 52.3949], [22.0349, 52.3942], [22.0307, 52.3722], [22.0228, 52.3569], [22.0304, 52.3938], [22.0775, 52.3978], [22.1089, 52.3889], [22.0143, 52.3584], [21.9593, 52.3724], [21.9459, 52.3621], [21.9914, 52.3794], [22.0138, 52.3634], [21.9915, 52.3458], [22.028, 52.3756], [22.0445, 52.3713], [22.0697, 52.3838], [22.0219, 52.3698], [21.9348, 52.3791], [22.0036, 52.3491], [29.1737, 48.1196], [29.1023, 48.0918], [29.1175, 48.0607]]]}}, {"type": "Feature", "properties": {"regionId": "47"}, "geometry": {"type": "Polygon", "coordinates": [[[34.2627, 47.3502], [21.905, 52.4077], [22.2173, 52.4654], [22.2675, 52.4606], [22.0642, 52.4048], [22.116, 52.443], [22.1871, 52.4305], [22.0862, 52.3888], [22.1717, 52.3722], [22.2533, 52.356], [22.0387, 52.3962], [22.1375, 52.4428], [22.0598, 52.4398], [21.9582, 52.4003], [22.0476, 52.3994], [22.0149, 52.4143], [21.969, 52.3938], [22.0112, 52.4088], [21.9758, 52.4083], [22.0192, 52.4093], [21.994, 52.4024], [22.0093, 52.4171], [22.0145, 52.4321], [21.9636, 52.4397], [21.968, 52.4741], [22.0427, 52.3969], [22.029, 52.4183], [22.0249, 52.4366], [22.0455, 52.3931], [22.0091, 52.4235], [22.0349, 52.4278], [21.9951, 52.455], [21.9042, 52.3894], [21.9139, 52.4755], [22.065, 52.4286], [21.9765, 52.4266], [21.9843, 52.4588], [21.9902, 52.4072], [21.968, 52.3877], [21.953, 52.387], [21.9899, 52.4298], [21.9689, 52.4578], [22.0334, 52.4546], [21.9938, 52.414], [22.0087, 52.4241], [22.027, 52.4194], [22.0361, 52.3648], [22.0424, 52.4212], [22.0277, 52.4444], [21.9752, 52.3964], [21.9594, 52.3935], [21.9595, 52.4134], [21.9841, 52.444], [21.9403, 52.3759], [21.9054, 52.3958], [21.9434, 52.3795], [21.9965, 52.4484], [21.8961, 52.4254], [21.9723, 52.3936], [21.9191, 52.402], [21.9395, 52.3736], [22.0117, 52.3801], [21.966, 52.3912], [21.9829, 52.3676], [21.9782, 52.3967], [21.9319, 52.3964], [21.9438, 52.3783], [21.8403, 52.358], [21.9652, 52.4366], [21.8584, 52.4023], [21.9268, 52.3883], [22.0652, 52.3931], [21.995, 52.3857], [21.9083, 52.3711], [21.9366, 52.4527], [21.8897, 52.4505], [21.952, 52.4039], [21.9671, 52.3809], [21.9246, 52.3843], [21.9788, 52.396], [21.9841, 52.4133], [21.9602, 52.4046], [21.99, 52.3898], [21.973, 52.3875], [21.9815, 52.3764], [21.9876, 52.3914], [21.9693, 52.3993], [21.9559, 52.4032], [21.9782, 52.4119], [21.9598, 52.3598], [21.953, 52.387], [21.9656, 52.3978], [21.9489, 52.3972], [21.9602, 52.3722], [21.9705, 52.3981], [21.9956, 52.3952], [21.9893, 52.3852], [21.9981, 52.3856], [21.9952, 52.3806], [22.0199, 52.3857], [22.0119, 52.3819], [21.9984, 52.3275], [22.0398, 52.3361], [22.0033, 52.3882], [21.9863, 52.384], [21.9886, 52.3755], [21.9773, 52.3893], [21.9665, 52.3682], [21.9509, 52.3611], [21.9518, 52.4103], [21.9303, 52.3714], [21.9217, 52.3509], [22.0193, 52.3974], [22.0297, 52.3793], [22.0527, 52.3727], [22.0135, 52.399], [22.0685, 52.4066], [22.0648, 52.3945], [21.9586, 52.3925], [21.9981, 52.3708], [22.0249, 52.3764], [22.0023, 52.3917], [21.9732, 52.3861], [21.9843, 52.3782], [22.0177, 52.3985], [22.0161, 52.3798], [22.0306, 52.3898], [22.0074, 52.3916], [21.9917, 52.3857], [21.9943, 52.3768], [21.9867, 52.3949], [21.9467, 52.3975], [21.9815, 52.3829], [34.2559, 47.4363], [34.1318, 47.321], [34.2627, 47.3502]]]}}, {"type": "Feature", "properties": {"regionId": "68"}, "geometry": {"type": "Polygon", "coordinates": [[[24.7337, 48.5953], [22.0324, 52.405], [22.0491, 52.4246], [22.0327, 52.4361], [22.0123, 52.4048], [22.017, 52.3958], [22.0235, 52.3935], [22.0036, 52.4131], [22.0138, 52.4086], [22.0199, 52.4194], [22.0116, 52.4074], [22.0215, 52.4006], [22.027, 52.3981], [21.9998, 52.4054], [21.9902, 52.413], [22.0014, 52.406], [22.0203, 52.3912], [22.0839, 52.352], [22.0932, 52.3796], [22.0156, 52.4044], [22.0152, 52.3894], [22.0235, 52.3852], [22.0184, 52.3993], [22.0352, 52.3933], [22.0427, 52.3838], [21.993, 52.3861], [22.0164, 52.391], [22.0263, 52.3972], [21.9856, 52.4081], [21.9638, 52.4383], [21.995, 52.4181], [21.999, 52.3846], [22.0019, 52.3894], [22.0157, 52.3921], [21.9901, 52.3867], [22.0288, 52.3921], [22.0349, 52.3792], [22.0134, 52.3762], [22.0285, 52.355], [22.0633, 52.3509], [22.03, 52.397], [22.037, 52.3705], [22.069, 52.3671], [22.0365, 52.41], [22.0968, 52.4277], [22.0434, 52.4616], [21.9763, 52.4196], [22.0753, 52.4187], [22.0228, 52.4657], [21.9795, 52.4085], [21.9825, 52.4161], [22.0014, 52.4236], [21.9876, 52.4125], [21.9988, 52.4255], [22.0171, 52.4319], [22.0178, 52.4028], [22.0383, 52.396], [22.0555, 52.4009], [22.0204, 52.4092], [22.0094, 52.4269], [21.9851, 52.4162], [21.9813, 52.4029], [21.9903, 52.4259], [21.9602, 52.4231], [21.9677, 52.4096], [21.971, 52.3644], [21.9481, 52.3833], [22.0172, 52.4252], [22.0297, 52.4558], [22.0256, 52.4815], [21.9881, 52.4025], [21.9847, 52.3916], [21.9751, 52.3903], [21.9937, 52.4], [21.9832, 52.4087], [21.9801, 52.4032], [22.019, 52.3849], [21.9884, 52.3801], [21.9772, 52.3685], [22.0038, 52.392], [22.0141, 52.3745], [21.9922, 52.3718], [21.9648, 52.4019], [21.9799, 52.4295], [21.9637, 52.4472], [21.9771, 52.4168], [22.0269, 52.4181], [22.0228, 52.4324], [21.9844, 52.4109], [21.9403, 52.4257], [21.9687, 52.444], [22.0058, 52.4206], [21.9645, 52.3925], [21.9609, 52.3954], [21.9822, 52.4077], [21.9596, 52.415], [21.9409, 52.4264], [21.9225, 52.364], [21.9781, 52.3995], [21.9189, 52.4204], [21.9718, 52.4135], [21.9495, 52.4407], [21.9844, 52.4514], [22.022, 52.401], [22.0741, 52.3729], [22.0697, 52.4005], [21.9957, 52.4074], [21.9762, 52.41], [21.9858, 52.4194], [22.0261, 52.4372], [21.9059, 52.4081], [21.889, 52.4593], [21.9432, 52.4086], [22.104, 52.4745], [22.0526, 52.4768], [21.9749, 52.4047], [21.9589, 52.4194], [21.9331, 52.4217], [21.9885, 52.4079], [21.9832, 52.4242], [21.9765, 52.4338], [21.9958, 52.427], [22.005, 52.4455], [22.0271, 52.456], [21.9572, 52.4136], [21.9919, 52.4542], [21.926, 52.4301], [21.9844, 52.3977], [21.9997, 52.4337], [21.9843, 52.4454], [22.0071, 52.4143], [21.9771, 52.43], [21.973, 52.4444], [21.976, 52.423], [22.0024, 52.4295], [21.9523, 52.4264], [21.9776, 52.4051], [21.9661, 52.4095], [21.9466, 52.4023], [21.9825, 52.4152], [21.9459, 52.4155], [21.9345, 52.4352], [21.9717, 52.4026], [21.9263, 52.3613], [21.9182, 52.3972], [21.9911, 52.404], [22.0055, 52.4072], [22.005, 52.4111], [21.9863, 52.4012], [21.993, 52.4073], [21.9829, 52.4069], [21.9789, 52.387], [21.9372, 52.4033], [21.9609, 52.3685], [21.9586, 52.3822], [21.9567, 52.3791], [21.973, 52.3486], [22.0131, 52.3765], [21.9232, 52.3698], [21.958, 52.3644], [22.0034, 52.3876], [22.0122, 52.3605], [22.0327, 52.3634], [22.0318, 52.3806], [22.0215, 52.3817], [21.9943, 52.3681], [21.9931, 52.3794], [21.9981, 52.3707], [21.9808, 52.3491], [21.9872, 52.4], [21.9738, 52.417], [21.9595, 52.3991], [21.9562, 52.4135], [21.9485, 52.3915], [21.963, 52.3672], [22.0168, 52.4049], [22.0464, 52.4246], [22.0548, 52.4037], [22.0155, 52.3851], [21.9703, 52.368], [21.9907, 52.356], [22.0324, 52.3849], [22.0749, 52.3943], [22.111, 52.3954], [22.014, 52.3943], [22.0126, 52.3888], [22.0292, 52.3958], [22.0087, 52.3968], [22.0169, 52.3919], [22.0228, 52.388], [22.0407, 52.4291], [22.0247, 52.369], [22.0619, 52.3773], [22.0086, 52.3817], [21.9449, 52.3941], [21.9374, 52.382], [21.9818, 52.3675], [22.0591, 52.3908], [22.0462, 52.3079], [21.9954, 52.3859], [21.9854, 52.3854], [21.9851, 52.3732], [21.9725, 52.391], [22.0213, 52.3892], [22.0242, 52.381], [22.0109, 52.3944], [21.9802, 52.3932], [21.9986, 52.381], [21.9502, 52.387], [21.9846, 52.3799], [21.9559, 52.3634], [21.9636, 52.3616], [21.9077, 52.3238], [21.8783, 52.2852], [21.9733, 52.3807], [21.985, 52.4208], [21.9587, 52.3884], [21.9946, 52.383], [21.9738, 52.3638], [21.9687, 52.3528], [21.9895, 52.3956], [21.9893, 52.3648], [21.9715, 52.3699], [21.983, 52.3892], [22.0043, 52.3772], [21.9779, 52.3778], [24.2238, 48.6175], [24.2971, 48.5898], [24.2613, 48.5819], [21.9836, 52.3917], [21.9847, 52.368], [21.9545, 52.3704], [21.9756, 52.3872], [21.9832, 52.3772], [21.9666, 52.3708], [21.9897, 52.4024], [21.9782, 52.3888], [21.9851, 52.3847], [21.9966, 52.3751], [21.9683, 52.4054], [21.953, 52.3995], [22.0048, 52.3943], [22.0035, 52.3864], [22.0007, 52.3806], [22.0128, 52.394], [22.0066, 52.383], [21.9929, 52.3796], [22.0033, 52.388], [22.0075, 52.3768], [22.0107, 52.3653], [21.9844, 52.3833], [22.0428, 52.3757], [22.0185, 52.3621], [22.0062, 52.3939], [22.0306, 52.4043], [22.0441, 52.4014], [22.0139, 52.3978], [22.0037, 52.3828], [22.0178, 52.3871], [22.0523, 52.4063], [22.0516, 52.4434], [22.0811, 52.4657], [22.0155, 52.4143], [22.0338, 52.3974], [22.0406, 52.4088], [24.3267, 48.4687], [24.3442, 48.4656], [24.3552, 48.4648], [22.0099, 52.4082], [22.024, 52.4103], [22.0377, 52.412], [21.9809, 52.4323], [22.0818, 52.4187], [22.0939, 52.4315], [22.0014, 52.4106], [22.0162, 52.4465], [22.0413, 52.4319], [22.0254, 52.3966], [22.0259, 52.4196], [22.047, 52.4185], [21.9978, 52.3974], [22.0279, 52.3801], [22.0313, 52.3935], [21.9847, 52.4056], [21.9505, 52.4211], [21.9673, 52.4287], [22.0403, 52.3836], [22.08, 52.3979], [22.0868, 52.4273], [24.6657, 48.6203], [24.7185, 48.6099], [24.7337, 48.5953]]]}}, {"type": "Feature", "properties": {"regionId": "124"}, "geometry": {"type": "Polygon", "coordinates": [[[35.7974, 49.5678], [22.0076, 52.3833], [22.0807, 52.3992], [22.0299, 52.3773], [21.9738, 52.3723], [21.985, 52.3692], [22.0178, 52.3579], [22.0076, 52.3512], [22.0381, 52.3932], [22.0847, 52.3991], [22.0355, 52.3875], [22.0062, 52.3637], [22.0285, 52.3458], [22.0234, 52.3893], [22.0994, 52.4282], [22.1082, 52.4453], [22.0306, 52.4012], [22.1191, 52.3615], [22.0968, 52.4009], [21.9349, 52.4794], [22.049, 52.4055], [22.0007, 52.4699], [21.9779, 52.4077], [21.9213, 52.3928], [21.9473, 52.4167], [22.0668, 52.4103], [21.9385, 52.4113], [21.9573, 52.4449], [22.0072, 52.3979], [22.0091, 52.3783], [22.0057, 52.3958], [22.0382, 52.4043], [22.0724, 52.3966], [22.0918, 52.4028], [22.0307, 52.4169], [22.063, 52.3793], [22.0868, 52.4023], [22.0388, 52.4323], [21.9267, 52.4157], [21.995, 52.4518], [22.023, 52.4169], [22.0361, 52.405], [22.0655, 52.3991], [22.0365, 52.4012], [22.0689, 52.4108], [22.0989, 52.4088], [22.0263, 52.3964], [22.0049, 52.3775], [22.0213, 52.3699], [22.0142, 52.4017], [22.1262, 52.3914], [22.0804, 52.4167], [22.0019, 52.4273], [22.013, 52.4589], [22.042, 52.4602], [22.0146, 52.4237], [22.0934, 52.4016], [22.0896, 52.4403], [22.0432, 52.3907], [22.0047, 52.4164], [22.0612, 52.4129], [21.9925, 52.4246], [22.0732, 52.4443], [22.0256, 52.463], [21.9808, 52.4175], [22.0338, 52.4172], [22.0092, 52.4264], [21.9659, 52.4399], [21.8989, 52.414], [21.9153, 52.4787], [22.0151, 52.4114], [22.0427, 52.4209], [22.0669, 52.4107], [22.015, 52.4022], [22.0097, 52.4211], [22.0292, 52.4074], [22.0126, 52.3977], [22.0655, 52.4191], [22.0213, 52.4435], [22.0061, 52.4029], [22.0286, 52.4032], [22.0327, 52.4125], [21.9822, 52.392], [21.9578, 52.4163], [21.9822, 52.4111], [22.0104, 52.4005], [22.016, 52.4106], [22.0199, 52.4143], [22.0018, 52.4075], [21.9778, 52.4015], [21.9886, 52.406], [22.0232, 52.4083], [22.038, 52.4067], [22.0007, 52.4106], [21.9599, 52.4269], [21.9368, 52.4153], [21.8833, 52.4412], [21.9613, 52.417], [22.0182, 52.4143], [21.9964, 52.4366], [22.0199, 52.3958], [22.024, 52.4055], [22.0078, 52.4106], [21.9812, 52.3999], [21.9687, 52.3923], [21.9502, 52.3986], [21.9804, 52.4099], [21.9545, 52.4349], [21.9118, 52.4273], [21.9783, 52.4421], [21.9771, 52.3914], [21.931, 52.3889], [22.0084, 52.3752], [21.9437, 52.3924], [21.9203, 52.3912], [21.9678, 52.4265], [22.0033, 52.4506], [21.9367, 52.4736], [21.968, 52.444], [21.9521, 52.4489], [21.8961, 52.4139], [21.9652, 52.3882], [21.9973, 52.3886], [22.0057, 52.3741], [22.0136, 52.4207], [22.0566, 52.381], [22.0256, 52.3787], [21.9747, 52.4006], [22.0193, 52.3957], [21.9922, 52.3949], [22.0139, 52.3945], [22.0058, 52.3783], [22.0164, 52.3713], [22.019, 52.3845], [21.9679, 52.3776], [21.9701, 52.3644], [21.9572, 52.3491], [21.9593, 52.3947], [21.9431, 52.375], [22.0374, 52.3847], [21.9698, 52.3792], [21.9523, 52.3718], [22.0196, 52.3965], [22.0412, 52.3933], [22.0363, 52.3773], [22.0186, 52.3822], [21.9777, 52.3918], [21.9637, 52.3917], [21.9817, 52.3848], [21.9919, 52.3398], [21.9516, 52.3546], [21.987, 52.3883], [22.0043, 52.3787], [22.0064, 52.3708], [21.9791, 52.3967], [21.9481, 52.4026], [21.9431, 52.3981], [22.0083, 52.3837], [22.0063, 52.3854], [21.9772, 52.3903], [21.9962, 52.3866], [21.9485, 52.3804], [21.9474, 52.3824], [21.9761, 52.4126], [21.9932, 52.4385], [21.9609, 52.4421], [21.9702, 52.3873], [22.0194, 52.375], [22.0043, 52.363], [21.989, 52.3891], [22.0176, 52.3799], [22.0114, 52.3773], [21.9805, 52.403], [21.9853, 52.387], [21.9658, 52.3847], [21.9799, 52.3911], [22.014, 52.4038], [22.0043, 52.3898], [21.9931, 52.3969], [21.9651, 52.3862], [21.9744, 52.3787], [22.011, 52.4135], [22.0144, 52.393], [22.0199, 52.388], [21.992, 52.3891], [22.0347, 52.4034], [22.0228, 52.3921], [22.0163, 52.3958], [21.9892, 52.3926], [21.9822, 52.3995], [21.9909, 52.3885], [22.0131, 52.3848], [22.0036, 52.3736], [21.9877, 52.3961], [21.9801, 52.3779], [21.9623, 52.3732], [21.9917, 52.406], [21.9691, 52.4024], [21.9872, 52.3968], [22.0387, 52.3934], [22.0166, 52.4195], [22.0391, 52.4028], [22.0332, 52.3971], [21.9874, 52.3941], [21.9993, 52.3866], [22.01, 52.3857], [22.0103, 52.4106], [22.0213, 52.4046], [22.0031, 52.3776], [22.0689, 52.3848], [22.0456, 52.3671], [22.0292, 52.3567], [21.9538, 52.3753], [21.9552, 52.3398], [21.9925, 52.3854], [22.014, 52.3965], [22.0157, 52.3866], [21.9876, 52.3983], [21.9726, 52.3899], [21.9822, 52.3778], [21.99, 52.3994], [21.9681, 52.4089], [21.9488, 52.4097], [22.0215, 52.4042], [21.9883, 52.4251], [21.9879, 52.4139], [21.9896, 52.4018], [21.9702, 52.3926], [21.9787, 52.3926], [21.9906, 52.3986], [21.966, 52.404], [21.9616, 52.3963], [21.9974, 52.3787], [22.0173, 52.3777], [22.0128, 52.3588], [21.9388, 52.3952], [21.9908, 52.3971], [21.9424, 52.3708], [22.0063, 52.3879], [22.0188, 52.4036], [22.0249, 52.3912], [35.7651, 49.5872], [35.7849, 49.5836], [35.7974, 49.5678]]]}}, {"type": "Feature", "properties": {"regionId": "71"}, "geometry": {"type": "Polygon", "coordinates": [[[24.1432, 48.3949], [22.019, 52.4118], [21.9887, 52.4149], [21.9822, 52.4273], [21.9921, 52.4085], [22.0012, 52.4246], [21.9922, 52.4342], [21.9867, 52.412], [22.0141, 52.4142], [22.0107, 52.4255], [21.988, 52.4144], [21.99, 52.4369], [22.0199, 52.4185], [22.0264, 52.3884], [22.0108, 52.4162], [22.0256, 52.4213], [22.0329, 52.4041], [22.0065, 52.4121], [22.0285, 52.4181], [22.0077, 52.4178], [22.0321, 52.4071], [22.0391, 52.4236], [22.0177, 52.4048], [22.0064, 52.421], [22.037, 52.4241], [21.9607, 52.4287], [22.0033, 52.4231], [22.0292, 52.4292], [22.0141, 52.4068], [22.0079, 52.4019], [22.0035, 52.413], [22.0102, 52.4082], [22.0165, 52.4039], [22.0242, 52.4157], [22.0146, 52.4286], [22.0314, 52.4479], [22.0562, 52.4796], [22.0033, 52.4135], [22.0156, 52.3818], [22.0292, 52.4005], [22.032, 52.4431], [22.1033, 52.4887], [22.1359, 52.5291], [21.9835, 52.4168], [22.027, 52.4112], [22.027, 52.4245], [21.997, 52.4064], [21.9926, 52.4101], [22.0064, 52.4125], [22.0075, 52.4086], [21.9725, 52.4103], [21.9651, 52.4176], [22.0179, 52.4197], [22.0254, 52.425], [22.0213, 52.4542], [22.0129, 52.4321], [21.9679, 52.4431], [21.9509, 52.4616], [22.0059, 52.4281], [22.0589, 52.4019], [22.0712, 52.4278], [21.9597, 52.3869], [21.9756, 52.4516], [21.9345, 52.4218], [21.9955, 52.4024], [21.9903, 52.4078], [21.9829, 52.4093], [21.9906, 52.4062], [21.9886, 52.3993], [21.9801, 52.3981], [21.9914, 52.406], [21.9861, 52.412], [21.9715, 52.4069], [21.9706, 52.3841], [22.0074, 52.349], [21.9765, 52.3394], [21.97, 52.401], [21.9557, 52.4309], [21.9217, 52.4106], [21.9486, 52.396], [21.899, 52.361], [21.862, 52.3648], [21.9851, 52.3924], [21.9928, 52.3921], [22.005, 52.3875], [21.9807, 52.3945], [21.9648, 52.4225], [21.9523, 52.4042], [21.9928, 52.3732], [21.9742, 52.4156], [21.9452, 52.4028], [21.9311, 52.4331], [21.9285, 52.3528], [21.8918, 52.3894], [21.9612, 52.4143], [21.9228, 52.393], [21.8997, 52.3685], [21.9721, 52.4113], [21.9341, 52.4198], [21.9011, 52.4093], [21.9893, 52.3969], [21.9869, 52.4077], [21.9794, 52.4111], [21.9913, 52.3995], [21.9878, 52.3944], [21.9787, 52.4037], [21.9805, 52.3962], [21.9759, 52.3779], [21.953, 52.3713], [22.0004, 52.4115], [21.9834, 52.4077], [21.9765, 52.4037], [21.9702, 52.383], [22.0055, 52.343], [21.9616, 52.3292], [21.9849, 52.3918], [21.979, 52.4134], [21.9637, 52.3963], [22.007, 52.379], [21.953, 52.3678], [21.9452, 52.3486], [22.0367, 52.384], [22.0058, 52.364], [21.9971, 52.3426], [22.0024, 52.3902], [22.0119, 52.366], [22.0356, 52.3708], [22.033, 52.3933], [21.9685, 52.3895], [21.973, 52.375], [21.9953, 52.3871], [22.0057, 52.3732], [21.9801, 52.3625], [22.0113, 52.3932], [22.0166, 52.3795], [22.0206, 52.3699], [22.0179, 52.3803], [21.9334, 52.3314], [22.0036, 52.332], [22.0227, 52.3928], [22.021, 52.3756], [22.0505, 52.3838], [22.0161, 52.3801], [22.0288, 52.3674], [22.0548, 52.3509], [22.0058, 52.3849], [22.0313, 52.3792], [22.0526, 52.381], [22.008, 52.4044], [22.0114, 52.4122], [22.0228, 52.4055], [22.0303, 52.4061], [22.0564, 52.3845], [22.0313, 52.3671], [22.0056, 52.3889], [22.0103, 52.3636], [22.0377, 52.3694], [22.0159, 52.3858], [22.0288, 52.3702], [22.0633, 52.3755], [22.0128, 52.398], [22.0206, 52.4151], [22.0263, 52.4005], [22.0289, 52.3976], [22.0031, 52.3883], [22.0014, 52.3773], [22.0231, 52.3823], [21.9888, 52.3601], [21.9979, 52.3412], [22.0148, 52.3865], [22.086, 52.3774], [22.0612, 52.4037], [22.0249, 52.4181], [22.0194, 52.4364], [22.0626, 52.4245], [22.0074, 52.4165], [22.036, 52.4108], [22.0441, 52.4148], [24.1123, 48.3836], [24.121, 48.3939], [24.1432, 48.3949]]]}}, {"type": "Feature", "properties": {"regionId": "116"}, "geometry": {"type": "Polygon", "coordinates": [[[33.1455, 50.3986], [22.0567, 52.3943], [22.0549, 52.3815], [22.1017, 52.4014], [22.0175, 52.4001], [22.0487, 52.3703], [22.0633, 52.3903], [22.01, 52.3883], [22.0116, 52.4236], [22.0157, 52.4292], [22.0139, 52.4034], [22.0395, 52.4252], [22.0398, 52.4046], [22.0317, 52.3887], [22.0415, 52.3682], [22.0904, 52.3759], [21.9999, 52.3837], [21.9976, 52.3692], [22.0313, 52.3782], [22.0095, 52.4002], [22.0318, 52.3574], [22.0299, 52.3847], [22.0302, 52.416], [22.04, 52.398], [22.0548, 52.3972], [22.0091, 52.4231], [22.0189, 52.402], [22.0356, 52.3982], [22.0423, 52.4272], [22.0986, 52.3979], [22.1608, 52.3917], [22.0291, 52.3956], [22.1139, 52.3664], [22.1039, 52.4056], [22.0283, 52.399], [22.0662, 52.4127], [22.0591, 52.4268], [21.9614, 52.4055], [21.9555, 52.4134], [21.9964, 52.4157], [22.0072, 52.4172], [22.0566, 52.4181], [22.0662, 52.3981], [22.0118, 52.3897], [22.0345, 52.4245], [22.047, 52.431], [22.0328, 52.3916], [22.0745, 52.3493], [22.0775, 52.3551], [22.0109, 52.407], [22.0246, 52.3994], [22.0299, 52.4042], [21.9805, 52.41], [22.0091, 52.4081], [22.0149, 52.4037], [22.0587, 52.3955], [21.9777, 52.3668], [22.0342, 52.3695], [22.0045, 52.4443], [22.0942, 52.4535], [22.1366, 52.4431], [21.9788, 52.4872], [21.9548, 52.519], [21.8335, 52.5898], [22.0299, 52.4349], [22.0563, 52.4048], [22.079, 52.4241], [22.0009, 52.4123], [21.9788, 52.4165], [22.0128, 52.4282], [22.0106, 52.4092], [21.9978, 52.4107], [21.9893, 52.4185], [21.9999, 52.4065], [22.0071, 52.4192], [21.9964, 52.4227], [21.9791, 52.4037], [21.9769, 52.4143], [22.0028, 52.4116], [22.0054, 52.4247], [22.0363, 52.4371], [22.0235, 52.4629], [21.9817, 52.4155], [21.9718, 52.4107], [21.9459, 52.4014], [21.9765, 52.4207], [21.9721, 52.453], [21.9737, 52.4662], [21.9756, 52.4019], [21.9727, 52.4009], [21.958, 52.4107], [21.9678, 52.4023], [21.9963, 52.4127], [22.0043, 52.4217], [21.9989, 52.4238], [22.031, 52.4288], [22.0036, 52.4472], [21.9623, 52.4063], [21.9501, 52.4375], [21.9424, 52.4574], [21.9514, 52.4135], [21.9425, 52.3923], [21.9538, 52.3704], [21.9901, 52.3911], [21.9709, 52.3757], [21.958, 52.3685], [21.9945, 52.4009], [21.9562, 52.3819], [21.9801, 52.3764], [21.9677, 52.3974], [21.9477, 52.4106], [21.9203, 52.4], [21.9676, 52.3976], [21.9442, 52.3992], [21.9061, 52.3991], [21.9679, 52.3907], [21.9799, 52.3715], [21.9395, 52.3838], [21.9648, 52.4022], [22.0198, 52.4235], [21.9943, 52.431], [21.9664, 52.4008], [21.9847, 52.4282], [21.9708, 52.4343], [21.9208, 52.3683], [21.8651, 52.4619], [21.8691, 52.3518], [21.9639, 52.4066], [21.941, 52.4099], [21.9345, 52.3815], [21.933, 52.39], [21.8092, 52.4442], [21.7552, 52.394], [21.9879, 52.3801], [22.0281, 52.3145], [21.9858, 52.331], [21.9905, 52.3976], [21.976, 52.3905], [21.9886, 52.382], [22.01, 52.3892], [21.9996, 52.3864], [21.995, 52.3722], [22.0339, 52.4003], [21.9916, 52.3819], [21.9865, 52.3745], [22.009, 52.3852], [22.0147, 52.3705], [22.0021, 52.3607], [22.0096, 52.3739], [22.0394, 52.359], [22.0569, 52.3458], [22.0766, 52.3965], [21.915, 52.3792], [21.9253, 52.3681], [22.0172, 52.3815], [22.0164, 52.3391], [21.9765, 52.3407], [22.012, 52.3797], [21.9712, 52.355], [22.005, 52.3472], [21.9776, 52.3937], [21.9705, 52.3837], [21.9545, 52.3667], [33.1411, 50.4266], [33.1226, 50.4158], [33.1455, 50.3986]]]}}, {"type": "Feature", "properties": {"regionId": "139"}, "geometry": {"type": "Polygon", "coordinates": [[[26.5595, 48.0792], [22.0317, 52.3908], [22.0132, 52.4195], [22.0427, 52.4069], [22.0126, 52.3969], [21.9933, 52.424], [22.0178, 52.4236], [22.0591, 52.3799], [22.0151, 52.422], [22.0427, 52.4019], [22.0169, 52.4097], [21.9787, 52.4244], [21.9971, 52.431], [22.1026, 52.4527], [22.035, 52.5196], [22.1082, 52.4426], [22.0081, 52.3863], [22.013, 52.3948], [22.027, 52.4019], [22.0029, 52.3845], [22.013, 52.3764], [22.0342, 52.369], [22.0497, 52.3998], [22.0316, 52.4295], [22.0327, 52.4514], [21.973, 52.4078], [21.9434, 52.3973], [21.9246, 52.4245], [21.9968, 52.4107], [21.9493, 52.4318], [21.9665, 52.4393], [22.0268, 52.4001], [22.0471, 52.381], [22.0591, 52.4093], [22.2178, 52.4042], [22.041, 52.3581], [22.1985, 52.3458], [22.0575, 52.3894], [21.9979, 52.4262], [22.0761, 52.4166], [22.018, 52.4216], [21.9359, 52.4503], [21.9858, 52.4435], [22.0186, 52.4007], [22.0311, 52.393], [22.0356, 52.4074], [22.0377, 52.3916], [22.0467, 52.3063], [22.1238, 52.363], [22.0155, 52.3926], [22.0326, 52.3932], [22.0441, 52.3787], [22.0163, 52.4049], [22.0343, 52.4084], [22.0491, 52.3991], [22.0031, 52.4147], [22.0215, 52.4421], [22.0271, 52.4555], [22.0075, 52.4154], [22.0241, 52.4187], [22.0384, 52.4139], [22.007, 52.3954], [21.996, 52.4052], [22.0036, 52.4065], [22.0042, 52.3945], [22.0187, 52.3938], [22.0213, 52.3903], [22.0023, 52.3693], [22.0073, 52.3727], [22.0512, 52.3727], [22.0423, 52.3896], [22.027, 52.4288], [22.0491, 52.4407], [22.0207, 52.407], [22.0446, 52.4015], [22.0598, 52.4167], [21.8975, 52.4192], [21.9941, 52.529], [21.8513, 52.556], [21.9572, 52.4161], [21.9661, 52.3792], [21.9367, 52.3741], [21.9783, 52.3981], [21.9738, 52.4134], [21.9602, 52.4204], [21.9747, 52.4092], [21.9472, 52.3883], [21.9694, 52.3745], [22.0303, 52.3306], [21.9096, 52.4203], [21.8613, 52.3644], [21.962, 52.3916], [21.9193, 52.4089], [21.8812, 52.4134], [21.9893, 52.4036], [21.9945, 52.4261], [21.9779, 52.4144], [21.9994, 52.3743], [21.9524, 52.3998], [21.9417, 52.3829], [21.9559, 52.3306], [21.9023, 52.4069], [21.8976, 52.4389], [21.926, 52.3994], [22.0044, 52.3551], [21.9644, 52.3384], [21.9586, 52.3927], [21.9863, 52.442], [21.9452, 52.4389], [21.9802, 52.3882], [22.0337, 52.3746], [22.0156, 52.3551], [21.9611, 52.3629], [21.9249, 52.4446], [21.8805, 52.413], [21.98, 52.3711], [22.0297, 52.3886], [22.0498, 52.3857], [22.0037, 52.3807], [22.0483, 52.3709], [22.0391, 52.3509], [21.9574, 52.3725], [21.9246, 52.4337], [21.8954, 52.4111], [22.0244, 52.3674], [22.0249, 52.337], [21.9552, 52.3542], [21.9632, 52.4245], [21.9541, 52.4739], [21.9125, 52.4903], [21.9718, 52.3883], [21.9397, 52.3922], [21.911, 52.3861], [21.9891, 52.3907], [21.9789, 52.3682], [21.9552, 52.3773], [21.9601, 52.4128], [21.9583, 52.3838], [21.9345, 52.4273], [21.9646, 52.4062], [21.9286, 52.3796], [21.8904, 52.3907], [21.9533, 52.409], [21.9941, 52.5265], [21.9274, 52.4773], [21.9959, 52.3795], [22.0327, 52.3685], [22.0306, 52.3486], [21.9945, 52.3849], [21.9796, 52.373], [21.9701, 52.3639], [22.0051, 52.3893], [21.9995, 52.3803], [22.0171, 52.3653], [21.9707, 52.3872], [21.9644, 52.397], [21.9552, 52.4157], [21.9916, 52.392], [21.9805, 52.408], [21.995, 52.387], [22.0092, 52.3699], [22.0475, 52.3923], [22.0712, 52.3662], [22.0409, 52.3865], [22.0576, 52.3592], [22.0904, 52.3347], [21.9792, 52.391], [21.9847, 52.3834], [21.9993, 52.3727], [21.9948, 52.3934], [21.9613, 52.3754], [22.0036, 52.3778], [22.0271, 52.3966], [22.0202, 52.4375], [22.0512, 52.4245], [22.029, 52.3833], [22.0431, 52.4182], [22.0697, 52.3926], [22.0134, 52.3932], [22.0175, 52.4098], [22.0342, 52.406], [22.0242, 52.4122], [21.9891, 52.3719], [22.0135, 52.3727], [22.0116, 52.3988], [22.0109, 52.419], [22.0221, 52.4259], [22.0254, 52.3876], [22.0547, 52.3936], [22.059, 52.3704], [26.5223, 48.1508], [26.5492, 48.1343], [26.5595, 48.0792]]]}}, {"type": "Feature", "properties": {"regionId": "115"}, "geometry": {"type": "Polygon", "coordinates": [[[34.3801, 51.4053], [22.011, 52.4055], [22.0003, 52.4178], [21.9986, 52.4245], [22.008, 52.4028], [22.0226, 52.4011], [22.0178, 52.4102], [21.9817, 52.4187], [21.941, 52.4124], [21.9452, 52.4384], [21.9962, 52.4561], [21.9601, 52.3949], [21.9573, 52.4467], [21.9433, 52.3796], [21.9895, 52.4545], [21.9416, 52.4444], [21.9751, 52.3995], [21.9539, 52.408], [21.9488, 52.4245], [21.9703, 52.3889], [21.9826, 52.4048], [21.9964, 52.4111], [22.0396, 52.4209], [22.0902, 52.4074], [22.1153, 52.4282], [22.0283, 52.3929], [22.0792, 52.3951], [22.0968, 52.4181], [22.0224, 52.3917], [22.0524, 52.3899], [22.0768, 52.3963], [22.0403, 52.3978], [22.061, 52.4224], [22.0512, 52.4509], [21.9918, 52.4087], [21.9618, 52.4206], [21.9744, 52.4319], [22.0066, 52.4127], [22.0069, 52.4264], [22.0, 52.4352], [21.9945, 52.409], [21.9723, 52.405], [21.9765, 52.4167], [21.9744, 52.4005], [21.9722, 52.4238], [21.9402, 52.4292], [21.9823, 52.43], [21.9465, 52.4085], [21.9168, 52.4106], [22.0282, 52.4238], [22.0066, 52.4331], [21.9744, 52.4417], [22.0139, 52.411], [21.9933, 52.4149], [21.9836, 52.4222], [21.9953, 52.4091], [21.9899, 52.4285], [21.9737, 52.431], [21.9158, 52.3825], [21.9978, 52.4525], [21.9196, 52.4356], [21.9907, 52.4298], [22.0075, 52.4619], [21.9644, 52.4731], [22.0602, 52.4217], [22.0053, 52.4277], [22.0484, 52.4532], [22.0112, 52.448], [21.9408, 52.4169], [21.9431, 52.4778], [21.9951, 52.4146], [21.9279, 52.3976], [21.948, 52.4306], [21.9917, 52.4125], [21.9743, 52.4063], [21.9616, 52.4111], [21.9914, 52.4092], [21.9988, 52.4145], [21.9822, 52.4153], [22.0029, 52.4939], [21.923, 52.4375], [21.8975, 52.4819], [22.0187, 52.4068], [22.0025, 52.4154], [21.9943, 52.4227], [22.0014, 52.4139], [21.9958, 52.4196], [21.973, 52.419], [21.9656, 52.4081], [21.9408, 52.392], [21.9118, 52.3884], [21.9933, 52.4183], [21.9772, 52.4034], [21.9594, 52.4046], [21.989, 52.3736], [21.9334, 52.3873], [21.9047, 52.3644], [21.9788, 52.3796], [21.9901, 52.3914], [21.9545, 52.3995], [22.0573, 52.3634], [21.9693, 52.3833], [21.9431, 52.3852], [21.9788, 52.4149], [22.0239, 52.4216], [22.032, 52.4347], [22.0055, 52.4247], [21.967, 52.4084], [21.9438, 52.4218], [21.9854, 52.4002], [21.9734, 52.3919], [21.9829, 52.3783], [21.9692, 52.4111], [21.9826, 52.3798], [21.958, 52.3773], [22.002, 52.3873], [21.9919, 52.392], [21.9815, 52.3935], [22.0168, 52.3867], [22.0152, 52.3901], [21.9993, 52.3792], [22.0144, 52.3928], [21.9915, 52.3929], [22.0014, 52.3815], [21.982, 52.3952], [22.0, 52.398], [21.9979, 52.3875], [21.99, 52.399], [21.9841, 52.3769], [21.9758, 52.3898], [21.9936, 52.4033], [21.998, 52.3833], [22.0057, 52.3866], [22.0058, 52.3902], [21.967, 52.3544], [21.958, 52.3745], [21.9749, 52.3927], [22.0138, 52.3895], [22.0043, 52.3764], [21.9769, 52.3862], [21.9841, 52.3753], [22.0071, 52.3607], [21.9694, 52.3638], [22.0181, 52.3661], [21.9929, 52.3787], [22.0328, 52.4094], [22.1263, 52.3671], [22.1096, 52.3417], [22.0331, 52.3976], [22.0713, 52.4069], [22.0626, 52.3806], [22.0186, 52.3541], [21.9613, 52.3776], [21.9324, 52.3537], [21.9742, 52.3967], [21.9792, 52.4325], [21.9566, 52.4255], [21.9746, 52.3856], [21.9537, 52.378], [21.9239, 52.3778], [22.0074, 52.3793], [21.9699, 52.3854], [22.0171, 52.3764], [22.0208, 52.398], [22.0154, 52.3836], [22.0213, 52.375], [22.0229, 52.3899], [22.0299, 52.3928], [22.0441, 52.3755], [22.0035, 52.3902], [21.9885, 52.3911], [21.9794, 52.394], [21.9868, 52.3985], [22.0037, 52.3862], [21.9851, 52.3907], [21.997, 52.3742], [21.9698, 52.3862], [21.9481, 52.3866], [21.9854, 52.4033], [21.9917, 52.3931], [21.9808, 52.3889], [21.9843, 52.4019], [21.9741, 52.3888], [21.9659, 52.4014], [21.9896, 52.4003], [21.981, 52.3833], [21.9673, 52.3815], [21.9929, 52.3925], [21.991, 52.4034], [21.9886, 52.406], [21.992, 52.3988], [21.9831, 52.3938], [21.9758, 52.4], [21.9928, 52.3852], [21.98, 52.3941], [21.9929, 52.3755], [21.9956, 52.3843], [21.951, 52.3899], [21.953, 52.3773], [22.0089, 52.3854], [21.9832, 52.4019], [21.99, 52.3921], [22.0138, 52.3943], [21.9932, 52.3908], [22.0021, 52.3819], [21.999, 52.3862], [22.0268, 52.3868], [22.0185, 52.3694], [21.974, 52.4032], [21.9651, 52.379], [21.9537, 52.3685], [22.005, 52.3966], [21.9688, 52.397], [21.9829, 52.3852], [22.0182, 52.4092], [22.0071, 52.3838], [22.0206, 52.3741], [22.0347, 52.385], [22.0362, 52.36], [22.0697, 52.3505], [22.0032, 52.3822], [21.9587, 52.3954], [21.9772, 52.382], [22.0252, 52.4045], [22.0375, 52.3745], [22.0406, 52.4], [22.0129, 52.4017], [22.0303, 52.3714], [22.0363, 52.3718], [22.0085, 52.4155], [22.0279, 52.4025], [22.0455, 52.4181], [22.0271, 52.3991], [22.0011, 52.4161], [22.0235, 52.4074], [22.0033, 52.398], [22.0144, 52.3944], [22.0242, 52.3968], [22.0043, 52.4111], [22.0271, 52.4015], [22.0292, 52.4083], [22.0128, 52.4125], [22.035, 52.4277], [22.0576, 52.4352], [22.0381, 52.392], [22.0639, 52.4038], [22.0832, 52.3805], [21.9934, 52.4124], [22.0436, 52.4185], [22.0171, 52.4046], [22.0116, 52.3888], [22.0422, 52.3844], [22.0505, 52.3699], [22.0085, 52.3838], [22.0332, 52.3871], [22.0505, 52.3949], [22.0146, 52.3871], [22.0331, 52.367], [22.0612, 52.375], [22.0227, 52.4038], [22.0159, 52.3898], [21.9979, 52.3907], [22.0052, 52.3867], [22.0438, 52.3843], [22.0591, 52.3741], [22.0264, 52.3964], [22.0098, 52.3835], [22.0206, 52.3695], [21.9922, 52.4001], [21.9741, 52.4004], [21.9815, 52.3926], [22.0336, 52.3777], [22.0148, 52.3563], [22.0477, 52.3463], [22.015, 52.383], [22.032, 52.3787], [22.0583, 52.3852], [22.0138, 52.3978], [22.0147, 52.3787], [22.032, 52.3843], [22.0288, 52.4064], [21.9769, 52.387], [22.0071, 52.387], [22.0227, 52.397], [22.0043, 52.4153], [22.0285, 52.412], [22.0114, 52.3868], [21.9752, 52.3813], [21.9843, 52.3759], [22.0162, 52.3921], [21.9949, 52.3903], [21.9915, 52.387], [22.0035, 52.3956], [22.0102, 52.3882], [21.9972, 52.3917], [21.9918, 52.3811], [22.0438, 52.3876], [22.0391, 52.406], [22.0096, 52.4016], [22.0601, 52.4331], [22.0455, 52.4125], [21.9968, 52.3769], [22.0308, 52.3992], [22.047, 52.406], [22.0076, 52.414], [21.9781, 52.4163], [21.9865, 52.4282], [21.9924, 52.4141], [21.9767, 52.4211], [22.0036, 52.4088], [21.9931, 52.4087], [22.0006, 52.4302], [22.01, 52.4106], [22.0171, 52.4169], [22.0231, 52.3899], [22.0491, 52.3981], [21.99, 52.4101], [21.989, 52.4211], [22.0029, 52.431], [22.0047, 52.3594], [22.0545, 52.3676], [22.0797, 52.3477], [22.0459, 52.4226], [22.0518, 52.4394], [22.0605, 52.3949], [34.3137, 51.4084], [34.324, 51.4363], [34.3801, 51.4053]]]}}, {"type": "Feature", "properties": {"regionId": "72"}, "geometry": {"type": "Polygon", "coordinates": [[[24.5765, 47.9848], [22.0155, 52.4111], [22.0408, 52.4275], [22.0441, 52.4407], [22.0056, 52.3931], [22.0496, 52.4003], [22.0406, 52.4028], [21.9813, 52.4065], [22.0046, 52.4186], [22.0035, 52.4273], [22.0195, 52.4132], [22.0257, 52.4245], [22.037, 52.4426], [22.0094, 52.4086], [21.9667, 52.4212], [21.9936, 52.4296], [22.0011, 52.4087], [22.0266, 52.409], [22.0398, 52.4093], [22.0531, 52.412], [21.9958, 52.4294], [22.0441, 52.4541], [21.9805, 52.4145], [21.9878, 52.4279], [21.9893, 52.4449], [21.977, 52.4005], [21.9635, 52.411], [21.9687, 52.431], [21.9863, 52.4392], [22.0637, 52.4282], [22.0719, 52.4518], [21.9748, 52.4104], [21.9736, 52.4226], [21.9936, 52.4329], [21.9851, 52.4063], [21.9832, 52.424], [21.9666, 52.4273], [21.9601, 52.4182], [22.0101, 52.3965], [22.0064, 52.4199], [22.026, 52.4133], [21.9997, 52.3931], [22.0157, 52.3898], [22.0, 52.4047], [22.0051, 52.41], [22.01, 52.4028], [22.0104, 52.3922], [21.9992, 52.4196], [22.0071, 52.4259], [21.9909, 52.4081], [21.9713, 52.4218], [21.9865, 52.438], [22.0242, 52.4532], [22.0445, 52.409], [22.0527, 52.4416], [21.9772, 52.4034], [21.9954, 52.4287], [21.9914, 52.4426], [21.9691, 52.4033], [21.9621, 52.4279], [21.9253, 52.4287], [21.9743, 52.4211], [21.9489, 52.4503], [21.8975, 52.4449], [21.9972, 52.3718], [21.9569, 52.3482], [21.9153, 52.3671], [21.9599, 52.3955], [22.0778, 52.3555], [22.005, 52.3699], [21.9944, 52.4156], [21.9746, 52.4054], [21.9616, 52.3903], [21.9887, 52.3954], [21.9733, 52.4076], [21.9594, 52.4005], [21.9962, 52.3595], [21.9486, 52.3628], [21.8897, 52.3514], [22.0016, 52.3812], [21.971, 52.373], [21.9402, 52.3731], [21.9906, 52.3779], [21.9629, 52.4002], [21.9481, 52.3773], [21.9731, 52.3808], [21.9736, 52.3448], [21.9239, 52.3403], [21.9869, 52.4033], [21.9816, 52.4194], [21.9523, 52.412], [21.9857, 52.3821], [21.9657, 52.3612], [22.0014, 52.3468], [21.9776, 52.3848], [21.9845, 52.3622], [22.0057, 52.3523], [21.9842, 52.367], [22.0265, 52.3534], [22.0349, 52.3329], [22.024, 52.4004], [22.0555, 52.3959], [22.0747, 52.3861], [22.058, 52.419], [21.9869, 52.4732], [22.0953, 52.4305], [22.0161, 52.3936], [22.001, 52.3866], [22.0021, 52.3778], [22.0076, 52.3876], [22.0319, 52.3908], [22.0413, 52.3806], [21.9956, 52.3899], [22.0328, 52.3979], [22.0235, 52.3889], [22.0197, 52.3876], [22.02, 52.3791], [22.0441, 52.3699], [22.0106, 52.3856], [22.0408, 52.3828], [22.0285, 52.3597], [21.9836, 52.3798], [22.0373, 52.387], [22.0491, 52.3708], [22.0241, 52.386], [21.9738, 52.3841], [21.9893, 52.3695], [21.9703, 52.3863], [22.0026, 52.3827], [21.9801, 52.3722], [21.9823, 52.3861], [22.0162, 52.3826], [22.0192, 52.3722], [24.5587, 47.9958], [24.55, 47.9863], [24.5765, 47.9848]]]}}, {"type": "Feature", "properties": {"regionId": "105"}, "geometry": {"type": "Polygon", "coordinates": [[[28.7575, 45.4507], [21.9975, 52.3995], [22.0017, 52.3873], [22.005, 52.3898], [28.7662, 45.445], [28.7647, 45.4452], [28.7575, 45.4507], [28.5938, 45.5534], [21.9963, 52.3421], [22.1585, 52.3712], [22.1039, 52.3111], [21.9924, 52.3564], [22.0793, 52.4126], [22.1224, 52.4102], [21.9936, 52.4185], [21.9853, 52.441], [21.9787, 52.4593], [21.9676, 52.439], [22.0477, 52.4388], [22.0889, 52.437], [22.0422, 52.4076], [22.0647, 52.4239], [22.1117, 52.4291], [21.9698, 52.4337], [22.0696, 52.4061], [22.0249, 52.4639], [22.0402, 52.4003], [22.0588, 52.4014], [22.0413, 52.4301], [22.0272, 52.4136], [22.0768, 52.4139], [22.0534, 52.4463], [22.1594, 52.468], [22.0998, 52.3998], [22.1445, 52.3338], [22.0509, 52.4079], [22.1458, 52.4217], [22.2028, 52.4407], [21.9623, 52.4707], [22.0594, 52.4035], [22.0719, 52.438], [21.9209, 52.4479], [21.9562, 52.5281], [22.0847, 52.518], [22.0778, 52.4101], [21.9897, 52.4262], [21.9936, 52.4407], [21.9891, 52.4321], [22.0196, 52.4948], [21.9431, 52.4722], [22.0136, 52.4276], [22.0607, 52.4936], [22.0107, 52.5069], [21.9317, 52.3867], [21.9779, 52.4137], [21.9694, 52.4417], [22.0404, 52.4084], [22.1496, 52.3776], [22.1423, 52.4208], [21.9754, 52.5232], [21.9768, 52.4359], [21.842, 52.4824], [21.7661, 52.447], [22.1555, 52.4072], [21.9274, 52.5148], [21.9921, 52.42], [21.9388, 52.5097], [21.9416, 52.4546], [21.9951, 52.3909], [21.9914, 52.3886], [21.973, 52.3843], [21.9945, 52.3949], [22.0257, 52.3243], [21.9851, 52.3537], [21.9565, 52.395], [21.9682, 52.3429], [21.9096, 52.3704], [22.0119, 52.4122], [22.058, 52.4286], [22.0242, 52.4407], [21.9959, 52.4085], [22.0074, 52.4271], [21.9886, 52.4329], [22.0306, 52.4136], [22.0428, 52.4258], [22.0206, 52.4407], [22.0002, 52.4389], [21.9987, 52.4585], [21.931, 52.4379], [21.9909, 52.3466], [21.9348, 52.3841], [21.8911, 52.3625], [21.9671, 52.3987], [21.9664, 52.3756], [21.9175, 52.3829], [22.0845, 52.3723], [22.0343, 52.3731], [21.9495, 52.3704], [22.0152, 52.3547], [22.0522, 52.3066], [22.0662, 52.2695], [21.999, 52.3961], [21.9551, 52.3677], [21.9552, 52.3421], [22.2185, 52.3161], [22.0133, 52.3173], [22.0113, 52.2334], [22.1393, 52.3071], [21.8446, 52.3145], [21.7916, 52.2811], [21.9865, 52.3682], [22.0516, 52.296], [22.0093, 52.2796], [21.8817, 52.3956], [21.974, 52.3637], [21.9238, 52.3509], [21.9595, 52.3816], [21.8656, 52.4138], [21.9018, 52.3718], [22.0032, 52.3938], [22.0037, 52.3841], [21.9907, 52.3829], [21.9008, 52.4173], [21.9551, 52.3955], [21.8954, 52.3523], [22.0033, 52.3835], [22.0114, 52.3831], [22.0349, 52.388], [28.5769, 45.6132], [28.5823, 45.5768], [28.5938, 45.5534], [28.7575, 45.4507]]]}}, {"type": "Feature", "properties": {"regionId": "113"}, "geometry": {"type": "Polygon", "coordinates": [[[26.1412, 51.1109], [22.0098, 52.3892], [21.9995, 52.3762], [21.9772, 52.3759], [21.9738, 52.3798], [22.0476, 52.3823], [22.0612, 52.388], [22.0191, 52.4036], [22.0086, 52.3606], [22.0441, 52.3852], [22.0214, 52.3983], [22.0162, 52.3359], [22.0477, 52.3593], [22.0204, 52.3943], [22.0217, 52.4051], [22.0463, 52.3819], [22.011, 52.4151], [22.015, 52.4083], [22.0228, 52.4042], [22.0016, 52.3838], [22.0227, 52.3917], [22.0399, 52.3875], [22.0235, 52.3843], [21.9994, 52.3813], [22.005, 52.3699], [22.0076, 52.3743], [22.1096, 52.4006], [22.121, 52.3616], [22.0288, 52.4066], [21.9853, 52.4392], [22.0142, 52.4407], [22.0414, 52.3956], [22.0073, 52.3518], [22.0349, 52.3838], [21.9852, 52.4037], [21.9817, 52.4246], [21.9687, 52.4319], [21.9847, 52.3931], [21.9587, 52.4062], [21.963, 52.4148], [22.0176, 52.3965], [22.0269, 52.3917], [22.0441, 52.3866], [22.0061, 52.3972], [22.0183, 52.4168], [22.0278, 52.4032], [22.0272, 52.4049], [21.9857, 52.412], [21.9815, 52.4181], [21.9508, 52.43], [21.994, 52.4501], [22.0463, 52.4708], [22.1067, 52.4351], [22.0561, 52.4017], [22.1138, 52.3736], [21.9883, 52.3798], [22.0229, 52.3653], [21.9922, 52.357], [22.0249, 52.3864], [22.0589, 52.393], [22.0662, 52.412], [22.0238, 52.4243], [22.0527, 52.3912], [22.069, 52.4324], [22.0096, 52.3942], [22.0222, 52.381], [22.0327, 52.3912], [22.0478, 52.4005], [22.0731, 52.3906], [22.1288, 52.3949], [22.0848, 52.3955], [22.1145, 52.3236], [22.1857, 52.3171], [22.0132, 52.3919], [21.9929, 52.3826], [22.0014, 52.3727], [22.0259, 52.3916], [22.028, 52.3639], [22.0669, 52.3616], [21.9873, 52.4169], [22.049, 52.419], [22.0171, 52.4379], [22.0033, 52.4098], [22.0654, 52.3958], [22.0583, 52.413], [22.0792, 52.3954], [22.0116, 52.4444], [22.089, 52.4597], [21.9934, 52.4648], [22.0439, 52.5085], [22.1074, 52.549], [21.9957, 52.4115], [21.9812, 52.4068], [21.9737, 52.4153], [22.0238, 52.4128], [21.9923, 52.438], [21.9936, 52.4583], [22.0559, 52.3946], [22.1292, 52.4558], [22.0541, 52.4676], [22.0027, 52.4225], [21.9917, 52.4852], [22.0334, 52.4815], [22.0043, 52.394], [22.0036, 52.3651], [22.0406, 52.3616], [22.0183, 52.3807], [22.0587, 52.3785], [22.037, 52.4046], [21.9865, 52.4045], [21.9522, 52.4554], [21.9865, 52.4616], [22.0376, 52.3953], [22.0494, 52.4323], [22.0783, 52.419], [21.9782, 52.4509], [22.1536, 52.5092], [21.9851, 52.5226], [21.9616, 52.3706], [21.9096, 52.4405], [21.8833, 52.4148], [21.9384, 52.4286], [21.9938, 52.377], [21.9701, 52.3667], [21.9771, 52.3843], [21.9647, 52.4007], [21.9794, 52.4162], [21.9542, 52.3825], [21.8883, 52.4103], [21.8548, 52.3949], [21.9273, 52.3991], [21.8612, 52.3875], [21.931, 52.4416], [22.0011, 52.4233], [21.9592, 52.4254], [21.9345, 52.4139], [21.9963, 52.4263], [21.9931, 52.4933], [21.9907, 52.5213], [21.9925, 52.3967], [21.7834, 52.4005], [21.7901, 52.3917], [21.9899, 52.389], [21.9528, 52.358], [21.9189, 52.381], [21.9594, 52.3939], [21.9267, 52.4371], [21.894, 52.4079], [21.975, 52.401], [21.9758, 52.4206], [21.9495, 52.4185], [21.9994, 52.4193], [22.0017, 52.4497], [21.9466, 52.443], [21.9834, 52.4201], [21.9374, 52.4087], [21.9075, 52.4116], [21.9859, 52.405], [21.9784, 52.4099], [21.9787, 52.3958], [21.9393, 52.3639], [21.8817, 52.3951], [21.8477, 52.3375], [21.9826, 52.4108], [21.9002, 52.4108], [21.9096, 52.3954], [21.9556, 52.3826], [21.9915, 52.3776], [22.0, 52.3514], [21.9664, 52.3813], [21.9136, 52.4349], [21.8883, 52.4181], [21.9708, 52.3931], [21.8945, 52.3306], [21.9587, 52.3565], [22.0117, 52.3728], [22.0103, 52.3921], [22.0413, 52.381], [22.0971, 52.3846], [22.0069, 52.333], [22.0633, 52.3083], [22.0495, 52.3632], [21.8827, 52.3808], [21.9438, 52.351], [22.1525, 52.3344], [21.9995, 52.3394], [22.0619, 52.3208], [22.0672, 52.4121], [22.0409, 52.3862], [22.0712, 52.3579], [22.0896, 52.4209], [22.0764, 52.3837], [22.0505, 52.3648], [21.9522, 52.3946], [21.9445, 52.3813], [21.9267, 52.3648], [21.9784, 52.41], [21.9736, 52.3869], [21.9836, 52.3759], [22.0026, 52.3941], [22.0437, 52.3959], [22.0142, 52.3893], [21.9507, 52.3881], [21.9848, 52.3928], [21.9288, 52.3866], [21.9465, 52.387], [21.9712, 52.3963], [21.9352, 52.406], [22.0148, 52.399], [22.033, 52.4216], [22.0149, 52.4222], [21.9955, 52.3791], [21.9883, 52.3941], [21.9801, 52.3986], [21.9406, 52.3399], [22.0017, 52.3755], [21.9964, 52.3338], [22.036, 52.3966], [22.0715, 52.3905], [22.0484, 52.3639], [26.2306, 51.1435], [26.1788, 51.1386], [26.1412, 51.1109]]]}}, {"type": "Feature", "properties": {"regionId": "127"}, "geometry": {"type": "Polygon", "coordinates": [[[35.9141, 48.7874], [21.9883, 52.4148], [22.0181, 52.4212], [22.0398, 52.4153], [22.0037, 52.41], [22.026, 52.4309], [22.0434, 52.4273], [22.015, 52.4032], [22.0161, 52.3909], [22.0263, 52.4018], [22.0143, 52.4001], [22.01, 52.3945], [22.0199, 52.4019], [22.0011, 52.4054], [21.9906, 52.4016], [21.9872, 52.4042], [22.0131, 52.4054], [21.9985, 52.4164], [22.0114, 52.4204], [22.0589, 52.4183], [22.0779, 52.3635], [22.0918, 52.3856], [22.0091, 52.4004], [22.0083, 52.4101], [22.0078, 52.4144], [22.0107, 52.4035], [22.026, 52.3994], [22.0327, 52.4079], [21.9918, 52.4148], [22.0237, 52.4174], [22.0299, 52.4292], [22.0074, 52.4176], [22.003, 52.4091], [22.0292, 52.4134], [22.0292, 52.4255], [22.0959, 52.4232], [22.1224, 52.4486], [22.0093, 52.3988], [22.0092, 52.397], [22.0157, 52.4032], [21.9941, 52.4586], [21.862, 52.3648], [21.9004, 52.4356], [21.9902, 52.4188], [22.0122, 52.4682], [21.9666, 52.4579], [21.9997, 52.4067], [22.0162, 52.4237], [21.9936, 52.4199], [22.0414, 52.4715], [21.8994, 52.4031], [21.9431, 52.4745], [21.9562, 52.4066], [21.9492, 52.4259], [21.9658, 52.4505], [21.9952, 52.411], [21.9539, 52.4176], [21.9644, 52.4403], [21.9762, 52.4148], [21.9823, 52.4428], [21.9922, 52.4699], [21.9355, 52.4694], [22.0403, 52.4468], [22.0939, 52.4606], [21.9506, 52.424], [22.0087, 52.466], [22.0057, 52.4792], [21.9663, 52.4062], [21.9944, 52.4331], [21.9438, 52.4287], [21.9324, 52.4327], [21.8975, 52.3893], [21.8349, 52.3676], [21.9401, 52.4004], [22.0125, 52.4751], [21.9132, 52.4509], [21.9973, 52.3744], [21.971, 52.3867], [21.9523, 52.3912], [22.0041, 52.405], [22.0093, 52.4173], [22.0007, 52.4171], [21.9622, 52.4086], [21.9609, 52.4247], [21.9957, 52.4468], [22.0321, 52.4175], [21.9132, 52.4071], [21.894, 52.4028], [21.9786, 52.3773], [21.9766, 52.3432], [21.9025, 52.3556], [21.9952, 52.4214], [21.9557, 52.4212], [21.9367, 52.4204], [21.9982, 52.399], [21.9543, 52.4146], [21.9601, 52.3972], [21.9764, 52.392], [22.0416, 52.3376], [22.0448, 52.3153], [22.0238, 52.3702], [21.9352, 52.3908], [21.9246, 52.3736], [22.0369, 52.392], [22.0118, 52.3715], [22.0455, 52.3653], [22.0576, 52.4019], [22.0475, 52.354], [22.0014, 52.3634], [21.9617, 52.4066], [21.9199, 52.413], [21.8812, 52.4185], [21.9891, 52.3699], [21.9722, 52.3446], [22.0278, 52.3426], [22.0109, 52.3908], [21.9644, 52.3528], [22.0121, 52.3523], [21.9848, 52.3668], [21.8948, 52.3284], [21.9075, 52.2894], [21.9958, 52.3913], [21.9742, 52.382], [21.9822, 52.3995], [21.9504, 52.4152], [21.8799, 52.4074], [21.8243, 52.4125], [21.9442, 52.4677], [21.9108, 52.39], [21.8911, 52.3481], [22.0106, 52.3763], [22.0371, 52.2577], [22.069, 52.3218], [22.0024, 52.41], [22.0148, 52.4006], [22.0242, 52.3986], [22.0051, 52.3946], [21.9885, 52.3894], [22.0086, 52.3898], [21.9926, 52.3942], [21.9926, 52.3838], [22.0057, 52.381], [22.0041, 52.4235], [22.0437, 52.4215], [22.0576, 52.4088], [22.0156, 52.4135], [22.059, 52.4165], [22.0626, 52.4], [21.9607, 52.3984], [21.9986, 52.383], [22.0178, 52.3783], [22.0044, 52.3943], [21.9272, 52.3814], [21.9936, 52.3787], [22.0206, 52.3815], [22.0221, 52.4346], [22.0591, 52.3833], [22.0039, 52.4062], [22.0332, 52.4046], [22.0363, 52.3921], [22.0001, 52.3882], [21.9786, 52.3881], [22.0064, 52.3833], [22.0226, 52.3945], [22.0197, 52.3895], [22.0256, 52.3796], [22.026, 52.3907], [22.0401, 52.3844], [22.0619, 52.3806], [21.9859, 52.3842], [22.0171, 52.388], [22.0299, 52.3861], [22.0017, 52.394], [22.0064, 52.3854], [22.0221, 52.3861], [22.005, 52.3956], [21.9909, 52.3872], [22.0114, 52.3903], [22.0064, 52.3922], [22.0081, 52.3912], [22.0199, 52.3917], [21.9963, 52.3968], [21.993, 52.3897], [22.005, 52.3958], [22.0197, 52.4075], [22.0363, 52.4067], [22.0562, 52.4], [22.0177, 52.3996], [22.0168, 52.4021], [22.0285, 52.3986], [22.0092, 52.418], [22.0125, 52.4082], [22.0313, 52.4074], [22.034, 52.4082], [22.0046, 52.3846], [22.0263, 52.3806], [22.0097, 52.4127], [22.0816, 52.4169], [22.0562, 52.388], [22.0027, 52.3875], [22.0071, 52.3973], [22.0235, 52.3981], [21.9953, 52.4119], [22.0157, 52.4253], [22.0256, 52.4125], [21.9928, 52.3876], [22.0176, 52.3796], [22.0235, 52.3945], [22.0144, 52.386], [22.0211, 52.403], [22.0299, 52.3963], [21.9921, 52.3933], [22.0043, 52.3933], [22.0093, 52.3903], [35.8811, 48.7954], [35.9004, 48.7797], [35.9141, 48.7874]]]}}, {"type": "Feature", "properties": {"regionId": "147"}, "geometry": {"type": "Polygon", "coordinates": [[[36.0173, 46.5731], [22.0626, 52.4066], [22.1288, 52.4161], [22.19, 52.3995], [22.0323, 52.407], [22.0708, 52.4205], [22.1032, 52.4069], [22.1011, 52.363], [22.0301, 52.2778], [21.9566, 52.2648], [21.9748, 52.4082], [22.0057, 52.4078], [21.9886, 52.4157], [22.0071, 52.3764], [21.9755, 52.3631], [22.0171, 52.3602], [22.0906, 52.4629], [22.1155, 52.5604], [22.227, 52.6097], [22.1098, 52.4287], [22.2422, 52.4833], [22.3579, 52.4477], [22.0275, 52.3829], [22.0518, 52.3801], [22.0712, 52.35], [22.0253, 52.3836], [21.9697, 52.3449], [21.9815, 52.3829], [22.0078, 52.4194], [21.9908, 52.3841], [22.0, 52.3801], [22.0011, 52.3824], [21.9888, 52.4013], [21.9872, 52.3912], [21.9872, 52.3898], [21.9895, 52.3772], [21.9687, 52.3847], [22.0039, 52.3937], [22.0001, 52.3858], [21.9929, 52.394], [21.9861, 52.3901], [22.0082, 52.3787], [22.0206, 52.3903], [22.0814, 52.4554], [22.0708, 52.5485], [22.1708, 52.5944], [22.0505, 52.4413], [22.1709, 52.4216], [22.0783, 52.4852], [22.0369, 52.4285], [22.086, 52.4317], [22.121, 52.4518], [21.9903, 52.4086], [21.9297, 52.4213], [21.9587, 52.4338], [22.0355, 52.4129], [22.0101, 52.4561], [21.9808, 52.4292], [21.9745, 52.4143], [21.8691, 52.4261], [21.931, 52.4403], [21.983, 52.4091], [22.0109, 52.4243], [21.9872, 52.4241], [22.0098, 52.4243], [21.9881, 52.4024], [21.9801, 52.4139], [21.991, 52.4109], [21.979, 52.4235], [21.963, 52.4296], [21.9958, 52.3941], [21.9926, 52.403], [21.9936, 52.4055], [21.9896, 52.3987], [21.9825, 52.3908], [21.9879, 52.4019], [21.9939, 52.4097], [21.9894, 52.3954], [21.9822, 52.3991], [21.9948, 52.4119], [21.98, 52.3992], [21.9779, 52.4106], [21.9813, 52.3975], [21.9757, 52.4227], [21.9594, 52.4194], [21.9392, 52.3978], [21.8651, 52.4113], [21.8157, 52.3926], [22.0405, 52.3309], [21.8937, 52.3491], [21.8271, 52.3292], [21.9933, 52.4303], [22.0096, 52.4733], [21.9409, 52.4579], [21.9349, 52.3914], [22.0671, 52.4679], [21.9843, 52.4917], [21.9246, 52.4487], [21.9576, 52.396], [21.9147, 52.3903], [21.965, 52.4178], [21.9337, 52.4289], [21.8897, 52.4158], [21.9231, 52.4289], [21.9673, 52.4766], [21.7922, 52.4578], [21.8996, 52.3868], [22.0108, 52.3091], [21.9822, 52.2649], [21.7782, 52.398], [21.8511, 52.4084], [21.8613, 52.3019], [21.9953, 52.3726], [22.0747, 52.4123], [22.0597, 52.3732], [22.0299, 52.4037], [22.0436, 52.3957], [22.0441, 52.3773], [22.01, 52.4021], [22.04, 52.3964], [22.0235, 52.3889], [21.9578, 52.2933], [22.0899, 52.3948], [22.079, 52.3283], [22.0197, 52.3336], [21.9039, 52.3686], [21.9181, 52.3148], [22.0486, 52.4062], [22.0793, 52.4313], [22.1203, 52.4093], [22.0852, 52.4032], [21.9621, 52.3806], [21.9886, 52.3463], [21.9304, 52.3953], [21.9264, 52.3727], [21.9367, 52.3356], [21.9691, 52.3926], [21.9165, 52.4004], [21.9381, 52.3695], [35.9862, 46.6417], [36.0039, 46.6135], [36.0173, 46.5731]]]}}, {"type": "Feature", "properties": {"regionId": "73"}, "geometry": {"type": "Polygon", "coordinates": [[[29.7942, 49.0864], [22.0059, 52.391], [22.0298, 52.4026], [22.0078, 52.3926], [21.9579, 52.3622], [22.0665, 52.3509], [22.1138, 52.3671], [22.0463, 52.392], [22.0086, 52.4095], [22.0299, 52.4139], [22.0228, 52.407], [22.0286, 52.4422], [22.0619, 52.4477], [22.0323, 52.4118], [21.9814, 52.4548], [22.0043, 52.4625], [22.0145, 52.3921], [22.059, 52.4047], [22.0605, 52.4171], [22.0186, 52.4039], [22.0588, 52.4005], [22.0719, 52.3857], [21.9926, 52.3881], [22.0185, 52.3398], [22.0342, 52.3644], [22.0212, 52.4128], [21.9701, 52.4251], [22.0028, 52.4319], [22.0336, 52.4191], [21.9955, 52.4229], [22.0562, 52.4167], [22.0441, 52.408], [22.0105, 52.3641], [22.0128, 52.3472], [22.0515, 52.3886], [22.1538, 52.4009], [22.1779, 52.3695], [22.0325, 52.3726], [22.0031, 52.4727], [22.0548, 52.4578], [21.9964, 52.4158], [21.9837, 52.4322], [22.0185, 52.4315], [22.0089, 52.4043], [21.9893, 52.4207], [22.0057, 52.4194], [22.0396, 52.4347], [22.0773, 52.3396], [22.111, 52.3861], [22.0049, 52.4091], [22.0144, 52.4194], [22.0285, 52.4106], [22.016, 52.4205], [22.0306, 52.4219], [22.0562, 52.4065], [22.0391, 52.4155], [22.0754, 52.3558], [22.111, 52.3889], [22.0429, 52.4031], [22.0851, 52.4089], [22.1217, 52.4092], [22.0127, 52.4084], [22.0255, 52.4103], [22.0391, 52.4051], [22.0068, 52.4205], [22.0258, 52.4241], [22.0249, 52.4412], [22.0016, 52.4696], [21.8966, 52.4281], [21.8584, 52.4444], [21.9752, 52.3966], [22.0116, 52.4193], [21.9723, 52.4213], [22.0084, 52.389], [21.9781, 52.3913], [21.9964, 52.3968], [21.9613, 52.4169], [21.9817, 52.4452], [21.9317, 52.4106], [21.9982, 52.4191], [22.0325, 52.4143], [22.0213, 52.4305], [21.9705, 52.4135], [21.9811, 52.4408], [21.9459, 52.4542], [21.982, 52.4067], [22.003, 52.423], [21.9922, 52.425], [21.9772, 52.4079], [21.9613, 52.4224], [21.9637, 52.438], [22.0013, 52.3647], [22.0493, 52.3928], [22.0726, 52.3764], [22.0137, 52.3994], [22.0187, 52.4256], [22.027, 52.4055], [22.0515, 52.4362], [21.9692, 52.4204], [21.9836, 52.4551], [22.05, 52.3938], [22.0172, 52.4285], [22.0455, 52.4366], [21.9907, 52.4165], [21.9723, 52.4161], [21.9694, 52.4347], [21.994, 52.4215], [22.0055, 52.4678], [22.0021, 52.5014], [21.938, 52.4248], [21.8029, 52.3709], [21.8221, 52.4342], [22.0323, 52.3991], [22.0321, 52.41], [22.0413, 52.4255], [22.0031, 52.4269], [21.9431, 52.4239], [21.9474, 52.4518], [21.9679, 52.4057], [21.9571, 52.3955], [21.958, 52.431], [21.9616, 52.4383], [21.9054, 52.4135], [21.8477, 52.425], [22.0132, 52.4184], [21.9264, 52.4342], [21.9395, 52.4537], [21.9603, 52.449], [21.9345, 52.4848], [21.8534, 52.4592], [21.9484, 52.3787], [21.9818, 52.3271], [21.9566, 52.3102], [21.9718, 52.4073], [21.9431, 52.4162], [21.9103, 52.419], [21.9712, 52.4062], [21.9578, 52.4287], [21.9288, 52.4171], [21.9957, 52.3937], [21.9852, 52.3999], [21.99, 52.3898], [22.0175, 52.3951], [21.982, 52.3533], [22.0185, 52.362], [22.0595, 52.3039], [22.056, 52.3766], [21.9459, 52.288], [21.9773, 52.4082], [21.9789, 52.3634], [21.9388, 52.3871], [21.9534, 52.4371], [21.9197, 52.3912], [21.8698, 52.4236], [21.9608, 52.3857], [21.9675, 52.3761], [21.9623, 52.3639], [21.9841, 52.4045], [21.9747, 52.3971], [21.9673, 52.387], [21.9742, 52.4037], [21.9821, 52.3928], [21.9659, 52.3875], [21.9722, 52.3958], [21.9587, 52.3958], [21.9523, 52.3769], [21.9639, 52.4237], [21.9522, 52.41], [21.9459, 52.3875], [21.9804, 52.3966], [21.9838, 52.4143], [21.9601, 52.3958], [21.9742, 52.409], [22.0166, 52.3686], [22.0135, 52.3588], [21.985, 52.3734], [21.9534, 52.3452], [22.0221, 52.3495], [22.0194, 52.4087], [22.0036, 52.375], [22.0057, 52.3657], [21.9944, 52.3891], [22.012, 52.3872], [22.0242, 52.3843], [21.9771, 52.381], [22.025, 52.3818], [22.0185, 52.3681], [21.952, 52.3831], [21.9738, 52.3545], [22.0, 52.3255], [22.0087, 52.3761], [22.0099, 52.346], [22.0541, 52.3486], [22.0039, 52.3837], [21.9895, 52.3911], [21.973, 52.3907], [21.9757, 52.3858], [21.9966, 52.3634], [22.0292, 52.3565], [22.0134, 52.385], [21.9723, 52.3659], [21.9602, 52.3519], [21.9792, 52.3905], [21.9567, 52.3921], [21.9545, 52.3769], [21.9924, 52.385], [22.0209, 52.3813], [22.0206, 52.3671], [21.9919, 52.3642], [22.0415, 52.3755], [22.0712, 52.3671], [22.0118, 52.3959], [22.0351, 52.3856], [22.0135, 52.3815], [22.0091, 52.3924], [22.0061, 52.3745], [22.0142, 52.3745], [21.9781, 52.3725], [22.0485, 52.3773], [22.0683, 52.363], [29.7614, 49.1451], [29.7649, 49.0905], [29.7942, 49.0864]]]}}, {"type": "Feature", "properties": {"regionId": "128"}, "geometry": {"type": "Polygon", "coordinates": [[[36.2848, 48.5282], [22.0014, 52.4014], [36.286, 48.5294], [36.2844, 48.5286], [36.2848, 48.5282]]]}}, {"type": "Feature", "properties": {"regionId": "34"}, "geometry": {"type": "Polygon", "coordinates": [[[27.8944, 49.2799], [22.0735, 52.3761], [22.0286, 52.4327], [22.148, 52.3875], [22.0169, 52.4352], [21.9331, 52.4423], [21.9843, 52.4634], [22.0037, 52.3828], [22.0139, 52.3768], [22.0342, 52.3833], [22.0136, 52.3981], [22.0171, 52.3907], [22.0349, 52.3986], [22.0033, 52.4383], [22.0326, 52.3928], [22.0576, 52.4065], [22.0234, 52.4051], [22.0325, 52.405], [22.0413, 52.3893], [22.0019, 52.3963], [22.0322, 52.398], [22.0427, 52.3907], [22.0401, 52.3894], [22.0711, 52.4112], [22.1074, 52.3806], [21.9756, 52.369], [22.0586, 52.3808], [22.0733, 52.3542], [21.9897, 52.387], [22.0505, 52.3579], [22.0327, 52.382], [22.0088, 52.4106], [22.0121, 52.4062], [22.0164, 52.3972], [22.021, 52.4081], [22.0087, 52.4174], [22.0363, 52.4167], [21.9846, 52.4092], [22.0202, 52.4372], [22.032, 52.4255], [22.0083, 52.3901], [21.9995, 52.3832], [22.0327, 52.381], [21.9981, 52.3855], [22.002, 52.3676], [22.0249, 52.3787], [21.9968, 52.409], [21.9841, 52.4214], [22.0071, 52.4111], [22.0029, 52.3916], [22.0248, 52.3797], [22.0406, 52.375], [22.0055, 52.4058], [21.9958, 52.4113], [22.0114, 52.4125], [22.0164, 52.3969], [22.0581, 52.3743], [22.0669, 52.3912], [22.0422, 52.4414], [21.8798, 52.4469], [21.9943, 52.4773], [22.0421, 52.3854], [22.0919, 52.4245], [22.1181, 52.3972], [22.0053, 52.4236], [22.015, 52.4119], [22.0327, 52.4097], [22.0109, 52.4033], [22.0877, 52.4068], [22.0648, 52.4144], [21.9805, 52.4104], [21.9908, 52.4275], [22.0057, 52.4088], [22.0244, 52.372], [22.1487, 52.4205], [22.111, 52.4361], [21.9384, 52.4196], [22.0362, 52.4326], [21.9964, 52.45], [21.9581, 52.4645], [22.0557, 52.4799], [21.9737, 52.5351], [21.9758, 52.4004], [21.9797, 52.4099], [21.9943, 52.4139], [22.095, 52.4783], [22.0124, 52.431], [22.0078, 52.4916], [21.9543, 52.4075], [22.0166, 52.4231], [21.995, 52.4449], [21.9743, 52.3947], [21.9892, 52.4098], [21.9929, 52.4194], [21.9967, 52.404], [21.9812, 52.4084], [21.9851, 52.4134], [21.9648, 52.4045], [21.9647, 52.4162], [21.9559, 52.4301], [21.9427, 52.4235], [21.9661, 52.3618], [21.8883, 52.3685], [21.9708, 52.3727], [21.965, 52.4183], [21.9659, 52.3662], [21.9788, 52.38], [21.9819, 52.3755], [21.9559, 52.3908], [21.9818, 52.3816], [21.932, 52.4171], [21.9324, 52.4], [21.9498, 52.4227], [21.9802, 52.3676], [21.9367, 52.3653], [21.9822, 52.4073], [21.9658, 52.4279], [21.9516, 52.4458], [21.9632, 52.3868], [21.9537, 52.386], [21.9346, 52.4009], [21.9714, 52.3992], [21.9555, 52.4068], [21.9488, 52.387], [21.9954, 52.3609], [21.9501, 52.3782], [21.9146, 52.387], [21.9794, 52.4105], [21.9289, 52.3911], [21.9338, 52.4148], [21.9841, 52.4192], [21.9589, 52.3558], [21.958, 52.3796], [21.9265, 52.4029], [21.8753, 52.3731], [21.7965, 52.3806], [21.9755, 52.4145], [21.9376, 52.4093], [21.9139, 52.3972], [21.9863, 52.3969], [21.9577, 52.4043], [21.9609, 52.3894], [21.9614, 52.3971], [21.9481, 52.394], [21.9232, 52.3847], [22.0522, 52.3541], [21.8732, 52.3613], [21.9765, 52.3097], [22.0183, 52.3975], [22.0313, 52.3583], [22.0064, 52.3676], [21.994, 52.3792], [21.9743, 52.3743], [21.9601, 52.3593], [21.9883, 52.3867], [22.0297, 52.3849], [22.0327, 52.3718], [21.9832, 52.3919], [22.0092, 52.3816], [21.9965, 52.3764], [21.9821, 52.376], [21.9552, 52.4233], [21.9488, 52.3884], [21.985, 52.3727], [22.0163, 52.3719], [22.0512, 52.3722], [21.9811, 52.3805], [21.9142, 52.3469], [21.9979, 52.3486], [22.0036, 52.3887], [22.0236, 52.4054], [22.0292, 52.3907], [27.8698, 49.2687], [27.8985, 49.3032], [27.8944, 49.2799]]]}}, {"type": "Feature", "properties": {"regionId": "80"}, "geometry": {"type": "Polygon", "coordinates": [[[33.2957, 48.0274], [22.0227, 52.4353], [22.0263, 52.3809], [22.0576, 52.3921], [22.0023, 52.3822], [22.0032, 52.3184], [22.0334, 52.3662], [22.0315, 52.3964], [21.9899, 52.4199], [21.9858, 52.4306], [22.0358, 52.4153], [22.1432, 52.4009], [22.1402, 52.4379], [22.0655, 52.4063], [22.0637, 52.4119], [22.0711, 52.4426], [22.0453, 52.3742], [22.0469, 52.4096], [22.0299, 52.443], [21.952, 52.4038], [22.026, 52.4684], [21.9424, 52.4537], [22.0172, 52.4219], [21.9764, 52.4153], [21.9922, 52.431], [22.0115, 52.4121], [21.9943, 52.4282], [22.0278, 52.431], [22.0002, 52.4116], [21.9927, 52.4573], [21.9879, 52.4861], [21.96, 52.4887], [22.0521, 52.4965], [22.1437, 52.4847], [21.969, 52.4375], [22.0149, 52.4447], [22.0377, 52.4195], [22.0451, 52.4324], [22.1283, 52.4245], [22.0961, 52.4708], [22.1362, 52.4218], [21.9545, 52.4249], [21.9253, 52.4657], [21.9473, 52.3888], [21.9332, 52.4195], [21.9075, 52.4296], [21.9791, 52.4151], [22.0007, 52.4275], [21.9929, 52.4435], [22.1025, 52.3746], [22.0573, 52.4215], [22.1146, 52.4134], [22.0321, 52.415], [22.0152, 52.3795], [22.037, 52.3796], [22.0261, 52.4134], [22.0502, 52.3943], [22.0612, 52.4106], [22.0305, 52.4075], [22.0178, 52.3758], [22.0363, 52.3681], [22.04, 52.3968], [22.0108, 52.4251], [22.0206, 52.4343], [21.9994, 52.4343], [22.0856, 52.4931], [22.0135, 52.5088], [21.9574, 52.4395], [21.8918, 52.4247], [21.8349, 52.4324], [21.9673, 52.4209], [21.953, 52.4511], [21.9203, 52.412], [21.9778, 52.3942], [21.9889, 52.3763], [21.968, 52.3602], [21.9931, 52.4028], [21.9645, 52.4026], [21.9851, 52.3981], [21.9595, 52.3873], [21.9652, 52.4401], [21.899, 52.3986], [22.0198, 52.4569], [21.9609, 52.4325], [21.9239, 52.4384], [22.0103, 52.3597], [21.9868, 52.3853], [21.9537, 52.3963], [21.9432, 52.4053], [21.9795, 52.4131], [21.9445, 52.462], [22.0526, 52.4102], [22.0141, 52.4322], [22.0228, 52.4509], [21.9109, 52.449], [21.9571, 52.415], [21.9844, 52.4565], [21.9725, 52.4045], [21.9629, 52.4194], [21.9566, 52.4347], [21.9489, 52.449], [22.0169, 52.321], [21.9744, 52.3292], [21.9246, 52.3745], [21.99, 52.4222], [21.926, 52.413], [21.9851, 52.4084], [21.9948, 52.4282], [21.9936, 52.4379], [21.9899, 52.413], [21.9589, 52.4281], [21.9644, 52.4421], [21.9763, 52.4207], [21.9283, 52.4028], [21.9039, 52.4157], [21.9756, 52.4251], [21.9482, 52.4021], [21.9602, 52.4468], [21.9726, 52.4093], [21.9398, 52.3847], [21.9046, 52.3945], [21.9601, 52.4277], [21.9231, 52.3783], [21.8918, 52.3597], [21.8824, 52.326], [22.1808, 52.3568], [22.0996, 52.3042], [21.9242, 52.3869], [21.9446, 52.3831], [21.9523, 52.3403], [22.0216, 52.3676], [21.9519, 52.3865], [22.0299, 52.3625], [22.0211, 52.3994], [21.9641, 52.3776], [21.9409, 52.3778], [21.9814, 52.3882], [21.9084, 52.4007], [21.9317, 52.3671], [22.0302, 52.3939], [21.9828, 52.389], [22.0128, 52.3866], [22.041, 52.408], [22.0022, 52.3497], [22.0583, 52.3635], [22.0074, 52.3863], [22.0107, 52.4008], [22.0206, 52.4046], [22.0148, 52.3846], [22.0455, 52.3899], [22.0448, 52.3736], [22.0225, 52.3507], [22.0017, 52.3328], [21.9267, 52.331], [21.9596, 52.392], [22.0163, 52.3329], [21.9793, 52.3037], [22.0523, 52.3997], [22.018, 52.3762], [21.983, 52.3815], [22.0025, 52.3921], [22.0082, 52.3748], [21.9907, 52.3741], [22.0227, 52.3847], [22.0388, 52.3824], [22.0462, 52.3611], [22.0133, 52.4048], [22.0334, 52.3982], [22.0491, 52.407], [21.9998, 52.4079], [22.0125, 52.4138], [22.0036, 52.4032], [22.0167, 52.3715], [21.9663, 52.3895], [21.9488, 52.381], [22.0127, 52.389], [21.988, 52.3841], [21.9779, 52.3926], [21.9924, 52.3924], [21.9949, 52.3611], [21.9751, 52.3537], [22.0023, 52.3837], [22.0333, 52.3798], [22.027, 52.356], [21.9759, 52.4062], [21.9998, 52.3947], [21.9958, 52.3898], [22.0037, 52.3936], [21.9932, 52.3764], [22.0107, 52.3704], [22.0049, 52.3806], [21.9899, 52.3777], [22.0263, 52.369], [22.0584, 52.3734], [22.0925, 52.4432], [22.1394, 52.4333], [22.0815, 52.395], [22.0887, 52.4809], [22.0982, 52.3866], [22.0984, 52.4059], [22.0088, 52.3591], [22.027, 52.3241], [21.998, 52.3808], [21.9515, 52.3936], [21.968, 52.3648], [21.9997, 52.3689], [22.017, 52.3676], [22.0605, 52.3727], [21.9951, 52.3625], [22.0345, 52.3625], [22.0363, 52.3306], [22.0282, 52.3879], [21.9958, 52.3297], [22.0014, 52.3116], [33.2705, 47.987], [33.251, 48.0278], [33.2957, 48.0274]]]}}, {"type": "Feature", "properties": {"regionId": "91"}, "geometry": {"type": "Polygon", "coordinates": [[[23.6536, 49.3914], [21.8682, 52.4303], [21.9744, 52.3742], [21.8883, 52.3597], [21.9914, 52.3966], [21.8764, 52.4074], [21.8705, 52.3847], [22.012, 52.3799], [21.9522, 52.3908], [21.9545, 52.3829], [21.9692, 52.381], [21.9378, 52.4228], [21.9274, 52.3935], [21.9795, 52.3665], [21.9552, 52.3885], [21.9808, 52.3588], [21.9901, 52.3871], [21.9859, 52.3926], [21.9723, 52.3736], [21.9939, 52.3854], [21.9993, 52.3824], [21.9872, 52.3699], [21.9852, 52.3943], [21.9703, 52.4122], [21.9459, 52.4102], [21.9765, 52.3981], [21.9901, 52.3811], [21.973, 52.3783], [21.987, 52.3922], [21.9512, 52.3969], [21.9822, 52.3806], [22.0092, 52.3926], [21.9963, 52.4009], [21.9922, 52.4023], [22.0027, 52.394], [21.9874, 52.3906], [21.9915, 52.388], [22.0149, 52.3904], [21.999, 52.3921], [22.0057, 52.3829], [22.0198, 52.3919], [22.0421, 52.3864], [22.0477, 52.3695], [21.9867, 52.3967], [21.9874, 52.3865], [21.9836, 52.3778], [21.9986, 52.3936], [22.0289, 52.3919], [22.0085, 52.3852], [21.9908, 52.3836], [22.032, 52.3874], [22.0327, 52.3732], [22.0095, 52.3856], [22.0532, 52.3718], [22.0206, 52.3565], [21.9723, 52.3931], [21.9828, 52.3785], [21.9708, 52.3662], [21.9787, 52.3964], [21.9746, 52.3788], [21.9815, 52.3657], [22.0329, 52.371], [22.108, 52.306], [22.1153, 52.3695], [21.9915, 52.4271], [22.0251, 52.445], [21.9972, 52.4657], [22.0161, 52.4123], [22.0335, 52.41], [22.0391, 52.4259], [22.0268, 52.3926], [22.0204, 52.3901], [22.0456, 52.381], [22.009, 52.4202], [22.0496, 52.426], [22.0256, 52.4444], [21.9414, 52.4326], [22.0085, 52.4197], [22.0413, 52.4454], [22.0112, 52.3936], [22.0021, 52.3956], [21.9957, 52.3907], [21.9976, 52.3902], [22.0146, 52.3843], [22.0221, 52.3769], [22.013, 52.3926], [22.0464, 52.4028], [22.0612, 52.3921], [22.0457, 52.3878], [21.9719, 52.3456], [22.0114, 52.3394], [22.0156, 52.3858], [21.9913, 52.4246], [22.0406, 52.4134], [22.0232, 52.397], [22.0145, 52.4107], [22.0085, 52.4185], [22.0147, 52.4046], [22.011, 52.4219], [22.0213, 52.4218], [22.0095, 52.418], [21.976, 52.4233], [22.0071, 52.4301], [21.9844, 52.4128], [22.0638, 52.3793], [22.0598, 52.4046], [22.031, 52.4003], [22.0345, 52.4218], [22.0441, 52.4366], [22.004, 52.4088], [21.9653, 52.4168], [21.9772, 52.4241], [22.0109, 52.4215], [22.0789, 52.4255], [22.0783, 52.4592], [22.0018, 52.4079], [22.0256, 52.4027], [22.0363, 52.4056], [21.9985, 52.4043], [22.0177, 52.4191], [21.9993, 52.412], [21.9692, 52.4084], [22.0241, 52.4277], [22.027, 52.4361], [21.9785, 52.4163], [21.992, 52.4243], [21.9758, 52.437], [22.0051, 52.4142], [22.02, 52.4213], [22.0149, 52.4301], [21.9753, 52.3947], [21.9722, 52.4075], [21.9658, 52.4134], [21.9963, 52.4137], [21.9732, 52.3942], [21.9744, 52.413], [22.0098, 52.4194], [22.0507, 52.386], [22.0505, 52.4157], [21.9617, 52.4108], [21.9387, 52.3952], [21.9246, 52.4167], [23.7159, 49.3887], [23.6596, 49.3701], [23.6536, 49.3914], [23.7703, 49.3248], [22.0201, 52.3875], [22.0084, 52.3821], [21.9879, 52.3833], [23.7425, 49.3144], [23.7548, 49.3296], [23.7703, 49.3248], [23.6536, 49.3914]]]}}, {"type": "Feature", "properties": {"regionId": "153"}, "geometry": {"type": "Polygon", "coordinates": [[[32.5429, 49.1864], [22.0257, 52.4189], [21.9665, 52.4094], [22.01, 52.4278], [22.0096, 52.4229], [22.0312, 52.4763], [22.0562, 52.4329], [22.0229, 52.385], [22.0527, 52.3989], [22.0832, 52.3819], [22.0312, 52.383], [22.1485, 52.3666], [22.1174, 52.4032], [21.899, 52.4268], [21.9821, 52.4417], [21.9338, 52.4532], [21.9619, 52.4172], [22.0208, 52.4105], [22.0007, 52.4407], [21.9874, 52.446], [22.0891, 52.4288], [22.0826, 52.4717], [22.0163, 52.4007], [21.9982, 52.4057], [21.9986, 52.4106], [22.0126, 52.3989], [22.0076, 52.403], [22.005, 52.4083], [21.9989, 52.414], [22.0055, 52.4314], [21.9687, 52.4407], [21.9652, 52.4025], [22.0127, 52.4278], [21.9829, 52.4384], [21.9982, 52.4166], [22.0099, 52.414], [21.9964, 52.4236], [21.968, 52.4271], [21.8418, 52.4298], [21.8705, 52.493], [21.997, 52.4214], [21.9714, 52.4263], [21.9417, 52.4241], [21.9965, 52.432], [21.9788, 52.4323], [21.9352, 52.4227], [22.0031, 52.4342], [21.902, 52.4684], [21.9431, 52.4893], [22.0175, 52.3808], [22.0545, 52.4055], [22.0214, 52.4194], [22.0116, 52.427], [22.0036, 52.4273], [22.0121, 52.4532], [21.9849, 52.4149], [21.9494, 52.4288], [21.9417, 52.4472], [22.0079, 52.4214], [21.9813, 52.4318], [21.9779, 52.4421], [21.9916, 52.4284], [21.9829, 52.4022], [21.9673, 52.3949], [21.981, 52.4161], [21.9279, 52.439], [21.9609, 52.4588], [22.0027, 52.4058], [21.9702, 52.4101], [21.9758, 52.4194], [22.1171, 52.4093], [22.0037, 52.4414], [21.9481, 52.4463], [21.9605, 52.409], [21.9525, 52.4388], [21.9118, 52.4532], [22.0297, 52.4268], [21.9958, 52.4067], [21.9744, 52.4088], [21.9849, 52.3845], [21.9688, 52.3497], [21.9395, 52.3764], [21.9511, 52.4344], [21.9709, 52.3302], [21.9068, 52.3593], [22.0018, 52.3754], [22.0744, 52.3732], [22.0135, 52.3551], [21.9584, 52.3942], [21.9574, 52.3576], [21.9602, 52.3394], [22.0098, 52.4039], [22.0974, 52.4086], [22.0726, 52.3833], [21.9803, 52.4132], [21.9326, 52.3846], [21.9196, 52.3801], [22.0194, 52.3885], [22.0287, 52.3178], [21.9972, 52.3301], [21.9518, 52.4346], [21.9174, 52.411], [21.8833, 52.375], [21.9707, 52.3921], [22.0168, 52.3603], [21.9708, 52.3671], [21.9749, 52.3806], [21.9755, 52.3514], [21.9552, 52.3491], [22.0025, 52.375], [21.9916, 52.3516], [21.9865, 52.3334], [22.0153, 52.3945], [22.0328, 52.4006], [22.0242, 52.3792], [21.9575, 52.3834], [21.9713, 52.34], [21.9616, 52.3287], [22.0001, 52.3874], [21.9555, 52.3709], [21.9722, 52.3676], [22.016, 52.3985], [22.0161, 52.3928], [22.0178, 52.3829], [22.1448, 52.3986], [22.0844, 52.3675], [22.1807, 52.3222], [22.025, 52.3813], [22.0603, 52.3975], [22.0904, 52.388], [22.0045, 52.3884], [22.0345, 52.3565], [22.0484, 52.3764], [22.0142, 52.3943], [22.068, 52.346], [22.0605, 52.3454], [22.0229, 52.3953], [22.0542, 52.4142], [22.0648, 52.394], [22.0697, 52.3663], [22.0464, 52.3061], [22.1815, 52.3301], [32.4493, 49.2515], [32.4608, 49.1611], [32.5429, 49.1864]]]}}, {"type": "Feature", "properties": {"regionId": "131"}, "geometry": {"type": "Polygon", "coordinates": [[[34.0584, 46.0815], [22.0028, 52.4878], [22.0005, 52.5794], [21.99, 52.6601], [22.051, 52.4046], [22.1169, 52.4106], [22.1679, 52.4157], [21.9915, 52.4635], [21.9839, 52.5288], [21.8598, 52.4986], [21.986, 52.4224], [22.0231, 52.416], [22.0107, 52.4361], [21.9478, 52.4022], [21.9898, 52.4489], [21.9872, 52.4629], [22.1316, 52.3959], [22.0282, 52.4688], [22.0455, 52.5264], [21.9773, 52.4683], [22.0806, 52.4252], [22.1373, 52.4342], [22.0683, 52.3931], [21.9868, 52.4711], [22.0242, 52.4866], [22.0851, 52.4584], [22.1166, 52.5317], [22.2163, 52.5731], [22.0206, 52.467], [22.1623, 52.3605], [22.091, 52.5199], [21.9967, 52.4213], [21.9788, 52.4511], [22.0285, 52.4453], [22.0054, 52.4138], [21.9952, 52.4398], [21.9616, 52.4287], [21.9901, 52.4208], [21.984, 52.4396], [22.0278, 52.437], [21.9874, 52.4094], [22.0037, 52.4222], [21.9751, 52.4134], [21.9395, 52.3996], [21.9165, 52.3824], [21.9096, 52.3565], [21.9608, 52.3946], [21.9278, 52.4188], [21.9032, 52.3824], [21.9594, 52.4619], [21.9519, 52.5264], [21.9281, 52.5972], [21.5608, 52.3953], [21.9115, 52.2923], [21.6492, 52.1232], [21.91, 52.3773], [21.9467, 52.3026], [21.8541, 52.2769], [21.9013, 52.3514], [21.9076, 52.2497], [21.8485, 52.1894], [21.9384, 52.3982], [21.8682, 52.4044], [21.8228, 52.369], [21.974, 52.4224], [21.9452, 52.4256], [21.926, 52.4398], [21.9695, 52.3921], [21.9404, 52.3989], [21.978, 52.3764], [22.0024, 52.3874], [21.9922, 52.3755], [21.9893, 52.3644], [22.0139, 52.3896], [22.0194, 52.3905], [22.0192, 52.3736], [21.9532, 52.3727], [21.8455, 52.4425], [21.7873, 52.4153], [21.9662, 52.392], [22.0077, 52.3876], [22.0142, 52.3759], [22.0149, 52.3872], [22.0171, 52.3579], [22.0491, 52.3681], [22.0132, 52.3711], [21.9737, 52.3783], [21.9495, 52.3722], [22.0139, 52.3738], [21.9493, 52.358], [22.0313, 52.3486], [22.0115, 52.4044], [22.0057, 52.422], [22.0071, 52.4324], [22.0233, 52.3972], [22.0607, 52.4143], [22.0576, 52.3894], [22.072, 52.4206], [22.0572, 52.3782], [22.0704, 52.3454], [22.0787, 52.4088], [22.1415, 52.4284], [22.1366, 52.3593], [22.051, 52.3044], [21.7732, 52.3865], [21.8335, 52.2875], [22.0044, 52.3722], [21.9091, 52.3911], [21.9687, 52.3477], [22.0687, 52.404], [22.1404, 52.4311], [22.1337, 52.3676], [22.0847, 52.4214], [22.0945, 52.3944], [22.101, 52.3454], [22.0627, 52.3905], [22.1079, 52.4661], [22.1395, 52.4158], [22.0088, 52.3448], [22.0674, 52.2845], [22.1544, 52.2908], [33.9209, 46.1646], [33.9953, 46.1044], [34.0584, 46.0815]]]}}, {"type": "Feature", "properties": {"regionId": "122"}, "geometry": {"type": "Polygon", "coordinates": [[[36.5673, 49.3294], [22.0186, 52.4144], [22.0306, 52.3925], [22.0356, 52.4032], [21.9964, 52.4125], [22.0197, 52.4068], [22.027, 52.4111], [21.9956, 52.4198], [21.9866, 52.4215], [21.9665, 52.4301], [21.9857, 52.4085], [21.9927, 52.3984], [21.9865, 52.3903], [21.996, 52.3971], [21.9881, 52.4105], [21.9737, 52.4032], [21.9334, 52.4135], [22.0243, 52.4247], [21.9879, 52.4278], [21.9849, 52.4008], [22.0189, 52.4023], [22.0256, 52.3995], [22.0416, 52.3883], [22.0344, 52.3831], [22.0626, 52.4153], [22.0416, 52.3844], [22.0767, 52.4142], [22.0925, 52.4366], [22.0537, 52.3957], [22.0618, 52.3764], [22.0982, 52.4014], [22.0238, 52.4182], [22.0879, 52.4195], [22.0833, 52.4495], [22.0973, 52.4071], [22.0188, 52.3749], [22.0932, 52.3533], [22.0003, 52.4145], [22.011, 52.4084], [22.027, 52.4097], [22.0038, 52.4329], [22.0285, 52.4278], [22.0555, 52.4467], [21.981, 52.419], [22.0809, 52.4653], [22.0235, 52.468], [22.0059, 52.4175], [21.9597, 52.4523], [21.9729, 52.462], [22.022, 52.4052], [22.0477, 52.4143], [22.0519, 52.4278], [22.0269, 52.384], [22.0412, 52.3427], [22.0541, 52.3963], [22.0512, 52.3648], [22.0511, 52.4342], [22.0918, 52.4333], [22.0421, 52.4212], [22.0107, 52.4734], [22.0085, 52.5074], [21.9719, 52.4036], [21.9456, 52.4113], [21.9737, 52.425], [22.012, 52.4027], [22.0257, 52.4128], [22.0235, 52.4218], [21.9706, 52.4026], [21.9909, 52.4132], [21.9815, 52.4194], [21.9844, 52.4074], [22.0153, 52.4115], [22.0092, 52.4241], [21.9978, 52.4136], [21.9884, 52.4434], [22.0199, 52.4426], [22.0173, 52.4191], [21.9392, 52.4233], [21.9772, 52.4403], [22.0134, 52.4097], [22.0729, 52.4362], [22.0477, 52.4185], [21.9986, 52.3819], [22.0994, 52.3747], [22.0584, 52.4009], [22.0218, 52.4066], [22.0549, 52.4113], [22.0221, 52.4264], [22.0593, 52.4039], [22.0025, 52.4585], [22.0847, 52.4296], [22.0069, 52.4487], [21.9749, 52.4342], [22.0384, 52.4704], [22.0261, 52.4061], [22.0041, 52.4289], [22.0085, 52.4412], [22.0326, 52.4045], [22.0673, 52.4225], [22.0932, 52.4222], [22.068, 52.4268], [21.9355, 52.4457], [21.9531, 52.4856], [21.9841, 52.4326], [22.0731, 52.4863], [21.9765, 52.4537], [21.9685, 52.3743], [21.928, 52.391], [21.8861, 52.3894], [21.9577, 52.3584], [21.8936, 52.3361], [21.8186, 52.3176], [21.9663, 52.4152], [21.9535, 52.3903], [21.9196, 52.3903], [21.9298, 52.4028], [21.8513, 52.4093], [21.7851, 52.3833], [21.9814, 52.3806], [21.9467, 52.3758], [21.9146, 52.3718], [21.9934, 52.3905], [21.9794, 52.3778], [21.9715, 52.3782], [21.9401, 52.3937], [21.95, 52.3657], [21.9139, 52.3338], [21.9995, 52.3919], [22.0205, 52.3958], [22.0306, 52.3852], [22.009, 52.3991], [22.0483, 52.3876], [22.0242, 52.3926], [21.9926, 52.4013], [21.9655, 52.3877], [21.9851, 52.3921], [22.0173, 52.4018], [21.9963, 52.3806], [21.9872, 52.3815], [21.9588, 52.3992], [22.0361, 52.3834], [22.0107, 52.3843], [21.9517, 52.388], [22.0024, 52.3856], [21.9915, 52.3657], [21.9815, 52.3911], [21.9812, 52.3856], [21.9765, 52.3833], [21.9756, 52.3993], [21.9754, 52.4088], [21.9559, 52.3921], [21.9393, 52.4241], [21.9027, 52.3566], [21.9573, 52.3375], [22.0388, 52.4052], [22.0433, 52.3782], [22.0697, 52.3695], [21.9875, 52.39], [21.9749, 52.3963], [21.9794, 52.3796], [22.0383, 52.3838], [22.0074, 52.3748], [21.9872, 52.3574], [21.9822, 52.3942], [22.0057, 52.3826], [21.9851, 52.3759], [21.9814, 52.3984], [21.9687, 52.4061], [21.9637, 52.3843], [21.9702, 52.4109], [21.975, 52.396], [21.9708, 52.381], [21.9737, 52.3934], [21.9314, 52.4003], [21.9167, 52.3847], [22.0055, 52.3896], [21.9912, 52.3948], [21.9822, 52.3981], [21.9909, 52.378], [21.9632, 52.3474], [21.9907, 52.3283], [21.9685, 52.3871], [21.9419, 52.4015], [21.9139, 52.393], [21.9784, 52.4041], [21.9895, 52.4142], [21.9851, 52.4236], [21.9857, 52.4206], [21.95, 52.3993], [21.9182, 52.4056], [21.9739, 52.3792], [21.935, 52.4132], [21.9182, 52.4014], [21.8951, 52.3581], [22.0638, 52.367], [21.9737, 52.3357], [21.9958, 52.3922], [21.9663, 52.4043], [21.9559, 52.4106], [21.9872, 52.3962], [21.9701, 52.3958], [21.9651, 52.3875], [21.9797, 52.4065], [21.9496, 52.404], [21.9175, 52.4028], [22.0052, 52.3831], [22.0, 52.4014], [21.9943, 52.4042], [21.9869, 52.3546], [22.1209, 52.3775], [22.032, 52.3477], [22.0145, 52.382], [22.0891, 52.4103], [22.0733, 52.3634], [21.9861, 52.3944], [21.9389, 52.3985], [21.9837, 52.375], [22.0038, 52.3773], [22.0205, 52.3642], [22.0199, 52.3449], [22.0502, 52.3866], [21.9929, 52.3758], [21.9922, 52.3449], [22.0267, 52.3376], [22.0609, 52.4045], [22.1074, 52.3949], [22.0019, 52.3719], [22.0736, 52.3561], [22.0797, 52.3958], [22.0132, 52.4259], [22.099, 52.3891], [22.1174, 52.3746], [22.0239, 52.3986], [22.0107, 52.3727], [22.0128, 52.3611], [36.5169, 49.3222], [36.543, 49.314], [36.5673, 49.3294]]]}}, {"type": "Feature", "properties": {"regionId": "84"}, "geometry": {"type": "Polygon", "coordinates": [[[38.5703, 48.5166], [21.9977, 52.3996], [21.9967, 52.3987], [21.9979, 52.3972], [38.5733, 48.5088], [38.5807, 48.5212], [38.5703, 48.5166], [38.7432, 48.5861], [21.9971, 52.3952], [22.0121, 52.3936], [22.0128, 52.3972], [38.7577, 48.5873], [38.7457, 48.5887], [38.7432, 48.5861], [38.6884, 48.5782], [22.0126, 52.4073], [21.9675, 52.4111], [21.9843, 52.4046], [38.6848, 48.5662], [38.7219, 48.5587], [38.6884, 48.5782], [38.5703, 48.5166]]]}}, {"type": "Feature", "properties": {"regionId": "64"}, "geometry": {"type": "Polygon", "coordinates": [[[23.9731, 47.8344], [22.0123, 52.4183], [22.0159, 52.425], [21.9758, 52.4241], [22.0037, 52.4223], [21.9629, 52.442], [21.9644, 52.456], [22.0129, 52.4103], [22.0362, 52.3936], [22.0448, 52.4065], [21.9925, 52.4217], [21.9985, 52.4332], [21.9794, 52.4528], [22.0119, 52.4245], [22.0424, 52.4459], [22.0619, 52.4671], [22.0403, 52.4107], [21.9791, 52.4189], [21.9865, 52.4287], [22.0137, 52.3958], [22.027, 52.3803], [22.0491, 52.3958], [22.0004, 52.4183], [22.0296, 52.434], [22.0157, 52.4528], [22.0042, 52.414], [22.0318, 52.4124], [22.0341, 52.3968], [22.0144, 52.4055], [22.0011, 52.4251], [22.0278, 52.4204], [22.002, 52.394], [22.0037, 52.3829], [22.0192, 52.3847], [21.9991, 52.4087], [22.0058, 52.4148], [22.01, 52.4042], [21.9991, 52.4086], [22.0052, 52.4093], [22.0157, 52.412], [22.022, 52.4038], [22.0097, 52.426], [22.027, 52.4319], [21.9982, 52.4096], [21.9613, 52.408], [21.9893, 52.4227], [22.0552, 52.4694], [21.9856, 52.4369], [21.9907, 52.4907], [22.0013, 52.4174], [21.9773, 52.4227], [21.9829, 52.4389], [21.9951, 52.4243], [22.0266, 52.4147], [21.9865, 52.4403], [22.0272, 52.4339], [22.0233, 52.437], [21.973, 52.4273], [22.0018, 52.3772], [21.9583, 52.3979], [21.9509, 52.3769], [21.9842, 52.3936], [21.9595, 52.411], [21.9502, 52.3921], [21.9806, 52.3647], [21.9871, 52.3493], [21.9217, 52.3773], [21.9905, 52.4178], [22.0214, 52.4349], [22.0057, 52.4532], [21.9945, 52.4205], [22.0221, 52.4179], [21.9886, 52.4356], [21.9893, 52.3835], [21.951, 52.4022], [21.953, 52.3838], [22.0025, 52.3733], [21.9717, 52.3364], [21.9495, 52.3079], [22.0121, 52.3788], [21.9911, 52.3509], [21.9566, 52.3324], [21.9758, 52.4115], [21.992, 52.3833], [21.9715, 52.3898], [21.9889, 52.382], [21.9994, 52.399], [21.9765, 52.3991], [21.972, 52.4038], [21.9909, 52.3735], [21.9694, 52.3704], [21.966, 52.3944], [21.9946, 52.387], [21.9993, 52.3736], [21.9238, 52.3926], [21.9556, 52.3561], [21.9004, 52.3343], [22.0034, 52.3731], [21.9652, 52.38], [21.9658, 52.3597], [21.9696, 52.4004], [21.9744, 52.3853], [21.9587, 52.3676], [22.0143, 52.3968], [22.0047, 52.3883], [22.0064, 52.3829], [22.0182, 52.4036], [22.0059, 52.3867], [22.0164, 52.3875], [22.0418, 52.397], [22.0044, 52.3818], [21.9971, 52.3722], [21.9758, 52.4029], [21.9462, 52.4089], [21.936, 52.3894], [21.9996, 52.381], [21.972, 52.3698], [21.9737, 52.3533], [22.0097, 52.376], [22.0553, 52.3802], [22.0768, 52.3671], [22.0332, 52.3817], [22.0555, 52.3742], [22.101, 52.3833], [22.0188, 52.3954], [22.0355, 52.3739], [22.0583, 52.3782], [22.0404, 52.406], [22.0625, 52.4108], [22.1018, 52.4079], [22.0115, 52.3895], [22.0362, 52.3939], [22.0463, 52.3852], [22.0019, 52.3923], [22.0323, 52.3352], [22.0569, 52.3634], [23.9256, 47.8179], [23.9603, 47.8121], [23.9731, 47.8344]]]}}, {"type": "Feature", "properties": {"regionId": "103"}, "geometry": {"type": "Polygon", "coordinates": [[[29.6305, 47.2567], [22.0104, 52.3644], [22.0161, 52.3261], [22.0249, 52.2903], [21.9599, 52.3982], [21.9451, 52.3933], [21.9595, 52.3662], [22.0096, 52.3529], [22.0519, 52.3047], [21.948, 52.3102], [21.9612, 52.3984], [22.0297, 52.3743], [22.0235, 52.3486], [22.0262, 52.3975], [22.0175, 52.4057], [22.0178, 52.4176], [22.0326, 52.4015], [22.0725, 52.417], [22.0711, 52.3861], [22.0177, 52.3638], [21.9664, 52.352], [21.978, 52.3074], [22.0153, 52.3677], [21.9326, 52.3891], [21.9744, 52.3588], [22.1036, 52.4386], [22.0509, 52.3502], [22.148, 52.3926], [22.0319, 52.2492], [22.1819, 52.4223], [22.1701, 52.3176], [22.0208, 52.3423], [22.0573, 52.4244], [22.0854, 52.3787], [21.9208, 52.3616], [22.0251, 52.3766], [21.9943, 52.2889], [21.9648, 52.2891], [21.9991, 52.3391], [22.1523, 52.3241], [22.0875, 52.3953], [21.9262, 52.4633], [22.1324, 52.4523], [22.0545, 52.4089], [22.0778, 52.4096], [22.0761, 52.3699], [21.9794, 52.3963], [21.9403, 52.4028], [21.9559, 52.382], [22.0657, 52.4207], [22.0472, 52.3771], [22.0953, 52.3847], [21.9794, 52.4276], [21.9635, 52.4402], [22.0242, 52.4398], [21.9956, 52.4299], [21.9938, 52.4542], [21.9431, 52.4444], [21.9568, 52.4168], [22.0001, 52.4266], [22.0235, 52.4319], [22.0333, 52.4006], [22.0135, 52.4057], [22.0213, 52.4148], [22.0154, 52.3746], [22.0695, 52.3991], [22.1018, 52.4009], [22.0188, 52.4066], [21.9837, 52.471], [21.9637, 52.4676], [21.9296, 52.387], [21.9177, 52.4308], [21.9039, 52.4708], [22.0086, 52.432], [21.9656, 52.4155], [21.958, 52.4301], [21.9907, 52.4287], [22.0388, 52.4134], [21.9986, 52.4356], [21.9796, 52.3935], [21.9315, 52.4321], [21.9452, 52.3907], [21.9681, 52.4091], [21.9844, 52.4436], [21.9167, 52.425], [21.9253, 52.3821], [21.9581, 52.4741], [21.9324, 52.5055], [22.0475, 52.3984], [22.074, 52.417], [22.0548, 52.4481], [22.0095, 52.4542], [21.9236, 52.499], [21.9616, 52.5328], [22.001, 52.4151], [21.9766, 52.4167], [21.9922, 52.4014], [21.9858, 52.3945], [21.9804, 52.4057], [21.968, 52.4037], [22.0085, 52.3688], [21.9665, 52.4285], [21.9616, 52.4389], [21.9436, 52.3971], [21.9141, 52.3892], [21.884, 52.3653], [21.9523, 52.431], [21.9716, 52.4423], [21.9723, 52.475], [21.9193, 52.4309], [22.0216, 52.4543], [22.0726, 52.462], [21.9824, 52.4094], [21.9602, 52.4038], [21.9609, 52.4324], [21.9784, 52.3977], [21.9462, 52.3855], [21.9495, 52.4083], [21.9767, 52.3979], [21.9491, 52.3871], [21.9509, 52.4102], [22.0044, 52.4675], [21.9292, 52.4285], [21.8705, 52.4361], [21.9453, 52.3929], [21.8662, 52.3927], [21.8762, 52.3565], [21.9714, 52.4017], [21.985, 52.3798], [21.9929, 52.369], [22.0231, 52.4009], [22.0108, 52.4149], [22.0313, 52.4046], [22.0178, 52.3867], [21.9604, 52.3993], [21.9787, 52.3782], [29.6414, 47.2964], [29.625, 47.2789], [29.6305, 47.2567]]]}}, {"type": "Feature", "properties": {"regionId": "45"}, "geometry": {"type": "Polygon", "coordinates": [[[35.6139, 48.3875], [22.0157, 52.377], [22.0425, 52.3579], [22.0491, 52.394], [22.0457, 52.3964], [22.0403, 52.4371], [22.059, 52.4185], [22.0147, 52.3859], [22.0148, 52.38], [21.9907, 52.3718], [22.0136, 52.3846], [22.0303, 52.3556], [22.0555, 52.381], [22.0333, 52.3499], [22.0753, 52.4012], [22.1103, 52.3588], [22.0234, 52.3857], [22.0021, 52.3846], [21.9978, 52.375], [22.005, 52.3875], [22.0099, 52.376], [21.9829, 52.3782], [21.974, 52.4], [21.9686, 52.3978], [21.9872, 52.3838], [21.9925, 52.397], [21.9608, 52.3738], [21.963, 52.3884], [21.9881, 52.421], [21.979, 52.3904], [21.9708, 52.3833], [22.0149, 52.3737], [22.0283, 52.3824], [22.0541, 52.3815], [22.0095, 52.3971], [22.0275, 52.4026], [22.0164, 52.393], [21.9954, 52.3959], [22.0115, 52.3854], [21.9964, 52.3875], [21.9946, 52.3899], [22.0333, 52.3877], [22.0064, 52.3838], [21.9979, 52.3904], [22.0194, 52.3861], [22.0349, 52.3838], [21.9938, 52.4192], [21.9933, 52.4256], [22.0256, 52.4264], [21.9822, 52.436], [22.0097, 52.4507], [22.0249, 52.4717], [22.0857, 52.406], [21.9963, 52.414], [22.0519, 52.4231], [22.1212, 52.3791], [22.2686, 52.2847], [22.1708, 52.4231], [22.0008, 52.3992], [21.9774, 52.4266], [21.9915, 52.4259], [22.0017, 52.3869], [22.0359, 52.3851], [22.0477, 52.3857], [22.019, 52.3958], [21.9897, 52.384], [22.0043, 52.3773], [22.0096, 52.4045], [22.0066, 52.4029], [22.0085, 52.3972], [22.0108, 52.4042], [22.0103, 52.41], [22.0185, 52.4125], [22.029, 52.4127], [22.0286, 52.4066], [22.0555, 52.4074], [22.0381, 52.4047], [22.0579, 52.447], [22.0875, 52.4708], [22.0168, 52.4157], [22.032, 52.4221], [21.9986, 52.4329], [22.0145, 52.4129], [22.033, 52.4298], [22.0477, 52.4426], [21.943, 52.4302], [21.9249, 52.4235], [21.9523, 52.4639], [22.0252, 52.4173], [21.9238, 52.437], [21.8983, 52.4588], [21.9486, 52.4141], [22.0125, 52.4358], [21.9694, 52.4551], [22.044, 52.402], [21.9988, 52.4461], [21.9666, 52.443], [21.9116, 52.3914], [22.0151, 52.4245], [21.921, 52.4412], [21.9803, 52.4043], [22.0077, 52.4156], [22.0121, 52.4227], [21.9583, 52.4118], [21.9835, 52.4254], [22.0036, 52.4417], [21.9404, 52.4201], [21.9578, 52.4449], [21.921, 52.468], [21.9474, 52.4369], [21.9837, 52.39], [21.9701, 52.3875], [21.988, 52.4087], [21.9824, 52.3958], [21.9616, 52.4014], [21.9888, 52.4046], [21.9544, 52.3839], [21.9601, 52.3745], [21.9917, 52.3942], [21.9716, 52.4065], [21.9694, 52.4005], [21.9961, 52.3894], [21.9802, 52.3988], [21.9829, 52.3907], [22.0174, 52.3379], [21.997, 52.3293], [21.9175, 52.3477], [21.9759, 52.3947], [21.9031, 52.4147], [21.9075, 52.3847], [22.0629, 52.3822], [22.0452, 52.3823], [22.0093, 52.3611], [22.0319, 52.3845], [22.0502, 52.3662], [22.0178, 52.3482], [22.043, 52.3368], [21.9601, 52.3374], [21.9246, 52.2945], [22.0069, 52.3875], [21.9889, 52.3838], [21.9701, 52.3727], [22.0018, 52.3959], [22.023, 52.3836], [21.99, 52.3866], [21.9898, 52.3833], [22.0313, 52.3549], [21.9758, 52.3676], [22.0237, 52.3477], [22.0407, 52.3478], [21.9915, 52.3287], [36.2848, 48.5282], [21.9996, 52.4004], [22.0011, 52.4012], [22.0014, 52.4014], [36.2863, 48.5296], [36.2848, 48.5282], [36.2848, 48.5282], [35.6139, 48.3875]]]}}, {"type": "Feature", "properties": {"regionId": "110"}, "geometry": {"type": "Polygon", "coordinates": [[[26.1412, 51.1109], [22.0379, 52.4278], [22.089, 52.4324], [22.1501, 52.4305], [22.023, 52.4269], [21.9876, 52.4325], [21.9516, 52.4361], [22.005, 52.4406], [21.9448, 52.4079], [22.0036, 52.4662], [22.0087, 52.3962], [22.0145, 52.38], [22.0199, 52.4014], [22.0251, 52.3968], [21.9854, 52.3772], [21.9879, 52.375], [22.0373, 52.3955], [22.0039, 52.3818], [22.0619, 52.3968], [22.0157, 52.4012], [22.0316, 52.4091], [22.0427, 52.3986], [21.9865, 52.4101], [22.0207, 52.4126], [22.0285, 52.4148], [22.029, 52.4071], [21.9808, 52.4042], [21.9851, 52.4153], [21.9816, 52.4128], [22.0056, 52.4265], [22.0206, 52.4204], [22.0074, 52.4241], [22.0685, 52.4343], [22.0861, 52.4449], [22.0147, 52.4255], [21.9889, 52.439], [21.9331, 52.4245], [21.9699, 52.4283], [21.9956, 52.4543], [21.9288, 52.4421], [21.9356, 52.4251], [22.1016, 52.4025], [21.9189, 52.4926], [22.0782, 52.4127], [22.1029, 52.4102], [22.0491, 52.463], [22.0503, 52.436], [21.9725, 52.4741], [21.9281, 52.4657], [22.004, 52.4077], [21.9964, 52.4234], [21.9801, 52.4125], [21.9586, 52.3988], [22.0321, 52.439], [22.0548, 52.4486], [22.0157, 52.4162], [22.0463, 52.3844], [22.069, 52.3847], [22.0393, 52.3782], [22.0581, 52.4162], [22.0149, 52.425], [22.0057, 52.4115], [22.0336, 52.4281], [22.0398, 52.4329], [22.0589, 52.3912], [22.1179, 52.3954], [22.1053, 52.4472], [21.9473, 52.4141], [21.9172, 52.4262], [21.9289, 52.4694], [21.9748, 52.3752], [21.9002, 52.3791], [21.879, 52.3926], [21.9596, 52.4029], [21.9299, 52.3847], [21.899, 52.3972], [21.9752, 52.3867], [21.9894, 52.4108], [21.9722, 52.4102], [21.9722, 52.3965], [21.9546, 52.4505], [21.8997, 52.4375], [21.947, 52.4431], [21.9052, 52.391], [21.8413, 52.4056], [21.9808, 52.4088], [21.9508, 52.4032], [21.9317, 52.4092], [22.006, 52.4243], [21.9727, 52.4181], [21.9424, 52.4236], [22.0616, 52.335], [21.8415, 52.3857], [21.8307, 52.3658], [22.0076, 52.3849], [22.0616, 52.384], [22.0897, 52.3819], [22.0577, 52.3878], [21.9117, 52.3558], [21.9637, 52.3134], [21.9559, 52.3856], [22.025, 52.3713], [22.0, 52.3445], [22.0237, 52.4028], [22.0378, 52.4006], [22.0256, 52.3768], [21.9806, 52.3635], [21.9632, 52.3378], [21.9431, 52.3042], [21.9936, 52.3955], [21.9366, 52.3549], [21.9488, 52.3773], [21.8753, 52.4011], [22.1035, 52.3632], [22.0064, 52.3176], [21.9663, 52.3706], [22.0684, 52.3703], [21.9758, 52.3634], [21.9977, 52.3724], [22.0249, 52.3851], [22.0448, 52.3843], [22.0372, 52.4093], [21.9852, 52.381], [22.0235, 52.3898], [21.999, 52.3734], [22.0225, 52.3922], [22.0242, 52.369], [21.9766, 52.3424], [22.034, 52.3613], [22.0477, 52.3236], [22.0298, 52.4034], [21.998, 52.3876], [22.0064, 52.3829], [22.0059, 52.4051], [22.029, 52.4011], [22.0278, 52.4083], [21.9774, 52.4121], [22.0382, 52.4257], [22.0356, 52.4111], [21.984, 52.3715], [22.0546, 52.3761], [22.0726, 52.3917], [22.0283, 52.3847], [21.9811, 52.3847], [22.0043, 52.3736], [22.0024, 52.3916], [21.9737, 52.3812], [21.9943, 52.3801], [21.9909, 52.3774], [22.0453, 52.3772], [22.0448, 52.3671], [22.0016, 52.3963], [22.0035, 52.3911], [22.0142, 52.3931], [22.0011, 52.3893], [21.9971, 52.39], [22.0107, 52.3954], [21.9929, 52.3854], [22.0174, 52.3881], [22.037, 52.3736], [21.9978, 52.3855], [21.9944, 52.3837], [22.0121, 52.3718], [21.985, 52.38], [22.0237, 52.3805], [22.0484, 52.3782], [26.0683, 51.1014], [26.0909, 51.0845], [26.1412, 51.1109]]]}}, {"type": "Feature", "properties": {"regionId": "46"}, "geometry": {"type": "Polygon", "coordinates": [[[33.1733, 47.4585], [22.0372, 52.3933], [22.0776, 52.3909], [22.1096, 52.3908], [22.038, 52.4123], [22.05, 52.3978], [22.0178, 52.3805], [22.0083, 52.3924], [21.9854, 52.3792], [22.01, 52.3824], [22.0211, 52.392], [22.066, 52.4385], [22.0591, 52.3972], [21.9742, 52.3829], [22.0188, 52.3794], [22.0263, 52.3676], [21.9898, 52.3803], [22.0152, 52.3933], [22.0349, 52.3991], [21.9902, 52.4098], [21.9579, 52.4308], [21.9936, 52.4305], [22.2408, 52.4117], [22.0673, 52.4533], [22.1779, 52.4653], [22.0562, 52.415], [22.0795, 52.3943], [22.0897, 52.369], [21.9633, 52.4068], [21.9722, 52.321], [21.9957, 52.3509], [22.0285, 52.4063], [22.0361, 52.403], [22.0384, 52.3838], [22.0351, 52.3808], [22.1432, 52.413], [22.2007, 52.412], [22.1868, 52.4325], [22.057, 52.3615], [22.1359, 52.3546], [22.0388, 52.4063], [22.1478, 52.3834], [22.1352, 52.4222], [21.9978, 52.4414], [22.0146, 52.4668], [21.9487, 52.4768], [21.9629, 52.4187], [22.028, 52.4084], [22.0235, 52.4315], [22.0119, 52.4058], [21.9995, 52.4115], [21.9922, 52.4051], [21.9914, 52.4058], [21.9878, 52.413], [21.9758, 52.4153], [22.0084, 52.4193], [22.0318, 52.4176], [21.9907, 52.4213], [21.9486, 52.4183], [22.046, 52.4298], [21.9772, 52.4282], [21.9642, 52.3949], [21.9227, 52.415], [21.9082, 52.4315], [22.0114, 52.4186], [22.0267, 52.4507], [22.0776, 52.4467], [22.0143, 52.4041], [22.044, 52.4366], [22.0605, 52.4523], [21.9974, 52.4138], [21.9678, 52.405], [21.9715, 52.4306], [21.9966, 52.4287], [21.9873, 52.4388], [21.9672, 52.4463], [22.0096, 52.4135], [21.9832, 52.4254], [22.0121, 52.4255], [22.0035, 52.4062], [21.9859, 52.4255], [22.0036, 52.4241], [22.0244, 52.4091], [22.0401, 52.3926], [22.0491, 52.3995], [22.0144, 52.4277], [22.0408, 52.411], [22.0704, 52.4111], [22.0157, 52.4009], [22.0025, 52.407], [22.005, 52.4111], [22.0047, 52.4051], [22.0133, 52.4055], [22.0164, 52.412], [22.0257, 52.4084], [22.0401, 52.406], [22.0427, 52.4231], [21.9987, 52.4392], [22.0857, 52.4518], [21.9836, 52.4736], [21.9952, 52.4186], [21.9877, 52.407], [21.9559, 52.4153], [21.9858, 52.4114], [21.9712, 52.4301], [21.9409, 52.4222], [21.9841, 52.4245], [21.9887, 52.4638], [21.9353, 52.4417], [21.9824, 52.4541], [21.977, 52.4395], [21.9139, 52.4393], [22.0261, 52.4107], [21.9839, 52.448], [21.9523, 52.4352], [21.9946, 52.4174], [21.9964, 52.443], [21.9594, 52.4403], [21.9717, 52.381], [21.9687, 52.4109], [21.9331, 52.3972], [21.9966, 52.4183], [21.9961, 52.4344], [21.9616, 52.4245], [22.0328, 52.3582], [21.9414, 52.4003], [21.9452, 52.3685], [21.975, 52.4093], [21.9476, 52.4123], [21.9303, 52.3944], [21.9627, 52.4063], [22.0248, 52.4509], [21.9964, 52.4722], [21.9752, 52.397], [21.9549, 52.4056], [21.9566, 52.387], [22.0286, 52.3203], [21.9464, 52.3316], [21.9153, 52.3111], [22.0471, 52.375], [21.9244, 52.3909], [21.9438, 52.3588], [21.9546, 52.3897], [21.9002, 52.3881], [21.8584, 52.3782], [22.004, 52.389], [22.0458, 52.3664], [22.0142, 52.3695], [21.9701, 52.3526], [21.9686, 52.4153], [21.9666, 52.4338], [21.9463, 52.4104], [21.927, 52.4481], [21.9594, 52.3727], [21.9828, 52.3943], [21.9384, 52.3998], [21.9538, 52.3787], [22.027, 52.3965], [22.047, 52.4197], [22.0519, 52.4032], [21.9702, 52.3734], [21.881, 52.3897], [21.9168, 52.3361], [21.9935, 52.41], [21.9685, 52.4372], [21.9523, 52.4097], [21.9981, 52.3703], [21.9158, 52.4069], [21.9168, 52.3505], [22.0033, 52.3789], [21.984, 52.3919], [21.9701, 52.3829], [22.0154, 52.3745], [22.0017, 52.3575], [22.0057, 52.3389], [22.006, 52.3726], [22.0688, 52.4092], [22.0797, 52.3949], [22.0105, 52.3695], [21.9834, 52.3543], [22.0014, 52.3204], [21.9694, 52.4003], [21.9776, 52.3889], [21.9815, 52.3736], [22.012, 52.382], [21.9984, 52.3786], [21.9879, 52.3708], [22.0008, 52.3813], [22.0245, 52.3834], [22.0214, 52.362], [21.8536, 52.4065], [21.9298, 52.3212], [21.9189, 52.2713], [21.9865, 52.3944], [21.9763, 52.4014], [21.9687, 52.3875], [33.0652, 47.4566], [33.1896, 47.4992], [33.1733, 47.4585]]]}}, {"type": "Feature", "properties": {"regionId": "121"}, "geometry": {"type": "Polygon", "coordinates": [[[25.3528, 48.6962], [22.0114, 52.3991], [22.0191, 52.4005], [22.01, 52.4074], [22.0046, 52.4371], [22.0747, 52.3875], [22.1032, 52.4009], [21.9984, 52.4109], [21.9747, 52.4334], [22.0114, 52.4218], [22.044, 52.3884], [21.9901, 52.377], [22.0064, 52.363], [22.0332, 52.3929], [22.0484, 52.367], [22.0875, 52.3722], [22.0317, 52.3916], [22.042, 52.3651], [22.074, 52.3574], [22.0619, 52.3834], [21.9821, 52.3764], [21.9979, 52.3574], [22.0773, 52.3907], [22.0154, 52.3788], [22.0092, 52.3583], [22.0239, 52.3888], [22.0576, 52.3905], [22.0854, 52.3884], [22.0239, 52.3835], [22.0296, 52.348], [22.0448, 52.3935], [22.0383, 52.4489], [22.0745, 52.381], [22.1032, 52.363], [22.0072, 52.3924], [21.977, 52.3756], [22.0029, 52.3773], [22.1321, 52.3682], [22.0645, 52.4477], [22.1608, 52.4125], [22.0219, 52.407], [22.0044, 52.4257], [22.0171, 52.4361], [22.0346, 52.4147], [22.0299, 52.3666], [22.027, 52.3556], [21.9676, 52.384], [21.9978, 52.3701], [22.0185, 52.356], [22.0063, 52.3757], [22.0427, 52.3787], [22.0484, 52.4019], [21.9943, 52.4145], [21.9764, 52.4241], [21.9694, 52.438], [21.9905, 52.4203], [22.0259, 52.4315], [22.0384, 52.4102], [22.0266, 52.3791], [21.9829, 52.3264], [22.0434, 52.3213], [22.0334, 52.3881], [22.0749, 52.423], [22.1032, 52.407], [22.0078, 52.387], [22.0185, 52.3628], [22.042, 52.3824], [22.0136, 52.3976], [22.0269, 52.3859], [22.0413, 52.3935], [22.0143, 52.4367], [22.1099, 52.4183], [22.069, 52.4366], [21.9691, 52.3767], [21.9649, 52.4265], [21.9424, 52.4134], [22.0092, 52.3927], [22.0007, 52.3799], [21.9858, 52.3806], [22.0134, 52.4262], [21.9944, 52.4107], [21.9751, 52.4278], [26.373, 48.4386], [26.398, 48.4359], [26.3952, 48.4467], [21.9951, 52.405], [21.9919, 52.3995], [21.9865, 52.3986], [21.9901, 52.4054], [21.9996, 52.4123], [21.9772, 52.4139], [22.009, 52.4166], [21.9832, 52.4153], [21.968, 52.4232], [21.9992, 52.4105], [22.0426, 52.3929], [22.0278, 52.4139], [21.9897, 52.4027], [21.9751, 52.3941], [21.9673, 52.4032], [22.0052, 52.4037], [22.0357, 52.4112], [22.0157, 52.4181], [21.9889, 52.3947], [21.9822, 52.3887], [21.9694, 52.3889], [26.2937, 48.5115], [26.3214, 48.5226], [26.3119, 48.5305], [21.9941, 52.4063], [21.9592, 52.3852], [21.9637, 52.4083], [22.0141, 52.407], [21.9692, 52.397], [21.9779, 52.412], [22.0238, 52.4013], [22.0164, 52.4074], [22.0085, 52.4162], [22.0112, 52.4103], [22.0082, 52.4199], [22.0142, 52.431], [21.9945, 52.4038], [21.9717, 52.4092], [21.9836, 52.4157], [22.0048, 52.3952], [22.017, 52.3902], [22.0192, 52.3995], [21.9755, 52.4074], [21.9933, 52.4089], [21.9922, 52.4213], [21.9825, 52.4024], [21.9534, 52.4164], [21.9786, 52.4255], [22.0052, 52.378], [22.0312, 52.3942], [22.0078, 52.4065], [22.0001, 52.4175], [22.0236, 52.3917], [22.0313, 52.4028], [22.0071, 52.411], [21.9934, 52.4139], [21.9815, 52.4065], [21.9926, 52.4034], [21.9978, 52.4134], [21.9829, 52.4148], [22.004, 52.4157], [21.9959, 52.4178], [21.9794, 52.4264], [22.0149, 52.4083], [22.0105, 52.406], [22.0085, 52.4176], [22.0112, 52.4064], [21.9956, 52.4108], [21.9957, 52.419], [22.0029, 52.4075], [22.0268, 52.4033], [22.0199, 52.4143], [21.9888, 52.4103], [21.9842, 52.3961], [21.9744, 52.3935], [21.9933, 52.3997], [21.9767, 52.4149], [21.9907, 52.4143], [22.0177, 52.3973], [22.003, 52.4078], [22.005, 52.413], [22.002, 52.4084], [22.0147, 52.4152], [22.0142, 52.4245], [21.9662, 52.4148], [21.9484, 52.419], [21.9993, 52.4222], [22.0164, 52.4172], [21.9763, 52.4043], [21.9701, 52.4157], [21.9965, 52.4204], [22.0443, 52.3938], [22.0377, 52.4171], [21.9916, 52.406], [21.9703, 52.4163], [21.9929, 52.4204], [22.0001, 52.4117], [21.9719, 52.4134], [21.9751, 52.4264], [22.014, 52.4111], [22.0532, 52.4145], [22.01, 52.4171], [21.9994, 52.4097], [22.0116, 52.4188], [22.0107, 52.4305], [21.9983, 52.4131], [21.9884, 52.4214], [22.0, 52.4296], [21.9867, 52.4012], [21.9946, 52.4159], [21.9858, 52.4236], [22.0056, 52.4099], [22.0125, 52.3947], [22.0214, 52.4037], [21.978, 52.4107], [21.9871, 52.4174], [21.9715, 52.4338], [22.0094, 52.4169], [22.0165, 52.422], [22.0178, 52.4338], [22.0027, 52.4154], [22.0076, 52.4217], [22.0434, 52.4134], [21.9967, 52.4117], [22.0112, 52.414], [22.0128, 52.4231], [21.9832, 52.406], [21.9792, 52.4152], [22.0014, 52.4111], [21.9817, 52.4107], [22.0048, 52.4081], [21.9993, 52.4157], [21.9809, 52.4041], [21.9998, 52.4122], [21.9929, 52.4194], [21.9802, 52.4103], [21.9683, 52.421], [21.9787, 52.4384], [22.0392, 52.3892], [21.9922, 52.408], [22.0107, 52.4134], [22.0129, 52.4154], [21.9488, 52.4126], [21.9317, 52.4199], [21.9586, 52.3971], [21.9319, 52.377], [21.8705, 52.3792], [21.9479, 52.3889], [21.8975, 52.4116], [21.857, 52.4111], [21.9856, 52.3783], [21.9868, 52.3434], [22.0192, 52.3296], [22.0575, 52.3854], [21.9412, 52.3765], [21.9317, 52.369], [21.9896, 52.3784], [21.9794, 52.3653], [21.9808, 52.3426], [21.9865, 52.3877], [22.04, 52.394], [22.0121, 52.3792], [21.9767, 52.3868], [21.9564, 52.3421], [21.9353, 52.3644], [22.009, 52.3895], [21.9992, 52.3812], [21.9872, 52.3778], [21.9893, 52.3963], [21.9875, 52.4482], [21.9609, 52.4329], [21.9927, 52.4078], [21.9845, 52.4189], [21.9616, 52.406], [21.9873, 52.3827], [21.9889, 52.3858], [21.968, 52.3986], [21.9768, 52.4082], [21.969, 52.3927], [21.9886, 52.3879], [22.0218, 52.389], [22.0118, 52.3782], [21.9794, 52.3843], [22.005, 52.3716], [21.9406, 52.3888], [21.9132, 52.387], [21.9385, 52.4123], [22.0005, 52.4481], [21.9616, 52.4611], [21.9458, 52.4368], [21.9122, 52.4076], [21.8918, 52.393], [21.8955, 52.4516], [21.8944, 52.3991], [21.7915, 52.3912], [21.9452, 52.3968], [21.9029, 52.3915], [21.8548, 52.3907], [21.9903, 52.4056], [21.938, 52.4178], [21.9416, 52.407], [22.0003, 52.3901], [21.9958, 52.3951], [21.9822, 52.394], [21.9552, 52.3998], [21.8848, 52.4527], [21.8904, 52.3917], [22.0409, 52.3601], [22.0605, 52.3711], [22.126, 52.3537], [21.9933, 52.3901], [21.9799, 52.3752], [22.0057, 52.3699], [22.0072, 52.3641], [21.9428, 52.4056], [21.9232, 52.3944], [21.9473, 52.3652], [22.077, 52.3487], [22.0505, 52.3158], [22.0792, 52.413], [22.0343, 52.4196], [22.1174, 52.3875], [22.0115, 52.4104], [22.0496, 52.423], [22.0256, 52.3963], [22.0001, 52.3807], [22.0197, 52.3786], [22.0356, 52.3681], [21.9983, 52.3666], [21.9559, 52.397], [21.9943, 52.3357], [21.9951, 52.3865], [22.0161, 52.3778], [22.0327, 52.3852], [22.0145, 52.4108], [21.9924, 52.4199], [22.0021, 52.4292], [22.0246, 52.4087], [22.0259, 52.4159], [22.0213, 52.4296], [22.0176, 52.391], [22.0234, 52.3975], [22.0377, 52.4046], [22.035, 52.3944], [21.9477, 52.2949], [21.9993, 52.3171], [22.0039, 52.4298], [22.0619, 52.4194], [22.0648, 52.3954], [25.3319, 48.6999], [25.3562, 48.7129], [25.3528, 48.6962]]]}}, {"type": "Feature", "properties": {"regionId": "57"}, "geometry": {"type": "Polygon", "coordinates": [[[29.0378, 49.4632], [22.0271, 52.3812], [22.0741, 52.3918], [22.106, 52.3912], [22.0234, 52.39], [22.0391, 52.3978], [22.0655, 52.3968], [22.0211, 52.3948], [22.0444, 52.4041], [22.0576, 52.3968], [22.0113, 52.403], [22.0176, 52.4116], [22.0285, 52.4162], [22.0523, 52.3543], [22.0109, 52.4434], [22.0868, 52.4245], [22.0172, 52.3733], [22.0216, 52.4121], [22.0441, 52.3912], [22.0219, 52.4003], [22.0189, 52.4428], [22.0441, 52.438], [22.008, 52.401], [22.1512, 52.3849], [22.074, 52.4125], [22.0003, 52.4336], [22.0207, 52.4493], [21.9566, 52.4449], [21.9813, 52.4164], [22.0112, 52.4299], [22.0164, 52.4491], [21.9938, 52.4192], [21.978, 52.4377], [21.9687, 52.456], [21.9405, 52.3765], [21.9813, 52.4319], [21.9345, 52.4361], [21.9943, 52.4153], [21.9579, 52.4038], [21.9587, 52.3977], [22.0159, 52.3767], [21.9747, 52.3767], [21.9715, 52.4093], [21.926, 52.3978], [21.9574, 52.4254], [21.9438, 52.4565], [21.9735, 52.4359], [21.9393, 52.4615], [22.0384, 52.45], [22.0022, 52.4196], [22.0026, 52.4338], [21.9907, 52.4467], [22.0384, 52.4122], [22.0281, 52.4409], [21.9808, 52.4449], [22.0286, 52.4232], [22.0363, 52.4522], [21.9715, 52.4574], [22.0206, 52.4137], [21.9966, 52.4307], [21.9687, 52.4255], [22.0151, 52.413], [22.0014, 52.4138], [21.9815, 52.4088], [21.9764, 52.3961], [21.9964, 52.3599], [21.9915, 52.3454], [21.9726, 52.4017], [21.9693, 52.3903], [21.9659, 52.3787], [21.9826, 52.3946], [21.9613, 52.3907], [21.9466, 52.406], [21.9828, 52.3759], [21.9613, 52.4032], [21.9367, 52.4046], [21.9423, 52.3581], [21.9024, 52.3586], [21.9161, 52.4139], [22.0372, 52.4157], [21.9878, 52.4137], [22.0185, 52.431], [22.0331, 52.4571], [21.9414, 52.4117], [21.9182, 52.387], [21.9706, 52.3905], [22.0207, 52.3851], [21.9979, 52.3778], [21.9892, 52.3922], [21.9636, 52.3897], [21.9523, 52.4005], [21.9954, 52.382], [21.9573, 52.3872], [21.9566, 52.3685], [21.9981, 52.3531], [21.9467, 52.4084], [21.9139, 52.4009], [21.9693, 52.4015], [21.9619, 52.3651], [21.9303, 52.3871], [21.9779, 52.3906], [21.9548, 52.3849], [21.9175, 52.3991], [21.9775, 52.4034], [21.9078, 52.4107], [21.9253, 52.3847], [21.9528, 52.4017], [21.9557, 52.3812], [21.9317, 52.362], [21.9808, 52.392], [21.9966, 52.3795], [21.9929, 52.3662], [22.0018, 52.3783], [21.9674, 52.3624], [21.953, 52.3435], [21.9328, 52.4149], [21.9403, 52.4207], [21.8862, 52.3949], [21.9791, 52.3822], [21.9211, 52.3799], [21.9039, 52.3579], [22.0167, 52.3972], [22.0003, 52.3774], [21.9907, 52.3861], [22.0191, 52.4211], [21.9699, 52.4053], [21.9609, 52.4051], [21.9949, 52.4397], [21.9894, 52.4521], [21.9189, 52.4578], [22.0018, 52.414], [21.983, 52.4084], [21.9694, 52.4111], [21.9809, 52.4069], [21.9963, 52.3947], [21.9922, 52.3884], [21.995, 52.3938], [21.9755, 52.3892], [21.963, 52.3866], [22.0019, 52.3844], [21.9843, 52.3855], [21.9701, 52.3778], [21.9734, 52.3695], [21.9788, 52.3478], [21.9865, 52.3181], [21.9833, 52.3861], [22.0607, 52.3907], [22.0313, 52.3764], [22.0085, 52.3976], [22.0246, 52.404], [22.0327, 52.4083], [22.0649, 52.4076], [22.1328, 52.3799], [22.195, 52.4088], [22.0477, 52.412], [22.096, 52.3916], [22.1039, 52.4296], [22.0215, 52.3828], [22.0401, 52.3862], [22.0797, 52.3815], [22.0998, 52.3586], [22.0614, 52.4317], [22.1224, 52.4264], [22.0229, 52.4029], [22.019, 52.3925], [22.0356, 52.3856], [22.0589, 52.431], [22.0609, 52.3766], [22.0925, 52.3671], [22.0363, 52.4006], [22.0193, 52.4262], [22.0299, 52.4361], [22.0337, 52.4137], [22.0678, 52.3875], [22.0826, 52.3944], [22.0548, 52.4084], [22.0235, 52.3729], [22.0711, 52.4185], [21.9584, 52.4195], [22.0571, 52.4333], [22.0861, 52.437], [22.0225, 52.4677], [22.0524, 52.3985], [22.0953, 52.393], [22.0072, 52.3896], [22.0185, 52.3827], [22.0071, 52.3685], [22.011, 52.3979], [22.0333, 52.3835], [22.0114, 52.3713], [21.9802, 52.3908], [21.988, 52.386], [22.0085, 52.3824], [21.9912, 52.3829], [22.0088, 52.3707], [22.032, 52.3648], [22.0213, 52.3778], [21.9682, 52.3635], [21.9601, 52.3417], [21.9632, 52.3955], [22.0407, 52.3748], [22.0242, 52.3602], [29.0783, 49.503], [29.0463, 49.4789], [29.0378, 49.4632]]]}}, {"type": "Feature", "properties": {"regionId": "63"}, "geometry": {"type": "Polygon", "coordinates": [[[23.9731, 47.8344], [22.0111, 52.3965], [22.0115, 52.402], [22.0221, 52.4028], [22.0027, 52.3876], [22.0178, 52.3937], [22.0292, 52.4005], [22.0228, 52.3873], [22.0277, 52.3809], [22.0583, 52.3852], [22.0335, 52.3884], [22.0459, 52.3498], [22.0868, 52.3648], [22.0267, 52.404], [22.0585, 52.3968], [22.0754, 52.3801], [22.0225, 52.4084], [22.0449, 52.4089], [22.069, 52.4143], [22.0211, 52.4113], [22.0289, 52.4173], [22.0512, 52.4037], [22.0405, 52.4035], [22.0332, 52.4292], [22.0569, 52.4403], [22.0315, 52.4181], [22.0664, 52.4077], [22.1018, 52.3963], [22.0128, 52.3961], [22.0177, 52.411], [22.0292, 52.4083], [22.0087, 52.4045], [22.0254, 52.3925], [22.0256, 52.4037], [22.0191, 52.4297], [22.0111, 52.4637], [22.0655, 52.4782], [22.0099, 52.4203], [21.9691, 52.4534], [21.9367, 52.4597], [22.0013, 52.4121], [21.9886, 52.415], [21.9715, 52.418], [22.0061, 52.4093], [21.9934, 52.4192], [21.9822, 52.425], [21.9671, 52.4118], [22.0169, 52.4226], [21.9964, 52.4342], [22.0154, 52.4079], [22.013, 52.4148], [22.0192, 52.4259], [22.0121, 52.4054], [22.0216, 52.4042], [22.0093, 52.4153], [21.9676, 52.4211], [21.9388, 52.4086], [21.9488, 52.4435], [22.0086, 52.4169], [21.9608, 52.4223], [21.9523, 52.438], [21.9997, 52.407], [21.9774, 52.413], [21.9737, 52.4231], [21.9764, 52.4015], [21.9685, 52.4163], [21.9416, 52.4208], [21.9886, 52.4086], [22.0072, 52.4174], [21.9986, 52.4245], [21.9897, 52.4072], [21.9153, 52.4349], [21.9317, 52.4065], [21.9968, 52.39], [21.9833, 52.375], [21.9744, 52.3667], [21.9851, 52.4056], [21.9629, 52.4039], [21.948, 52.4139], [21.9464, 52.4079], [21.9661, 52.3739], [21.936, 52.3565], [21.995, 52.3852], [22.0354, 52.3936], [22.0114, 52.3764], [22.0031, 52.3778], [21.9684, 52.3773], [21.9658, 52.3634], [21.9922, 52.4155], [21.994, 52.3901], [21.9808, 52.3968], [21.992, 52.402], [22.0007, 52.4053], [21.9964, 52.4079], [21.9855, 52.3922], [22.0031, 52.4121], [21.9801, 52.4069], [21.9948, 52.4017], [21.9937, 52.3862], [21.995, 52.3829], [21.9926, 52.4044], [21.9885, 52.3901], [21.9893, 52.4014], [21.9953, 52.4135], [21.9545, 52.4081], [21.9722, 52.3917], [21.9949, 52.3826], [21.9856, 52.3659], [21.9744, 52.3505], [21.9793, 52.3907], [21.9683, 52.4018], [21.9587, 52.4074], [21.9874, 52.3849], [22.0519, 52.3936], [22.0057, 52.3625], [21.9722, 52.3832], [21.9381, 52.3528], [21.9495, 52.3278], [22.0205, 52.3904], [22.0028, 52.3763], [22.0142, 52.3611], [21.9912, 52.3872], [21.9682, 52.4038], [21.9552, 52.3935], [22.001, 52.3853], [22.0378, 52.3645], [22.0377, 52.3412], [23.9946, 47.867], [23.9793, 47.8435], [23.9731, 47.8344]]]}}, {"type": "Feature", "properties": {"regionId": "148"}, "geometry": {"type": "Polygon", "coordinates": [[[35.3328, 46.1551], [22.0665, 52.4696], [22.1282, 52.543], [22.2092, 52.605], [22.045, 52.4251], [22.1126, 52.4285], [22.1587, 52.4551], [22.0388, 52.4323], [22.1689, 52.482], [22.0889, 52.5143], [22.0406, 52.3565], [22.1208, 52.4046], [22.1679, 52.4264], [22.0693, 52.4114], [22.0587, 52.4355], [22.0434, 52.4759], [22.0321, 52.4046], [22.0823, 52.392], [22.0612, 52.4245], [22.0768, 52.4004], [22.0669, 52.4217], [22.0647, 52.4602], [22.0258, 52.4065], [22.0943, 52.4098], [22.0584, 52.4393], [22.0281, 52.4132], [22.0914, 52.418], [22.0263, 52.4329], [21.9948, 52.3869], [21.9616, 52.4079], [21.9516, 52.4079], [21.9911, 52.3856], [21.9444, 52.3853], [21.921, 52.3773], [21.9867, 52.4537], [22.1006, 52.4189], [22.0818, 52.4852], [22.0081, 52.4677], [21.8784, 52.361], [21.9225, 52.4791], [21.951, 52.418], [21.9399, 52.4569], [21.9253, 52.3884], [22.0348, 52.3867], [21.9586, 52.3685], [21.9474, 52.3634], [21.9817, 52.4307], [21.8658, 52.3977], [21.8271, 52.3972], [21.9952, 52.4379], [21.9871, 52.4729], [21.9473, 52.4986], [21.9733, 52.4311], [21.8135, 52.3778], [21.8805, 52.4491], [21.9313, 52.4006], [21.912, 52.4791], [21.8662, 52.4463], [21.9962, 52.3795], [21.9529, 52.4103], [21.9352, 52.4134], [22.0102, 52.3612], [21.9431, 52.3833], [21.9424, 52.338], [21.9461, 52.3845], [21.9577, 52.4248], [21.9082, 52.413], [22.0064, 52.3805], [22.0091, 52.3659], [21.9737, 52.3653], [21.9989, 52.3517], [21.9544, 52.3899], [21.9146, 52.3796], [22.0084, 52.3729], [21.9308, 52.3928], [21.9011, 52.3838], [22.0095, 52.4897], [21.9529, 52.4376], [21.9082, 52.4643], [21.9643, 52.4275], [21.8852, 52.4143], [21.8186, 52.3977], [21.9035, 52.3747], [21.9202, 52.4284], [21.8485, 52.4158], [22.0049, 52.381], [22.0183, 52.3566], [21.9744, 52.3611], [22.0056, 52.3801], [22.0536, 52.3906], [22.0419, 52.3532], [21.9999, 52.3525], [22.0536, 52.3437], [22.0655, 52.3074], [22.0343, 52.4022], [22.0671, 52.416], [22.064, 52.3838], [22.0645, 52.4163], [22.0506, 52.3856], [22.0605, 52.3556], [21.9969, 52.3708], [22.1565, 52.3259], [22.0107, 52.3162], [22.0548, 52.307], [21.8464, 52.3471], [21.8741, 52.2709], [22.2662, 52.4072], [22.0025, 52.314], [22.1174, 52.3009], [21.9737, 52.3262], [22.1902, 52.4226], [22.1367, 52.3551], [21.998, 52.368], [22.0214, 52.3717], [22.0626, 52.3769], [22.0092, 52.3825], [22.0753, 52.3651], [22.1081, 52.3713], [35.1634, 46.2624], [35.1316, 46.2474], [35.3328, 46.1551]]]}}, {"type": "Feature", "properties": {"regionId": "42"}, "geometry": {"type": "Polygon", "coordinates": [[[34.2876, 47.926], [21.9936, 52.4242], [22.0619, 52.4055], [22.0904, 52.4194], [21.9944, 52.4174], [21.9888, 52.4289], [22.0036, 52.4384], [22.0337, 52.415], [22.1731, 52.4018], [22.1259, 52.4222], [21.9829, 52.4224], [22.0301, 52.4096], [22.0363, 52.4269], [21.9601, 52.4027], [21.9298, 52.3771], [21.9289, 52.4384], [22.0275, 52.3915], [22.0673, 52.3751], [22.0441, 52.419], [22.0031, 52.4194], [22.0453, 52.4082], [22.0469, 52.4384], [22.0293, 52.3835], [22.0352, 52.4007], [22.0541, 52.3972], [22.0084, 52.4423], [22.0594, 52.3618], [22.0648, 52.4014], [21.9987, 52.4067], [21.9901, 52.4308], [22.0057, 52.4245], [22.0297, 52.3994], [21.9757, 52.4262], [21.9722, 52.4366], [22.0537, 52.3883], [21.9928, 52.5075], [21.9708, 52.5005], [22.0117, 52.3945], [21.9852, 52.4023], [21.995, 52.413], [21.9485, 52.3993], [21.9786, 52.4245], [22.0156, 52.4153], [22.0076, 52.4208], [22.028, 52.4091], [22.0377, 52.3972], [22.0202, 52.3986], [22.0416, 52.4053], [22.0491, 52.406], [22.0078, 52.3914], [22.0103, 52.4294], [22.0271, 52.4074], [22.0622, 52.3614], [22.0206, 52.4327], [22.0711, 52.3889], [22.014, 52.362], [22.0433, 52.4136], [22.0292, 52.4194], [21.9755, 52.4134], [21.9687, 52.4262], [21.9381, 52.4366], [21.9876, 52.4077], [21.9345, 52.4214], [21.9765, 52.4107], [22.0198, 52.4203], [21.9321, 52.4097], [21.9104, 52.4092], [22.0027, 52.4038], [21.9948, 52.4044], [21.9907, 52.4056], [22.0018, 52.3977], [22.0136, 52.3935], [22.005, 52.3926], [21.9928, 52.4176], [21.9589, 52.406], [21.9559, 52.4185], [22.0139, 52.4216], [22.0213, 52.4368], [22.0626, 52.4444], [22.0, 52.3902], [22.0388, 52.3944], [22.027, 52.4074], [21.9822, 52.3975], [21.9648, 52.3859], [21.9409, 52.3866], [21.9951, 52.4053], [22.0289, 52.418], [22.037, 52.4208], [22.0156, 52.423], [21.9633, 52.4196], [21.99, 52.3991], [21.9699, 52.3802], [21.9728, 52.4235], [21.9317, 52.394], [22.0093, 52.3943], [22.0264, 52.389], [22.0256, 52.3796], [21.9918, 52.3664], [21.9495, 52.4151], [21.9203, 52.4097], [21.9543, 52.4079], [21.9733, 52.4421], [21.9566, 52.4565], [21.9703, 52.3969], [21.9511, 52.4107], [21.9295, 52.4208], [21.9909, 52.3987], [21.983, 52.4027], [21.9843, 52.4088], [22.0324, 52.4446], [21.9346, 52.413], [21.9395, 52.4477], [22.0316, 52.4193], [21.9253, 52.4268], [21.9096, 52.4361], [21.9834, 52.4279], [21.9276, 52.3969], [21.9175, 52.4305], [22.0095, 52.42], [21.9995, 52.4445], [21.9594, 52.4301], [21.9822, 52.402], [21.977, 52.4174], [21.958, 52.4199], [21.992, 52.4287], [21.928, 52.4234], [21.8954, 52.437], [21.9476, 52.4422], [21.959, 52.3914], [21.9416, 52.3602], [21.9558, 52.3902], [22.0047, 52.3281], [21.9566, 52.3287], [21.9818, 52.4077], [21.9938, 52.4395], [21.9637, 52.4319], [21.9958, 52.3819], [21.9763, 52.3992], [21.9658, 52.3972], [21.9915, 52.3959], [21.978, 52.3907], [21.9644, 52.3917], [22.0024, 52.4307], [21.9767, 52.4161], [21.9601, 52.4245], [21.9742, 52.3998], [21.9721, 52.3679], [21.9317, 52.3736], [21.9657, 52.4296], [21.9507, 52.3829], [21.9751, 52.3606], [22.0285, 52.4119], [22.0127, 52.3745], [22.0413, 52.3764], [22.047, 52.4086], [22.0712, 52.3731], [22.1131, 52.369], [21.997, 52.3779], [22.04, 52.3952], [22.0591, 52.3945], [22.0163, 52.3651], [21.9521, 52.3814], [21.9537, 52.3625], [22.0122, 52.385], [21.9956, 52.3651], [21.9723, 52.3657], [21.9056, 52.349], [21.8568, 52.4233], [21.8911, 52.3514], [21.9579, 52.3923], [21.9437, 52.4184], [21.8854, 52.4018], [22.0091, 52.3837], [21.987, 52.3951], [21.9722, 52.3898], [21.998, 52.3906], [21.9986, 52.3788], [21.9872, 52.3764], [22.0091, 52.3594], [22.0241, 52.2841], [22.0228, 52.263], [21.9755, 52.3936], [21.98, 52.3819], [21.973, 52.3671], [21.9893, 52.3882], [22.0164, 52.382], [22.0127, 52.3671], [22.0673, 52.4162], [22.0192, 52.3728], [22.0406, 52.357], [22.0135, 52.3868], [22.0195, 52.3351], [22.0541, 52.3658], [22.013, 52.4114], [21.9973, 52.4511], [21.9986, 52.4643], [22.0617, 52.4151], [22.0583, 52.3711], [22.0349, 52.3435], [21.9991, 52.3642], [22.039, 52.4182], [22.0797, 52.394], [21.9946, 52.4103], [22.0601, 52.4189], [22.0576, 52.406], [22.0153, 52.4108], [21.9845, 52.4286], [22.0263, 52.4268], [22.0179, 52.3906], [21.999, 52.3621], [22.0413, 52.3787], [22.0094, 52.3762], [22.0284, 52.4014], [22.0484, 52.3935], [22.0304, 52.4084], [22.0235, 52.3723], [22.0299, 52.3625], [22.0483, 52.4149], [22.0275, 52.3846], [22.0562, 52.3829], [21.986, 52.3442], [22.0708, 52.4321], [22.074, 52.3417], [22.0742, 52.4338], [22.0364, 52.3586], [22.0847, 52.3607], [22.0337, 52.3988], [22.0402, 52.3603], [22.0847, 52.375], [34.2672, 47.9371], [34.2702, 47.9247], [34.2876, 47.926]]]}}, {"type": "Feature", "properties": {"regionId": "66"}, "geometry": {"type": "Polygon", "coordinates": [[[22.3238, 48.2167], [21.9963, 52.4193], [22.0157, 52.4148], [22.0299, 52.4259], [21.9868, 52.4269], [22.018, 52.4344], [22.0128, 52.4019], [22.0195, 52.3909], [22.0213, 52.4036], [22.0341, 52.4102], [22.0093, 52.3895], [22.0126, 52.3866], [22.0242, 52.3981], [22.0097, 52.3897], [22.0725, 52.3778], [22.0584, 52.3875], [21.9934, 52.4108], [22.0283, 52.4086], [22.027, 52.4259], [21.9657, 52.4024], [21.963, 52.4114], [21.9502, 52.4255], [21.992, 52.4055], [21.9641, 52.3962], [21.9851, 52.4088], [21.9708, 52.4061], [21.9566, 52.421], [21.9317, 52.4329], [21.9804, 52.4073], [22.0135, 52.4114], [22.0192, 52.413], [22.022, 52.4105], [22.0391, 52.3933], [22.0576, 52.3926], [22.0331, 52.4028], [22.0331, 52.415], [22.064, 52.4181], [22.0121, 52.3954], [22.0548, 52.3798], [22.0484, 52.3944], [22.5665, 48.3616], [22.6003, 48.3556], [22.5913, 48.3722], [21.9843, 52.4071], [21.9669, 52.4221], [21.9715, 52.4398], [21.9885, 52.4179], [22.0028, 52.3987], [22.0093, 52.4065], [22.0174, 52.4162], [22.0551, 52.413], [22.069, 52.425], [22.6346, 48.4495], [22.6571, 48.4561], [22.6632, 48.462], [21.9932, 52.4157], [22.0146, 52.4243], [22.0192, 52.438], [22.0002, 52.43], [22.0539, 52.3769], [22.1053, 52.3958], [22.0286, 52.3896], [22.0486, 52.3604], [22.0811, 52.3866], [21.9972, 52.4144], [21.985, 52.4274], [21.9979, 52.4421], [21.9882, 52.4152], [21.9985, 52.4286], [22.0093, 52.4444], [21.9942, 52.4127], [22.0026, 52.427], [22.0078, 52.4407], [22.0463, 52.4006], [21.9967, 52.4337], [22.0128, 52.4454], [22.8796, 48.6687], [22.8943, 48.6822], [22.8852, 48.6971], [21.9711, 52.4287], [21.9392, 52.4329], [21.9851, 52.4597], [21.998, 52.4154], [22.0032, 52.4205], [22.0263, 52.4259], [21.978, 52.416], [21.9827, 52.4347], [22.0121, 52.4435], [22.0371, 52.3878], [22.0152, 52.4322], [21.9957, 52.4356], [21.9771, 52.4048], [21.9469, 52.3871], [21.9459, 52.4139], [21.9785, 52.4093], [21.9602, 52.4177], [21.9324, 52.4338], [21.983, 52.404], [21.985, 52.3825], [21.9651, 52.3963], [21.9757, 52.4092], [21.9579, 52.3958], [21.9409, 52.3921], [21.9682, 52.4052], [21.9608, 52.4287], [21.9381, 52.4407], [21.932, 52.4482], [21.9254, 52.354], [21.926, 52.3269], [22.5401, 48.8515], [22.5107, 48.8622], [22.4981, 48.8517], [21.981, 52.3925], [21.9498, 52.3494], [21.9345, 52.3324], [22.0108, 52.3895], [21.9914, 52.3769], [21.9958, 52.3634], [21.9957, 52.3876], [21.9542, 52.386], [21.9602, 52.3667], [21.9959, 52.3512], [22.02, 52.346], [21.9644, 52.3079], [22.3433, 48.6063], [22.3682, 48.6055], [22.3679, 48.5921], [21.9852, 52.3779], [21.9891, 52.3469], [21.9409, 52.3435], [21.9519, 52.373], [21.9422, 52.3504], [21.8911, 52.3333], [21.9636, 52.3914], [21.9146, 52.1655], [21.9687, 52.2051], [22.0791, 52.426], [22.0332, 52.3969], [22.1025, 52.3981], [22.0017, 52.3893], [21.9874, 52.3809], [21.9744, 52.3773], [22.266, 48.2328], [22.2844, 48.2128], [22.3238, 48.2167]]]}}, {"type": "Feature", "properties": {"regionId": "90"}, "geometry": {"type": "Polygon", "coordinates": [[[23.7582, 49.3604], [22.0439, 52.4054], [22.0103, 52.4247], [21.9836, 52.4296], [22.0162, 52.404], [22.0312, 52.4033], [22.0512, 52.4028], [22.0005, 52.3881], [21.9894, 52.3793], [22.0071, 52.3769], [22.0178, 52.4102], [22.0157, 52.4356], [22.0306, 52.4051], [22.0142, 52.4314], [21.9257, 52.4511], [22.0007, 52.4903], [22.0128, 52.4043], [22.0243, 52.3951], [22.0185, 52.387], [22.0033, 52.397], [22.0269, 52.3987], [22.0135, 52.3931], [22.0093, 52.3877], [22.0596, 52.4001], [22.069, 52.3861], [22.0205, 52.3965], [22.0265, 52.4146], [22.047, 52.4222], [21.9744, 52.4037], [21.9697, 52.4182], [21.9523, 52.4213], [22.0002, 52.4047], [21.9897, 52.4205], [22.0007, 52.4171], [22.0542, 52.4124], [21.9766, 52.4466], [22.074, 52.4028], [22.0466, 52.3722], [22.0372, 52.4329], [22.0818, 52.3996], [22.046, 52.3109], [22.0814, 52.3616], [22.1487, 52.3403], [24.2273, 49.4189], [24.2766, 49.4209], [24.2776, 49.4243], [22.0, 52.3891], [22.0361, 52.3822], [22.0484, 52.3713], [22.0138, 52.3901], [22.0001, 52.3546], [22.0192, 52.363], [22.0447, 52.3971], [22.0856, 52.392], [22.1181, 52.4171], [21.9897, 52.4094], [21.9966, 52.4369], [22.01, 52.4241], [22.0159, 52.4004], [22.0369, 52.4122], [22.037, 52.4028], [22.0143, 52.4], [22.0005, 52.3895], [22.0036, 52.3806], [22.0088, 52.3883], [22.0437, 52.391], [22.0498, 52.4009], [22.0222, 52.4122], [22.0335, 52.4088], [22.0477, 52.3944], [22.0155, 52.3915], [22.035, 52.393], [22.0427, 52.3815], [22.0107, 52.393], [22.019, 52.3988], [22.0256, 52.4042], [22.017, 52.3918], [22.0389, 52.388], [22.0534, 52.3903], [22.0276, 52.4058], [21.9983, 52.4377], [22.0164, 52.4505], [21.9952, 52.4216], [21.993, 52.4283], [22.0342, 52.4273], [22.0186, 52.4013], [22.0349, 52.3993], [22.0412, 52.4158], [22.0095, 52.3975], [22.0206, 52.4021], [22.0278, 52.4055], [22.0045, 52.3961], [22.0, 52.3887], [22.0107, 52.394], [21.9919, 52.4089], [21.9935, 52.4118], [22.0064, 52.4143], [22.002, 52.4068], [22.0059, 52.4326], [21.9915, 52.4176], [21.9777, 52.4045], [22.0218, 52.4291], [21.9957, 52.4319], [21.9906, 52.3945], [21.9769, 52.418], [21.9979, 52.4093], [22.0132, 52.3983], [21.9913, 52.4034], [21.9943, 52.4069], [22.0117, 52.4012], [22.0228, 52.397], [22.0263, 52.3963], [22.0068, 52.3975], [22.0049, 52.427], [21.9829, 52.4245], [24.8463, 49.5497], [24.8533, 49.5271], [24.8248, 49.5386], [21.9651, 52.3982], [22.0021, 52.4575], [21.9388, 52.443], [21.9235, 52.3764], [21.9847, 52.3902], [21.953, 52.419], [21.987, 52.4057], [21.9821, 52.4039], [21.9744, 52.4023], [22.0039, 52.3977], [21.9802, 52.419], [21.9808, 52.4074], [21.9825, 52.4014], [21.9832, 52.4229], [21.9651, 52.4181], [21.9871, 52.4091], [21.9962, 52.4191], [21.9986, 52.4296], [21.9898, 52.4019], [21.9717, 52.4078], [21.9794, 52.4157], [22.0522, 52.4055], [21.9812, 52.4391], [21.9559, 52.4324], [21.9946, 52.4078], [21.9576, 52.4275], [21.9495, 52.4181], [21.9696, 52.3843], [21.9374, 52.3833], [21.9153, 52.4009], [21.9801, 52.4003], [21.9127, 52.4028], [21.9445, 52.4273], [22.0314, 52.3949], [22.025, 52.4145], [22.0519, 52.4097], [22.0511, 52.3883], [22.0174, 52.4466], [22.0384, 52.4606], [22.0157, 52.4166], [21.9786, 52.4202], [22.0178, 52.4338], [22.0254, 52.4123], [22.0071, 52.4348], [22.0484, 52.4264], [22.0312, 52.3939], [22.0423, 52.406], [22.0199, 52.419], [21.9894, 52.394], [21.9599, 52.3976], [21.9587, 52.4102], [22.0131, 52.4133], [21.9928, 52.4199], [21.9794, 52.4069], [21.9913, 52.4087], [21.9879, 52.419], [21.9765, 52.4245], [22.0103, 52.3985], [22.0121, 52.4078], [22.0128, 52.4125], [21.9131, 52.4235], [22.0415, 52.4154], [22.0733, 52.4092], [22.0085, 52.4484], [21.9379, 52.4412], [21.8911, 52.4417], [22.0595, 52.4269], [21.9837, 52.4355], [21.958, 52.4352], [21.9726, 52.3988], [21.9935, 52.3848], [21.9545, 52.387], [21.9927, 52.4062], [22.0218, 52.4186], [21.9886, 52.4176], [22.014, 52.4143], [21.983, 52.4049], [21.9858, 52.4208], [21.9867, 52.3931], [21.9235, 52.4114], [21.9274, 52.3908], [22.0012, 52.3807], [21.9731, 52.3786], [21.9687, 52.3616], [21.9922, 52.3498], [21.9461, 52.4383], [21.9246, 52.3944], [21.988, 52.3832], [22.0105, 52.3614], [21.9673, 52.3699], [22.0067, 52.4199], [22.0052, 52.4357], [21.973, 52.444], [21.9892, 52.4104], [21.9994, 52.4095], [22.0135, 52.4093], [22.0004, 52.4148], [22.0047, 52.4226], [22.0007, 52.4361], [21.9441, 52.4024], [21.8769, 52.3879], [21.8705, 52.4199], [21.9598, 52.3945], [21.937, 52.4005], [21.9253, 52.4278], [21.9307, 52.4129], [21.9299, 52.4116], [21.9054, 52.4514], [21.9602, 52.4133], [21.8742, 52.3755], [21.8812, 52.425], [21.9547, 52.4139], [21.9241, 52.3411], [21.8741, 52.3278], [21.9639, 52.3735], [21.8511, 52.3517], [21.9338, 52.3296], [22.0056, 52.3902], [22.0078, 52.3686], [22.0292, 52.3653], [22.0018, 52.4301], [22.0304, 52.4248], [22.0655, 52.4245], [22.0069, 52.3826], [22.014, 52.3663], [22.0462, 52.3676], [21.9953, 52.3881], [21.9911, 52.391], [22.015, 52.3889], [22.0063, 52.3967], [22.0059, 52.378], [22.0192, 52.3861], [22.0297, 52.3806], [22.0637, 52.3663], [22.0975, 52.3523], [22.0373, 52.3932], [22.0087, 52.3596], [22.0505, 52.3542], [22.0124, 52.3868], [21.9912, 52.3682], [22.0171, 52.3657], [22.0391, 52.3909], [22.0829, 52.38], [22.0897, 52.3583], [21.9895, 52.3915], [22.0162, 52.3928], [22.01, 52.3861], [21.9968, 52.395], [21.992, 52.3902], [22.0014, 52.387], [22.0029, 52.4023], [22.0175, 52.4191], [22.0135, 52.4083], [21.9822, 52.3854], [21.9951, 52.3701], [21.9765, 52.3528], [21.9712, 52.4072], [21.9832, 52.3809], [21.953, 52.3884], [21.9724, 52.4001], [22.0488, 52.3729], [21.9922, 52.3653], [21.9564, 52.4086], [21.9106, 52.3963], [21.8534, 52.4009], [21.9978, 52.4371], [21.9655, 52.3989], [21.9409, 52.4], [21.9827, 52.3981], [21.9977, 52.3763], [21.9744, 52.3824], [21.9995, 52.4124], [21.9746, 52.4185], [21.9602, 52.4287], [21.9836, 52.4047], [21.9984, 52.4427], [21.9573, 52.4213], [21.9766, 52.3913], [21.9325, 52.3221], [21.904, 52.3463], [21.972, 52.4035], [22.0137, 52.3874], [22.0078, 52.3773], [23.462, 49.646], [23.4774, 49.6392], [23.475, 49.6229], [21.9677, 52.3978], [21.9804, 52.3962], [21.99, 52.3833], [21.9846, 52.3877], [21.9828, 52.3757], [21.9836, 52.3616], [21.985, 52.3989], [21.9852, 52.3621], [22.005, 52.375], [22.0126, 52.4099], [22.0297, 52.4347], [22.0512, 52.4208], [22.0057, 52.3676], [22.0168, 52.3807], [22.0498, 52.375], [22.003, 52.3871], [22.0002, 52.3771], [22.0249, 52.3801], [21.993, 52.3896], [22.0059, 52.3726], [22.0171, 52.3852], [22.0008, 52.4077], [22.0373, 52.4133], [22.0327, 52.4088], [21.9769, 52.3866], [22.0289, 52.3912], [22.0121, 52.3722], [22.0077, 52.3796], [21.9511, 52.3756], [21.9957, 52.3667], [22.0056, 52.388], [22.03, 52.384], [22.0249, 52.369], [21.9885, 52.3769], [21.9934, 52.3548], [22.0256, 52.3579], [23.7321, 49.3882], [23.725, 49.3536], [23.7582, 49.3604]]]}}]}